task_id,dataset,classifier,ga_type,repeat_id,outer_fold_id,output_dir,command_json
0,lung_discrete_asu,2,0,0,0,..\Results\results_fs_uniform_positive_medium_highdim\lung_discrete_asu\standard_ga,"[""lung_discrete_asu"", ""2"", ""0"", ""--data-dir"", ""../Dataset/prepared_feature_selection"", ""--output-dir"", ""..\\Results\\results_fs_uniform_positive_medium_highdim\\lung_discrete_asu\\standard_ga"", ""--outer-folds"", ""4"", ""--inner-folds"", ""4"", ""--repeats"", ""3"", ""--seed"", ""1"", ""--shuffle"", ""true"", ""--popsize"", ""100"", ""--p-cross"", ""0.4"", ""--tournament-size"", ""3"", ""--tau-reset"", ""50"", ""--resetpop-rate"", ""0.99"", ""--local-search"", ""false"", ""--stop"", ""gen"", ""--max-gen"", ""100"", ""--edge-epsilon"", ""1e-06"", ""--save-generation-trace"", ""true"", ""--save-linkage-events"", ""false"", ""--save-graph-snapshots"", ""false"", ""--graph-snapshot-interval"", ""1"", ""--graph-snapshot-min-weight"", ""0.0"", ""--lr-gap-gen"", ""1"", ""--lr-min-samples"", ""10"", ""--lr-sparse-alpha"", ""0.001"", ""--lr-auto-alpha"", ""true"", ""--lr-alpha-c"", ""0.2"", ""--lr-delta"", ""0.05"", ""--lr-auto-min-samples"", ""true"", ""--lr-min-samples-c"", ""2.0"", ""--lr-stability-subsamples"", ""0"", ""--lr-stability-fraction"", ""0.75"", ""--lr-edge-min-weight"", ""0.0"", ""--lr-encoding"", ""binary"", ""--lr-solver"", ""auto"", ""--lr-matrix-free-threshold"", ""700"", ""--lr-matrix-free-max-iter"", ""8"", ""--lr-matrix-free-tol"", ""0.0001"", ""--lr-matrix-free-step-scale"", ""0.5"", ""--lr-matrix-free-dtype"", ""float32"", ""--build-building-blocks"", ""false"", ""--bb-weight-mode"", ""positive"", ""--bb-search-mode"", ""none"", ""--bb-min-block-size"", ""2"", ""--bb-max-blocks"", ""20"", ""--bb-snapshot-interval"", ""1"", ""--bb-external-penalty"", ""0.25"", ""--bb-size-penalty"", ""0.01"", ""--bb-pattern-top-fraction"", ""0.2"", ""--bb-pattern-min-support"", ""2"", ""--bb-refine-fraction"", ""0.2"", ""--bb-accept-equal-sparser"", ""true"", ""--bb-shuffle-blocks"", ""true"", ""--bb-signed-repair-probability"", ""0.75"", ""--pre-lr-explore"", ""false"", ""--pre-lr-mutation-multiplier"", ""3.0"", ""--pre-lr-immigrant-rate"", ""0.1"", ""--artifact-layout"", ""nested"", ""--write-aggregate-outputs"", ""false"", ""--lr-expected-edges"", ""60"", ""--lr-refit-expected-edges"", ""30"", ""--bb-gawll-update-interval"", ""10"", ""--bb-max-refine-trials"", ""10"", ""--repeat-id"", ""0"", ""--outer-fold-id"", ""0""]"
1,lung_discrete_asu,2,0,0,1,..\Results\results_fs_uniform_positive_medium_highdim\lung_discrete_asu\standard_ga,"[""lung_discrete_asu"", ""2"", ""0"", ""--data-dir"", ""../Dataset/prepared_feature_selection"", ""--output-dir"", ""..\\Results\\results_fs_uniform_positive_medium_highdim\\lung_discrete_asu\\standard_ga"", ""--outer-folds"", ""4"", ""--inner-folds"", ""4"", ""--repeats"", ""3"", ""--seed"", ""1"", ""--shuffle"", ""true"", ""--popsize"", ""100"", ""--p-cross"", ""0.4"", ""--tournament-size"", ""3"", ""--tau-reset"", ""50"", ""--resetpop-rate"", ""0.99"", ""--local-search"", ""false"", ""--stop"", ""gen"", ""--max-gen"", ""100"", ""--edge-epsilon"", ""1e-06"", ""--save-generation-trace"", ""true"", ""--save-linkage-events"", ""false"", ""--save-graph-snapshots"", ""false"", ""--graph-snapshot-interval"", ""1"", ""--graph-snapshot-min-weight"", ""0.0"", ""--lr-gap-gen"", ""1"", ""--lr-min-samples"", ""10"", ""--lr-sparse-alpha"", ""0.001"", ""--lr-auto-alpha"", ""true"", ""--lr-alpha-c"", ""0.2"", ""--lr-delta"", ""0.05"", ""--lr-auto-min-samples"", ""true"", ""--lr-min-samples-c"", ""2.0"", ""--lr-stability-subsamples"", ""0"", ""--lr-stability-fraction"", ""0.75"", ""--lr-edge-min-weight"", ""0.0"", ""--lr-encoding"", ""binary"", ""--lr-solver"", ""auto"", ""--lr-matrix-free-threshold"", ""700"", ""--lr-matrix-free-max-iter"", ""8"", ""--lr-matrix-free-tol"", ""0.0001"", ""--lr-matrix-free-step-scale"", ""0.5"", ""--lr-matrix-free-dtype"", ""float32"", ""--build-building-blocks"", ""false"", ""--bb-weight-mode"", ""positive"", ""--bb-search-mode"", ""none"", ""--bb-min-block-size"", ""2"", ""--bb-max-blocks"", ""20"", ""--bb-snapshot-interval"", ""1"", ""--bb-external-penalty"", ""0.25"", ""--bb-size-penalty"", ""0.01"", ""--bb-pattern-top-fraction"", ""0.2"", ""--bb-pattern-min-support"", ""2"", ""--bb-refine-fraction"", ""0.2"", ""--bb-accept-equal-sparser"", ""true"", ""--bb-shuffle-blocks"", ""true"", ""--bb-signed-repair-probability"", ""0.75"", ""--pre-lr-explore"", ""false"", ""--pre-lr-mutation-multiplier"", ""3.0"", ""--pre-lr-immigrant-rate"", ""0.1"", ""--artifact-layout"", ""nested"", ""--write-aggregate-outputs"", ""false"", ""--lr-expected-edges"", ""60"", ""--lr-refit-expected-edges"", ""30"", ""--bb-gawll-update-interval"", ""10"", ""--bb-max-refine-trials"", ""10"", ""--repeat-id"", ""0"", ""--outer-fold-id"", ""1""]"
2,lung_discrete_asu,2,0,0,2,..\Results\results_fs_uniform_positive_medium_highdim\lung_discrete_asu\standard_ga,"[""lung_discrete_asu"", ""2"", ""0"", ""--data-dir"", ""../Dataset/prepared_feature_selection"", ""--output-dir"", ""..\\Results\\results_fs_uniform_positive_medium_highdim\\lung_discrete_asu\\standard_ga"", ""--outer-folds"", ""4"", ""--inner-folds"", ""4"", ""--repeats"", ""3"", ""--seed"", ""1"", ""--shuffle"", ""true"", ""--popsize"", ""100"", ""--p-cross"", ""0.4"", ""--tournament-size"", ""3"", ""--tau-reset"", ""50"", ""--resetpop-rate"", ""0.99"", ""--local-search"", ""false"", ""--stop"", ""gen"", ""--max-gen"", ""100"", ""--edge-epsilon"", ""1e-06"", ""--save-generation-trace"", ""true"", ""--save-linkage-events"", ""false"", ""--save-graph-snapshots"", ""false"", ""--graph-snapshot-interval"", ""1"", ""--graph-snapshot-min-weight"", ""0.0"", ""--lr-gap-gen"", ""1"", ""--lr-min-samples"", ""10"", ""--lr-sparse-alpha"", ""0.001"", ""--lr-auto-alpha"", ""true"", ""--lr-alpha-c"", ""0.2"", ""--lr-delta"", ""0.05"", ""--lr-auto-min-samples"", ""true"", ""--lr-min-samples-c"", ""2.0"", ""--lr-stability-subsamples"", ""0"", ""--lr-stability-fraction"", ""0.75"", ""--lr-edge-min-weight"", ""0.0"", ""--lr-encoding"", ""binary"", ""--lr-solver"", ""auto"", ""--lr-matrix-free-threshold"", ""700"", ""--lr-matrix-free-max-iter"", ""8"", ""--lr-matrix-free-tol"", ""0.0001"", ""--lr-matrix-free-step-scale"", ""0.5"", ""--lr-matrix-free-dtype"", ""float32"", ""--build-building-blocks"", ""false"", ""--bb-weight-mode"", ""positive"", ""--bb-search-mode"", ""none"", ""--bb-min-block-size"", ""2"", ""--bb-max-blocks"", ""20"", ""--bb-snapshot-interval"", ""1"", ""--bb-external-penalty"", ""0.25"", ""--bb-size-penalty"", ""0.01"", ""--bb-pattern-top-fraction"", ""0.2"", ""--bb-pattern-min-support"", ""2"", ""--bb-refine-fraction"", ""0.2"", ""--bb-accept-equal-sparser"", ""true"", ""--bb-shuffle-blocks"", ""true"", ""--bb-signed-repair-probability"", ""0.75"", ""--pre-lr-explore"", ""false"", ""--pre-lr-mutation-multiplier"", ""3.0"", ""--pre-lr-immigrant-rate"", ""0.1"", ""--artifact-layout"", ""nested"", ""--write-aggregate-outputs"", ""false"", ""--lr-expected-edges"", ""60"", ""--lr-refit-expected-edges"", ""30"", ""--bb-gawll-update-interval"", ""10"", ""--bb-max-refine-trials"", ""10"", ""--repeat-id"", ""0"", ""--outer-fold-id"", ""2""]"
3,lung_discrete_asu,2,0,0,3,..\Results\results_fs_uniform_positive_medium_highdim\lung_discrete_asu\standard_ga,"[""lung_discrete_asu"", ""2"", ""0"", ""--data-dir"", ""../Dataset/prepared_feature_selection"", ""--output-dir"", ""..\\Results\\results_fs_uniform_positive_medium_highdim\\lung_discrete_asu\\standard_ga"", ""--outer-folds"", ""4"", ""--inner-folds"", ""4"", ""--repeats"", ""3"", ""--seed"", ""1"", ""--shuffle"", ""true"", ""--popsize"", ""100"", ""--p-cross"", ""0.4"", ""--tournament-size"", ""3"", ""--tau-reset"", ""50"", ""--resetpop-rate"", ""0.99"", ""--local-search"", ""false"", ""--stop"", ""gen"", ""--max-gen"", ""100"", ""--edge-epsilon"", ""1e-06"", ""--save-generation-trace"", ""true"", ""--save-linkage-events"", ""false"", ""--save-graph-snapshots"", ""false"", ""--graph-snapshot-interval"", ""1"", ""--graph-snapshot-min-weight"", ""0.0"", ""--lr-gap-gen"", ""1"", ""--lr-min-samples"", ""10"", ""--lr-sparse-alpha"", ""0.001"", ""--lr-auto-alpha"", ""true"", ""--lr-alpha-c"", ""0.2"", ""--lr-delta"", ""0.05"", ""--lr-auto-min-samples"", ""true"", ""--lr-min-samples-c"", ""2.0"", ""--lr-stability-subsamples"", ""0"", ""--lr-stability-fraction"", ""0.75"", ""--lr-edge-min-weight"", ""0.0"", ""--lr-encoding"", ""binary"", ""--lr-solver"", ""auto"", ""--lr-matrix-free-threshold"", ""700"", ""--lr-matrix-free-max-iter"", ""8"", ""--lr-matrix-free-tol"", ""0.0001"", ""--lr-matrix-free-step-scale"", ""0.5"", ""--lr-matrix-free-dtype"", ""float32"", ""--build-building-blocks"", ""false"", ""--bb-weight-mode"", ""positive"", ""--bb-search-mode"", ""none"", ""--bb-min-block-size"", ""2"", ""--bb-max-blocks"", ""20"", ""--bb-snapshot-interval"", ""1"", ""--bb-external-penalty"", ""0.25"", ""--bb-size-penalty"", ""0.01"", ""--bb-pattern-top-fraction"", ""0.2"", ""--bb-pattern-min-support"", ""2"", ""--bb-refine-fraction"", ""0.2"", ""--bb-accept-equal-sparser"", ""true"", ""--bb-shuffle-blocks"", ""true"", ""--bb-signed-repair-probability"", ""0.75"", ""--pre-lr-explore"", ""false"", ""--pre-lr-mutation-multiplier"", ""3.0"", ""--pre-lr-immigrant-rate"", ""0.1"", ""--artifact-layout"", ""nested"", ""--write-aggregate-outputs"", ""false"", ""--lr-expected-edges"", ""60"", ""--lr-refit-expected-edges"", ""30"", ""--bb-gawll-update-interval"", ""10"", ""--bb-max-refine-trials"", ""10"", ""--repeat-id"", ""0"", ""--outer-fold-id"", ""3""]"
4,lung_discrete_asu,2,0,1,0,..\Results\results_fs_uniform_positive_medium_highdim\lung_discrete_asu\standard_ga,"[""lung_discrete_asu"", ""2"", ""0"", ""--data-dir"", ""../Dataset/prepared_feature_selection"", ""--output-dir"", ""..\\Results\\results_fs_uniform_positive_medium_highdim\\lung_discrete_asu\\standard_ga"", ""--outer-folds"", ""4"", ""--inner-folds"", ""4"", ""--repeats"", ""3"", ""--seed"", ""1"", ""--shuffle"", ""true"", ""--popsize"", ""100"", ""--p-cross"", ""0.4"", ""--tournament-size"", ""3"", ""--tau-reset"", ""50"", ""--resetpop-rate"", ""0.99"", ""--local-search"", ""false"", ""--stop"", ""gen"", ""--max-gen"", ""100"", ""--edge-epsilon"", ""1e-06"", ""--save-generation-trace"", ""true"", ""--save-linkage-events"", ""false"", ""--save-graph-snapshots"", ""false"", ""--graph-snapshot-interval"", ""1"", ""--graph-snapshot-min-weight"", ""0.0"", ""--lr-gap-gen"", ""1"", ""--lr-min-samples"", ""10"", ""--lr-sparse-alpha"", ""0.001"", ""--lr-auto-alpha"", ""true"", ""--lr-alpha-c"", ""0.2"", ""--lr-delta"", ""0.05"", ""--lr-auto-min-samples"", ""true"", ""--lr-min-samples-c"", ""2.0"", ""--lr-stability-subsamples"", ""0"", ""--lr-stability-fraction"", ""0.75"", ""--lr-edge-min-weight"", ""0.0"", ""--lr-encoding"", ""binary"", ""--lr-solver"", ""auto"", ""--lr-matrix-free-threshold"", ""700"", ""--lr-matrix-free-max-iter"", ""8"", ""--lr-matrix-free-tol"", ""0.0001"", ""--lr-matrix-free-step-scale"", ""0.5"", ""--lr-matrix-free-dtype"", ""float32"", ""--build-building-blocks"", ""false"", ""--bb-weight-mode"", ""positive"", ""--bb-search-mode"", ""none"", ""--bb-min-block-size"", ""2"", ""--bb-max-blocks"", ""20"", ""--bb-snapshot-interval"", ""1"", ""--bb-external-penalty"", ""0.25"", ""--bb-size-penalty"", ""0.01"", ""--bb-pattern-top-fraction"", ""0.2"", ""--bb-pattern-min-support"", ""2"", ""--bb-refine-fraction"", ""0.2"", ""--bb-accept-equal-sparser"", ""true"", ""--bb-shuffle-blocks"", ""true"", ""--bb-signed-repair-probability"", ""0.75"", ""--pre-lr-explore"", ""false"", ""--pre-lr-mutation-multiplier"", ""3.0"", ""--pre-lr-immigrant-rate"", ""0.1"", ""--artifact-layout"", ""nested"", ""--write-aggregate-outputs"", ""false"", ""--lr-expected-edges"", ""60"", ""--lr-refit-expected-edges"", ""30"", ""--bb-gawll-update-interval"", ""10"", ""--bb-max-refine-trials"", ""10"", ""--repeat-id"", ""1"", ""--outer-fold-id"", ""0""]"
5,lung_discrete_asu,2,0,1,1,..\Results\results_fs_uniform_positive_medium_highdim\lung_discrete_asu\standard_ga,"[""lung_discrete_asu"", ""2"", ""0"", ""--data-dir"", ""../Dataset/prepared_feature_selection"", ""--output-dir"", ""..\\Results\\results_fs_uniform_positive_medium_highdim\\lung_discrete_asu\\standard_ga"", ""--outer-folds"", ""4"", ""--inner-folds"", ""4"", ""--repeats"", ""3"", ""--seed"", ""1"", ""--shuffle"", ""true"", ""--popsize"", ""100"", ""--p-cross"", ""0.4"", ""--tournament-size"", ""3"", ""--tau-reset"", ""50"", ""--resetpop-rate"", ""0.99"", ""--local-search"", ""false"", ""--stop"", ""gen"", ""--max-gen"", ""100"", ""--edge-epsilon"", ""1e-06"", ""--save-generation-trace"", ""true"", ""--save-linkage-events"", ""false"", ""--save-graph-snapshots"", ""false"", ""--graph-snapshot-interval"", ""1"", ""--graph-snapshot-min-weight"", ""0.0"", ""--lr-gap-gen"", ""1"", ""--lr-min-samples"", ""10"", ""--lr-sparse-alpha"", ""0.001"", ""--lr-auto-alpha"", ""true"", ""--lr-alpha-c"", ""0.2"", ""--lr-delta"", ""0.05"", ""--lr-auto-min-samples"", ""true"", ""--lr-min-samples-c"", ""2.0"", ""--lr-stability-subsamples"", ""0"", ""--lr-stability-fraction"", ""0.75"", ""--lr-edge-min-weight"", ""0.0"", ""--lr-encoding"", ""binary"", ""--lr-solver"", ""auto"", ""--lr-matrix-free-threshold"", ""700"", ""--lr-matrix-free-max-iter"", ""8"", ""--lr-matrix-free-tol"", ""0.0001"", ""--lr-matrix-free-step-scale"", ""0.5"", ""--lr-matrix-free-dtype"", ""float32"", ""--build-building-blocks"", ""false"", ""--bb-weight-mode"", ""positive"", ""--bb-search-mode"", ""none"", ""--bb-min-block-size"", ""2"", ""--bb-max-blocks"", ""20"", ""--bb-snapshot-interval"", ""1"", ""--bb-external-penalty"", ""0.25"", ""--bb-size-penalty"", ""0.01"", ""--bb-pattern-top-fraction"", ""0.2"", ""--bb-pattern-min-support"", ""2"", ""--bb-refine-fraction"", ""0.2"", ""--bb-accept-equal-sparser"", ""true"", ""--bb-shuffle-blocks"", ""true"", ""--bb-signed-repair-probability"", ""0.75"", ""--pre-lr-explore"", ""false"", ""--pre-lr-mutation-multiplier"", ""3.0"", ""--pre-lr-immigrant-rate"", ""0.1"", ""--artifact-layout"", ""nested"", ""--write-aggregate-outputs"", ""false"", ""--lr-expected-edges"", ""60"", ""--lr-refit-expected-edges"", ""30"", ""--bb-gawll-update-interval"", ""10"", ""--bb-max-refine-trials"", ""10"", ""--repeat-id"", ""1"", ""--outer-fold-id"", ""1""]"
6,lung_discrete_asu,2,0,1,2,..\Results\results_fs_uniform_positive_medium_highdim\lung_discrete_asu\standard_ga,"[""lung_discrete_asu"", ""2"", ""0"", ""--data-dir"", ""../Dataset/prepared_feature_selection"", ""--output-dir"", ""..\\Results\\results_fs_uniform_positive_medium_highdim\\lung_discrete_asu\\standard_ga"", ""--outer-folds"", ""4"", ""--inner-folds"", ""4"", ""--repeats"", ""3"", ""--seed"", ""1"", ""--shuffle"", ""true"", ""--popsize"", ""100"", ""--p-cross"", ""0.4"", ""--tournament-size"", ""3"", ""--tau-reset"", ""50"", ""--resetpop-rate"", ""0.99"", ""--local-search"", ""false"", ""--stop"", ""gen"", ""--max-gen"", ""100"", ""--edge-epsilon"", ""1e-06"", ""--save-generation-trace"", ""true"", ""--save-linkage-events"", ""false"", ""--save-graph-snapshots"", ""false"", ""--graph-snapshot-interval"", ""1"", ""--graph-snapshot-min-weight"", ""0.0"", ""--lr-gap-gen"", ""1"", ""--lr-min-samples"", ""10"", ""--lr-sparse-alpha"", ""0.001"", ""--lr-auto-alpha"", ""true"", ""--lr-alpha-c"", ""0.2"", ""--lr-delta"", ""0.05"", ""--lr-auto-min-samples"", ""true"", ""--lr-min-samples-c"", ""2.0"", ""--lr-stability-subsamples"", ""0"", ""--lr-stability-fraction"", ""0.75"", ""--lr-edge-min-weight"", ""0.0"", ""--lr-encoding"", ""binary"", ""--lr-solver"", ""auto"", ""--lr-matrix-free-threshold"", ""700"", ""--lr-matrix-free-max-iter"", ""8"", ""--lr-matrix-free-tol"", ""0.0001"", ""--lr-matrix-free-step-scale"", ""0.5"", ""--lr-matrix-free-dtype"", ""float32"", ""--build-building-blocks"", ""false"", ""--bb-weight-mode"", ""positive"", ""--bb-search-mode"", ""none"", ""--bb-min-block-size"", ""2"", ""--bb-max-blocks"", ""20"", ""--bb-snapshot-interval"", ""1"", ""--bb-external-penalty"", ""0.25"", ""--bb-size-penalty"", ""0.01"", ""--bb-pattern-top-fraction"", ""0.2"", ""--bb-pattern-min-support"", ""2"", ""--bb-refine-fraction"", ""0.2"", ""--bb-accept-equal-sparser"", ""true"", ""--bb-shuffle-blocks"", ""true"", ""--bb-signed-repair-probability"", ""0.75"", ""--pre-lr-explore"", ""false"", ""--pre-lr-mutation-multiplier"", ""3.0"", ""--pre-lr-immigrant-rate"", ""0.1"", ""--artifact-layout"", ""nested"", ""--write-aggregate-outputs"", ""false"", ""--lr-expected-edges"", ""60"", ""--lr-refit-expected-edges"", ""30"", ""--bb-gawll-update-interval"", ""10"", ""--bb-max-refine-trials"", ""10"", ""--repeat-id"", ""1"", ""--outer-fold-id"", ""2""]"
7,lung_discrete_asu,2,0,1,3,..\Results\results_fs_uniform_positive_medium_highdim\lung_discrete_asu\standard_ga,"[""lung_discrete_asu"", ""2"", ""0"", ""--data-dir"", ""../Dataset/prepared_feature_selection"", ""--output-dir"", ""..\\Results\\results_fs_uniform_positive_medium_highdim\\lung_discrete_asu\\standard_ga"", ""--outer-folds"", ""4"", ""--inner-folds"", ""4"", ""--repeats"", ""3"", ""--seed"", ""1"", ""--shuffle"", ""true"", ""--popsize"", ""100"", ""--p-cross"", ""0.4"", ""--tournament-size"", ""3"", ""--tau-reset"", ""50"", ""--resetpop-rate"", ""0.99"", ""--local-search"", ""false"", ""--stop"", ""gen"", ""--max-gen"", ""100"", ""--edge-epsilon"", ""1e-06"", ""--save-generation-trace"", ""true"", ""--save-linkage-events"", ""false"", ""--save-graph-snapshots"", ""false"", ""--graph-snapshot-interval"", ""1"", ""--graph-snapshot-min-weight"", ""0.0"", ""--lr-gap-gen"", ""1"", ""--lr-min-samples"", ""10"", ""--lr-sparse-alpha"", ""0.001"", ""--lr-auto-alpha"", ""true"", ""--lr-alpha-c"", ""0.2"", ""--lr-delta"", ""0.05"", ""--lr-auto-min-samples"", ""true"", ""--lr-min-samples-c"", ""2.0"", ""--lr-stability-subsamples"", ""0"", ""--lr-stability-fraction"", ""0.75"", ""--lr-edge-min-weight"", ""0.0"", ""--lr-encoding"", ""binary"", ""--lr-solver"", ""auto"", ""--lr-matrix-free-threshold"", ""700"", ""--lr-matrix-free-max-iter"", ""8"", ""--lr-matrix-free-tol"", ""0.0001"", ""--lr-matrix-free-step-scale"", ""0.5"", ""--lr-matrix-free-dtype"", ""float32"", ""--build-building-blocks"", ""false"", ""--bb-weight-mode"", ""positive"", ""--bb-search-mode"", ""none"", ""--bb-min-block-size"", ""2"", ""--bb-max-blocks"", ""20"", ""--bb-snapshot-interval"", ""1"", ""--bb-external-penalty"", ""0.25"", ""--bb-size-penalty"", ""0.01"", ""--bb-pattern-top-fraction"", ""0.2"", ""--bb-pattern-min-support"", ""2"", ""--bb-refine-fraction"", ""0.2"", ""--bb-accept-equal-sparser"", ""true"", ""--bb-shuffle-blocks"", ""true"", ""--bb-signed-repair-probability"", ""0.75"", ""--pre-lr-explore"", ""false"", ""--pre-lr-mutation-multiplier"", ""3.0"", ""--pre-lr-immigrant-rate"", ""0.1"", ""--artifact-layout"", ""nested"", ""--write-aggregate-outputs"", ""false"", ""--lr-expected-edges"", ""60"", ""--lr-refit-expected-edges"", ""30"", ""--bb-gawll-update-interval"", ""10"", ""--bb-max-refine-trials"", ""10"", ""--repeat-id"", ""1"", ""--outer-fold-id"", ""3""]"
8,lung_discrete_asu,2,0,2,0,..\Results\results_fs_uniform_positive_medium_highdim\lung_discrete_asu\standard_ga,"[""lung_discrete_asu"", ""2"", ""0"", ""--data-dir"", ""../Dataset/prepared_feature_selection"", ""--output-dir"", ""..\\Results\\results_fs_uniform_positive_medium_highdim\\lung_discrete_asu\\standard_ga"", ""--outer-folds"", ""4"", ""--inner-folds"", ""4"", ""--repeats"", ""3"", ""--seed"", ""1"", ""--shuffle"", ""true"", ""--popsize"", ""100"", ""--p-cross"", ""0.4"", ""--tournament-size"", ""3"", ""--tau-reset"", ""50"", ""--resetpop-rate"", ""0.99"", ""--local-search"", ""false"", ""--stop"", ""gen"", ""--max-gen"", ""100"", ""--edge-epsilon"", ""1e-06"", ""--save-generation-trace"", ""true"", ""--save-linkage-events"", ""false"", ""--save-graph-snapshots"", ""false"", ""--graph-snapshot-interval"", ""1"", ""--graph-snapshot-min-weight"", ""0.0"", ""--lr-gap-gen"", ""1"", ""--lr-min-samples"", ""10"", ""--lr-sparse-alpha"", ""0.001"", ""--lr-auto-alpha"", ""true"", ""--lr-alpha-c"", ""0.2"", ""--lr-delta"", ""0.05"", ""--lr-auto-min-samples"", ""true"", ""--lr-min-samples-c"", ""2.0"", ""--lr-stability-subsamples"", ""0"", ""--lr-stability-fraction"", ""0.75"", ""--lr-edge-min-weight"", ""0.0"", ""--lr-encoding"", ""binary"", ""--lr-solver"", ""auto"", ""--lr-matrix-free-threshold"", ""700"", ""--lr-matrix-free-max-iter"", ""8"", ""--lr-matrix-free-tol"", ""0.0001"", ""--lr-matrix-free-step-scale"", ""0.5"", ""--lr-matrix-free-dtype"", ""float32"", ""--build-building-blocks"", ""false"", ""--bb-weight-mode"", ""positive"", ""--bb-search-mode"", ""none"", ""--bb-min-block-size"", ""2"", ""--bb-max-blocks"", ""20"", ""--bb-snapshot-interval"", ""1"", ""--bb-external-penalty"", ""0.25"", ""--bb-size-penalty"", ""0.01"", ""--bb-pattern-top-fraction"", ""0.2"", ""--bb-pattern-min-support"", ""2"", ""--bb-refine-fraction"", ""0.2"", ""--bb-accept-equal-sparser"", ""true"", ""--bb-shuffle-blocks"", ""true"", ""--bb-signed-repair-probability"", ""0.75"", ""--pre-lr-explore"", ""false"", ""--pre-lr-mutation-multiplier"", ""3.0"", ""--pre-lr-immigrant-rate"", ""0.1"", ""--artifact-layout"", ""nested"", ""--write-aggregate-outputs"", ""false"", ""--lr-expected-edges"", ""60"", ""--lr-refit-expected-edges"", ""30"", ""--bb-gawll-update-interval"", ""10"", ""--bb-max-refine-trials"", ""10"", ""--repeat-id"", ""2"", ""--outer-fold-id"", ""0""]"
9,lung_discrete_asu,2,0,2,1,..\Results\results_fs_uniform_positive_medium_highdim\lung_discrete_asu\standard_ga,"[""lung_discrete_asu"", ""2"", ""0"", ""--data-dir"", ""../Dataset/prepared_feature_selection"", ""--output-dir"", ""..\\Results\\results_fs_uniform_positive_medium_highdim\\lung_discrete_asu\\standard_ga"", ""--outer-folds"", ""4"", ""--inner-folds"", ""4"", ""--repeats"", ""3"", ""--seed"", ""1"", ""--shuffle"", ""true"", ""--popsize"", ""100"", ""--p-cross"", ""0.4"", ""--tournament-size"", ""3"", ""--tau-reset"", ""50"", ""--resetpop-rate"", ""0.99"", ""--local-search"", ""false"", ""--stop"", ""gen"", ""--max-gen"", ""100"", ""--edge-epsilon"", ""1e-06"", ""--save-generation-trace"", ""true"", ""--save-linkage-events"", ""false"", ""--save-graph-snapshots"", ""false"", ""--graph-snapshot-interval"", ""1"", ""--graph-snapshot-min-weight"", ""0.0"", ""--lr-gap-gen"", ""1"", ""--lr-min-samples"", ""10"", ""--lr-sparse-alpha"", ""0.001"", ""--lr-auto-alpha"", ""true"", ""--lr-alpha-c"", ""0.2"", ""--lr-delta"", ""0.05"", ""--lr-auto-min-samples"", ""true"", ""--lr-min-samples-c"", ""2.0"", ""--lr-stability-subsamples"", ""0"", ""--lr-stability-fraction"", ""0.75"", ""--lr-edge-min-weight"", ""0.0"", ""--lr-encoding"", ""binary"", ""--lr-solver"", ""auto"", ""--lr-matrix-free-threshold"", ""700"", ""--lr-matrix-free-max-iter"", ""8"", ""--lr-matrix-free-tol"", ""0.0001"", ""--lr-matrix-free-step-scale"", ""0.5"", ""--lr-matrix-free-dtype"", ""float32"", ""--build-building-blocks"", ""false"", ""--bb-weight-mode"", ""positive"", ""--bb-search-mode"", ""none"", ""--bb-min-block-size"", ""2"", ""--bb-max-blocks"", ""20"", ""--bb-snapshot-interval"", ""1"", ""--bb-external-penalty"", ""0.25"", ""--bb-size-penalty"", ""0.01"", ""--bb-pattern-top-fraction"", ""0.2"", ""--bb-pattern-min-support"", ""2"", ""--bb-refine-fraction"", ""0.2"", ""--bb-accept-equal-sparser"", ""true"", ""--bb-shuffle-blocks"", ""true"", ""--bb-signed-repair-probability"", ""0.75"", ""--pre-lr-explore"", ""false"", ""--pre-lr-mutation-multiplier"", ""3.0"", ""--pre-lr-immigrant-rate"", ""0.1"", ""--artifact-layout"", ""nested"", ""--write-aggregate-outputs"", ""false"", ""--lr-expected-edges"", ""60"", ""--lr-refit-expected-edges"", ""30"", ""--bb-gawll-update-interval"", ""10"", ""--bb-max-refine-trials"", ""10"", ""--repeat-id"", ""2"", ""--outer-fold-id"", ""1""]"
10,lung_discrete_asu,2,0,2,2,..\Results\results_fs_uniform_positive_medium_highdim\lung_discrete_asu\standard_ga,"[""lung_discrete_asu"", ""2"", ""0"", ""--data-dir"", ""../Dataset/prepared_feature_selection"", ""--output-dir"", ""..\\Results\\results_fs_uniform_positive_medium_highdim\\lung_discrete_asu\\standard_ga"", ""--outer-folds"", ""4"", ""--inner-folds"", ""4"", ""--repeats"", ""3"", ""--seed"", ""1"", ""--shuffle"", ""true"", ""--popsize"", ""100"", ""--p-cross"", ""0.4"", ""--tournament-size"", ""3"", ""--tau-reset"", ""50"", ""--resetpop-rate"", ""0.99"", ""--local-search"", ""false"", ""--stop"", ""gen"", ""--max-gen"", ""100"", ""--edge-epsilon"", ""1e-06"", ""--save-generation-trace"", ""true"", ""--save-linkage-events"", ""false"", ""--save-graph-snapshots"", ""false"", ""--graph-snapshot-interval"", ""1"", ""--graph-snapshot-min-weight"", ""0.0"", ""--lr-gap-gen"", ""1"", ""--lr-min-samples"", ""10"", ""--lr-sparse-alpha"", ""0.001"", ""--lr-auto-alpha"", ""true"", ""--lr-alpha-c"", ""0.2"", ""--lr-delta"", ""0.05"", ""--lr-auto-min-samples"", ""true"", ""--lr-min-samples-c"", ""2.0"", ""--lr-stability-subsamples"", ""0"", ""--lr-stability-fraction"", ""0.75"", ""--lr-edge-min-weight"", ""0.0"", ""--lr-encoding"", ""binary"", ""--lr-solver"", ""auto"", ""--lr-matrix-free-threshold"", ""700"", ""--lr-matrix-free-max-iter"", ""8"", ""--lr-matrix-free-tol"", ""0.0001"", ""--lr-matrix-free-step-scale"", ""0.5"", ""--lr-matrix-free-dtype"", ""float32"", ""--build-building-blocks"", ""false"", ""--bb-weight-mode"", ""positive"", ""--bb-search-mode"", ""none"", ""--bb-min-block-size"", ""2"", ""--bb-max-blocks"", ""20"", ""--bb-snapshot-interval"", ""1"", ""--bb-external-penalty"", ""0.25"", ""--bb-size-penalty"", ""0.01"", ""--bb-pattern-top-fraction"", ""0.2"", ""--bb-pattern-min-support"", ""2"", ""--bb-refine-fraction"", ""0.2"", ""--bb-accept-equal-sparser"", ""true"", ""--bb-shuffle-blocks"", ""true"", ""--bb-signed-repair-probability"", ""0.75"", ""--pre-lr-explore"", ""false"", ""--pre-lr-mutation-multiplier"", ""3.0"", ""--pre-lr-immigrant-rate"", ""0.1"", ""--artifact-layout"", ""nested"", ""--write-aggregate-outputs"", ""false"", ""--lr-expected-edges"", ""60"", ""--lr-refit-expected-edges"", ""30"", ""--bb-gawll-update-interval"", ""10"", ""--bb-max-refine-trials"", ""10"", ""--repeat-id"", ""2"", ""--outer-fold-id"", ""2""]"
11,lung_discrete_asu,2,0,2,3,..\Results\results_fs_uniform_positive_medium_highdim\lung_discrete_asu\standard_ga,"[""lung_discrete_asu"", ""2"", ""0"", ""--data-dir"", ""../Dataset/prepared_feature_selection"", ""--output-dir"", ""..\\Results\\results_fs_uniform_positive_medium_highdim\\lung_discrete_asu\\standard_ga"", ""--outer-folds"", ""4"", ""--inner-folds"", ""4"", ""--repeats"", ""3"", ""--seed"", ""1"", ""--shuffle"", ""true"", ""--popsize"", ""100"", ""--p-cross"", ""0.4"", ""--tournament-size"", ""3"", ""--tau-reset"", ""50"", ""--resetpop-rate"", ""0.99"", ""--local-search"", ""false"", ""--stop"", ""gen"", ""--max-gen"", ""100"", ""--edge-epsilon"", ""1e-06"", ""--save-generation-trace"", ""true"", ""--save-linkage-events"", ""false"", ""--save-graph-snapshots"", ""false"", ""--graph-snapshot-interval"", ""1"", ""--graph-snapshot-min-weight"", ""0.0"", ""--lr-gap-gen"", ""1"", ""--lr-min-samples"", ""10"", ""--lr-sparse-alpha"", ""0.001"", ""--lr-auto-alpha"", ""true"", ""--lr-alpha-c"", ""0.2"", ""--lr-delta"", ""0.05"", ""--lr-auto-min-samples"", ""true"", ""--lr-min-samples-c"", ""2.0"", ""--lr-stability-subsamples"", ""0"", ""--lr-stability-fraction"", ""0.75"", ""--lr-edge-min-weight"", ""0.0"", ""--lr-encoding"", ""binary"", ""--lr-solver"", ""auto"", ""--lr-matrix-free-threshold"", ""700"", ""--lr-matrix-free-max-iter"", ""8"", ""--lr-matrix-free-tol"", ""0.0001"", ""--lr-matrix-free-step-scale"", ""0.5"", ""--lr-matrix-free-dtype"", ""float32"", ""--build-building-blocks"", ""false"", ""--bb-weight-mode"", ""positive"", ""--bb-search-mode"", ""none"", ""--bb-min-block-size"", ""2"", ""--bb-max-blocks"", ""20"", ""--bb-snapshot-interval"", ""1"", ""--bb-external-penalty"", ""0.25"", ""--bb-size-penalty"", ""0.01"", ""--bb-pattern-top-fraction"", ""0.2"", ""--bb-pattern-min-support"", ""2"", ""--bb-refine-fraction"", ""0.2"", ""--bb-accept-equal-sparser"", ""true"", ""--bb-shuffle-blocks"", ""true"", ""--bb-signed-repair-probability"", ""0.75"", ""--pre-lr-explore"", ""false"", ""--pre-lr-mutation-multiplier"", ""3.0"", ""--pre-lr-immigrant-rate"", ""0.1"", ""--artifact-layout"", ""nested"", ""--write-aggregate-outputs"", ""false"", ""--lr-expected-edges"", ""60"", ""--lr-refit-expected-edges"", ""30"", ""--bb-gawll-update-interval"", ""10"", ""--bb-max-refine-trials"", ""10"", ""--repeat-id"", ""2"", ""--outer-fold-id"", ""3""]"
12,Isolet_asu,2,0,0,0,..\Results\results_fs_uniform_positive_medium_highdim\Isolet_asu\standard_ga,"[""Isolet_asu"", ""2"", ""0"", ""--data-dir"", ""../Dataset/prepared_feature_selection"", ""--output-dir"", ""..\\Results\\results_fs_uniform_positive_medium_highdim\\Isolet_asu\\standard_ga"", ""--outer-folds"", ""4"", ""--inner-folds"", ""4"", ""--repeats"", ""3"", ""--seed"", ""1"", ""--shuffle"", ""true"", ""--popsize"", ""100"", ""--p-cross"", ""0.4"", ""--tournament-size"", ""3"", ""--tau-reset"", ""50"", ""--resetpop-rate"", ""0.99"", ""--local-search"", ""false"", ""--stop"", ""gen"", ""--max-gen"", ""100"", ""--edge-epsilon"", ""1e-06"", ""--save-generation-trace"", ""true"", ""--save-linkage-events"", ""false"", ""--save-graph-snapshots"", ""false"", ""--graph-snapshot-interval"", ""1"", ""--graph-snapshot-min-weight"", ""0.0"", ""--lr-gap-gen"", ""1"", ""--lr-min-samples"", ""10"", ""--lr-sparse-alpha"", ""0.001"", ""--lr-auto-alpha"", ""true"", ""--lr-alpha-c"", ""0.2"", ""--lr-delta"", ""0.05"", ""--lr-auto-min-samples"", ""true"", ""--lr-min-samples-c"", ""2.0"", ""--lr-stability-subsamples"", ""0"", ""--lr-stability-fraction"", ""0.75"", ""--lr-edge-min-weight"", ""0.0"", ""--lr-encoding"", ""binary"", ""--lr-solver"", ""auto"", ""--lr-matrix-free-threshold"", ""700"", ""--lr-matrix-free-max-iter"", ""8"", ""--lr-matrix-free-tol"", ""0.0001"", ""--lr-matrix-free-step-scale"", ""0.5"", ""--lr-matrix-free-dtype"", ""float32"", ""--build-building-blocks"", ""false"", ""--bb-weight-mode"", ""positive"", ""--bb-search-mode"", ""none"", ""--bb-min-block-size"", ""2"", ""--bb-max-blocks"", ""20"", ""--bb-snapshot-interval"", ""1"", ""--bb-external-penalty"", ""0.25"", ""--bb-size-penalty"", ""0.01"", ""--bb-pattern-top-fraction"", ""0.2"", ""--bb-pattern-min-support"", ""2"", ""--bb-refine-fraction"", ""0.2"", ""--bb-accept-equal-sparser"", ""true"", ""--bb-shuffle-blocks"", ""true"", ""--bb-signed-repair-probability"", ""0.75"", ""--pre-lr-explore"", ""false"", ""--pre-lr-mutation-multiplier"", ""3.0"", ""--pre-lr-immigrant-rate"", ""0.1"", ""--artifact-layout"", ""nested"", ""--write-aggregate-outputs"", ""false"", ""--lr-expected-edges"", ""60"", ""--lr-refit-expected-edges"", ""30"", ""--bb-gawll-update-interval"", ""10"", ""--bb-max-refine-trials"", ""10"", ""--repeat-id"", ""0"", ""--outer-fold-id"", ""0""]"
13,Isolet_asu,2,0,0,1,..\Results\results_fs_uniform_positive_medium_highdim\Isolet_asu\standard_ga,"[""Isolet_asu"", ""2"", ""0"", ""--data-dir"", ""../Dataset/prepared_feature_selection"", ""--output-dir"", ""..\\Results\\results_fs_uniform_positive_medium_highdim\\Isolet_asu\\standard_ga"", ""--outer-folds"", ""4"", ""--inner-folds"", ""4"", ""--repeats"", ""3"", ""--seed"", ""1"", ""--shuffle"", ""true"", ""--popsize"", ""100"", ""--p-cross"", ""0.4"", ""--tournament-size"", ""3"", ""--tau-reset"", ""50"", ""--resetpop-rate"", ""0.99"", ""--local-search"", ""false"", ""--stop"", ""gen"", ""--max-gen"", ""100"", ""--edge-epsilon"", ""1e-06"", ""--save-generation-trace"", ""true"", ""--save-linkage-events"", ""false"", ""--save-graph-snapshots"", ""false"", ""--graph-snapshot-interval"", ""1"", ""--graph-snapshot-min-weight"", ""0.0"", ""--lr-gap-gen"", ""1"", ""--lr-min-samples"", ""10"", ""--lr-sparse-alpha"", ""0.001"", ""--lr-auto-alpha"", ""true"", ""--lr-alpha-c"", ""0.2"", ""--lr-delta"", ""0.05"", ""--lr-auto-min-samples"", ""true"", ""--lr-min-samples-c"", ""2.0"", ""--lr-stability-subsamples"", ""0"", ""--lr-stability-fraction"", ""0.75"", ""--lr-edge-min-weight"", ""0.0"", ""--lr-encoding"", ""binary"", ""--lr-solver"", ""auto"", ""--lr-matrix-free-threshold"", ""700"", ""--lr-matrix-free-max-iter"", ""8"", ""--lr-matrix-free-tol"", ""0.0001"", ""--lr-matrix-free-step-scale"", ""0.5"", ""--lr-matrix-free-dtype"", ""float32"", ""--build-building-blocks"", ""false"", ""--bb-weight-mode"", ""positive"", ""--bb-search-mode"", ""none"", ""--bb-min-block-size"", ""2"", ""--bb-max-blocks"", ""20"", ""--bb-snapshot-interval"", ""1"", ""--bb-external-penalty"", ""0.25"", ""--bb-size-penalty"", ""0.01"", ""--bb-pattern-top-fraction"", ""0.2"", ""--bb-pattern-min-support"", ""2"", ""--bb-refine-fraction"", ""0.2"", ""--bb-accept-equal-sparser"", ""true"", ""--bb-shuffle-blocks"", ""true"", ""--bb-signed-repair-probability"", ""0.75"", ""--pre-lr-explore"", ""false"", ""--pre-lr-mutation-multiplier"", ""3.0"", ""--pre-lr-immigrant-rate"", ""0.1"", ""--artifact-layout"", ""nested"", ""--write-aggregate-outputs"", ""false"", ""--lr-expected-edges"", ""60"", ""--lr-refit-expected-edges"", ""30"", ""--bb-gawll-update-interval"", ""10"", ""--bb-max-refine-trials"", ""10"", ""--repeat-id"", ""0"", ""--outer-fold-id"", ""1""]"
14,Isolet_asu,2,0,0,2,..\Results\results_fs_uniform_positive_medium_highdim\Isolet_asu\standard_ga,"[""Isolet_asu"", ""2"", ""0"", ""--data-dir"", ""../Dataset/prepared_feature_selection"", ""--output-dir"", ""..\\Results\\results_fs_uniform_positive_medium_highdim\\Isolet_asu\\standard_ga"", ""--outer-folds"", ""4"", ""--inner-folds"", ""4"", ""--repeats"", ""3"", ""--seed"", ""1"", ""--shuffle"", ""true"", ""--popsize"", ""100"", ""--p-cross"", ""0.4"", ""--tournament-size"", ""3"", ""--tau-reset"", ""50"", ""--resetpop-rate"", ""0.99"", ""--local-search"", ""false"", ""--stop"", ""gen"", ""--max-gen"", ""100"", ""--edge-epsilon"", ""1e-06"", ""--save-generation-trace"", ""true"", ""--save-linkage-events"", ""false"", ""--save-graph-snapshots"", ""false"", ""--graph-snapshot-interval"", ""1"", ""--graph-snapshot-min-weight"", ""0.0"", ""--lr-gap-gen"", ""1"", ""--lr-min-samples"", ""10"", ""--lr-sparse-alpha"", ""0.001"", ""--lr-auto-alpha"", ""true"", ""--lr-alpha-c"", ""0.2"", ""--lr-delta"", ""0.05"", ""--lr-auto-min-samples"", ""true"", ""--lr-min-samples-c"", ""2.0"", ""--lr-stability-subsamples"", ""0"", ""--lr-stability-fraction"", ""0.75"", ""--lr-edge-min-weight"", ""0.0"", ""--lr-encoding"", ""binary"", ""--lr-solver"", ""auto"", ""--lr-matrix-free-threshold"", ""700"", ""--lr-matrix-free-max-iter"", ""8"", ""--lr-matrix-free-tol"", ""0.0001"", ""--lr-matrix-free-step-scale"", ""0.5"", ""--lr-matrix-free-dtype"", ""float32"", ""--build-building-blocks"", ""false"", ""--bb-weight-mode"", ""positive"", ""--bb-search-mode"", ""none"", ""--bb-min-block-size"", ""2"", ""--bb-max-blocks"", ""20"", ""--bb-snapshot-interval"", ""1"", ""--bb-external-penalty"", ""0.25"", ""--bb-size-penalty"", ""0.01"", ""--bb-pattern-top-fraction"", ""0.2"", ""--bb-pattern-min-support"", ""2"", ""--bb-refine-fraction"", ""0.2"", ""--bb-accept-equal-sparser"", ""true"", ""--bb-shuffle-blocks"", ""true"", ""--bb-signed-repair-probability"", ""0.75"", ""--pre-lr-explore"", ""false"", ""--pre-lr-mutation-multiplier"", ""3.0"", ""--pre-lr-immigrant-rate"", ""0.1"", ""--artifact-layout"", ""nested"", ""--write-aggregate-outputs"", ""false"", ""--lr-expected-edges"", ""60"", ""--lr-refit-expected-edges"", ""30"", ""--bb-gawll-update-interval"", ""10"", ""--bb-max-refine-trials"", ""10"", ""--repeat-id"", ""0"", ""--outer-fold-id"", ""2""]"
15,Isolet_asu,2,0,0,3,..\Results\results_fs_uniform_positive_medium_highdim\Isolet_asu\standard_ga,"[""Isolet_asu"", ""2"", ""0"", ""--data-dir"", ""../Dataset/prepared_feature_selection"", ""--output-dir"", ""..\\Results\\results_fs_uniform_positive_medium_highdim\\Isolet_asu\\standard_ga"", ""--outer-folds"", ""4"", ""--inner-folds"", ""4"", ""--repeats"", ""3"", ""--seed"", ""1"", ""--shuffle"", ""true"", ""--popsize"", ""100"", ""--p-cross"", ""0.4"", ""--tournament-size"", ""3"", ""--tau-reset"", ""50"", ""--resetpop-rate"", ""0.99"", ""--local-search"", ""false"", ""--stop"", ""gen"", ""--max-gen"", ""100"", ""--edge-epsilon"", ""1e-06"", ""--save-generation-trace"", ""true"", ""--save-linkage-events"", ""false"", ""--save-graph-snapshots"", ""false"", ""--graph-snapshot-interval"", ""1"", ""--graph-snapshot-min-weight"", ""0.0"", ""--lr-gap-gen"", ""1"", ""--lr-min-samples"", ""10"", ""--lr-sparse-alpha"", ""0.001"", ""--lr-auto-alpha"", ""true"", ""--lr-alpha-c"", ""0.2"", ""--lr-delta"", ""0.05"", ""--lr-auto-min-samples"", ""true"", ""--lr-min-samples-c"", ""2.0"", ""--lr-stability-subsamples"", ""0"", ""--lr-stability-fraction"", ""0.75"", ""--lr-edge-min-weight"", ""0.0"", ""--lr-encoding"", ""binary"", ""--lr-solver"", ""auto"", ""--lr-matrix-free-threshold"", ""700"", ""--lr-matrix-free-max-iter"", ""8"", ""--lr-matrix-free-tol"", ""0.0001"", ""--lr-matrix-free-step-scale"", ""0.5"", ""--lr-matrix-free-dtype"", ""float32"", ""--build-building-blocks"", ""false"", ""--bb-weight-mode"", ""positive"", ""--bb-search-mode"", ""none"", ""--bb-min-block-size"", ""2"", ""--bb-max-blocks"", ""20"", ""--bb-snapshot-interval"", ""1"", ""--bb-external-penalty"", ""0.25"", ""--bb-size-penalty"", ""0.01"", ""--bb-pattern-top-fraction"", ""0.2"", ""--bb-pattern-min-support"", ""2"", ""--bb-refine-fraction"", ""0.2"", ""--bb-accept-equal-sparser"", ""true"", ""--bb-shuffle-blocks"", ""true"", ""--bb-signed-repair-probability"", ""0.75"", ""--pre-lr-explore"", ""false"", ""--pre-lr-mutation-multiplier"", ""3.0"", ""--pre-lr-immigrant-rate"", ""0.1"", ""--artifact-layout"", ""nested"", ""--write-aggregate-outputs"", ""false"", ""--lr-expected-edges"", ""60"", ""--lr-refit-expected-edges"", ""30"", ""--bb-gawll-update-interval"", ""10"", ""--bb-max-refine-trials"", ""10"", ""--repeat-id"", ""0"", ""--outer-fold-id"", ""3""]"
16,Isolet_asu,2,0,1,0,..\Results\results_fs_uniform_positive_medium_highdim\Isolet_asu\standard_ga,"[""Isolet_asu"", ""2"", ""0"", ""--data-dir"", ""../Dataset/prepared_feature_selection"", ""--output-dir"", ""..\\Results\\results_fs_uniform_positive_medium_highdim\\Isolet_asu\\standard_ga"", ""--outer-folds"", ""4"", ""--inner-folds"", ""4"", ""--repeats"", ""3"", ""--seed"", ""1"", ""--shuffle"", ""true"", ""--popsize"", ""100"", ""--p-cross"", ""0.4"", ""--tournament-size"", ""3"", ""--tau-reset"", ""50"", ""--resetpop-rate"", ""0.99"", ""--local-search"", ""false"", ""--stop"", ""gen"", ""--max-gen"", ""100"", ""--edge-epsilon"", ""1e-06"", ""--save-generation-trace"", ""true"", ""--save-linkage-events"", ""false"", ""--save-graph-snapshots"", ""false"", ""--graph-snapshot-interval"", ""1"", ""--graph-snapshot-min-weight"", ""0.0"", ""--lr-gap-gen"", ""1"", ""--lr-min-samples"", ""10"", ""--lr-sparse-alpha"", ""0.001"", ""--lr-auto-alpha"", ""true"", ""--lr-alpha-c"", ""0.2"", ""--lr-delta"", ""0.05"", ""--lr-auto-min-samples"", ""true"", ""--lr-min-samples-c"", ""2.0"", ""--lr-stability-subsamples"", ""0"", ""--lr-stability-fraction"", ""0.75"", ""--lr-edge-min-weight"", ""0.0"", ""--lr-encoding"", ""binary"", ""--lr-solver"", ""auto"", ""--lr-matrix-free-threshold"", ""700"", ""--lr-matrix-free-max-iter"", ""8"", ""--lr-matrix-free-tol"", ""0.0001"", ""--lr-matrix-free-step-scale"", ""0.5"", ""--lr-matrix-free-dtype"", ""float32"", ""--build-building-blocks"", ""false"", ""--bb-weight-mode"", ""positive"", ""--bb-search-mode"", ""none"", ""--bb-min-block-size"", ""2"", ""--bb-max-blocks"", ""20"", ""--bb-snapshot-interval"", ""1"", ""--bb-external-penalty"", ""0.25"", ""--bb-size-penalty"", ""0.01"", ""--bb-pattern-top-fraction"", ""0.2"", ""--bb-pattern-min-support"", ""2"", ""--bb-refine-fraction"", ""0.2"", ""--bb-accept-equal-sparser"", ""true"", ""--bb-shuffle-blocks"", ""true"", ""--bb-signed-repair-probability"", ""0.75"", ""--pre-lr-explore"", ""false"", ""--pre-lr-mutation-multiplier"", ""3.0"", ""--pre-lr-immigrant-rate"", ""0.1"", ""--artifact-layout"", ""nested"", ""--write-aggregate-outputs"", ""false"", ""--lr-expected-edges"", ""60"", ""--lr-refit-expected-edges"", ""30"", ""--bb-gawll-update-interval"", ""10"", ""--bb-max-refine-trials"", ""10"", ""--repeat-id"", ""1"", ""--outer-fold-id"", ""0""]"
17,Isolet_asu,2,0,1,1,..\Results\results_fs_uniform_positive_medium_highdim\Isolet_asu\standard_ga,"[""Isolet_asu"", ""2"", ""0"", ""--data-dir"", ""../Dataset/prepared_feature_selection"", ""--output-dir"", ""..\\Results\\results_fs_uniform_positive_medium_highdim\\Isolet_asu\\standard_ga"", ""--outer-folds"", ""4"", ""--inner-folds"", ""4"", ""--repeats"", ""3"", ""--seed"", ""1"", ""--shuffle"", ""true"", ""--popsize"", ""100"", ""--p-cross"", ""0.4"", ""--tournament-size"", ""3"", ""--tau-reset"", ""50"", ""--resetpop-rate"", ""0.99"", ""--local-search"", ""false"", ""--stop"", ""gen"", ""--max-gen"", ""100"", ""--edge-epsilon"", ""1e-06"", ""--save-generation-trace"", ""true"", ""--save-linkage-events"", ""false"", ""--save-graph-snapshots"", ""false"", ""--graph-snapshot-interval"", ""1"", ""--graph-snapshot-min-weight"", ""0.0"", ""--lr-gap-gen"", ""1"", ""--lr-min-samples"", ""10"", ""--lr-sparse-alpha"", ""0.001"", ""--lr-auto-alpha"", ""true"", ""--lr-alpha-c"", ""0.2"", ""--lr-delta"", ""0.05"", ""--lr-auto-min-samples"", ""true"", ""--lr-min-samples-c"", ""2.0"", ""--lr-stability-subsamples"", ""0"", ""--lr-stability-fraction"", ""0.75"", ""--lr-edge-min-weight"", ""0.0"", ""--lr-encoding"", ""binary"", ""--lr-solver"", ""auto"", ""--lr-matrix-free-threshold"", ""700"", ""--lr-matrix-free-max-iter"", ""8"", ""--lr-matrix-free-tol"", ""0.0001"", ""--lr-matrix-free-step-scale"", ""0.5"", ""--lr-matrix-free-dtype"", ""float32"", ""--build-building-blocks"", ""false"", ""--bb-weight-mode"", ""positive"", ""--bb-search-mode"", ""none"", ""--bb-min-block-size"", ""2"", ""--bb-max-blocks"", ""20"", ""--bb-snapshot-interval"", ""1"", ""--bb-external-penalty"", ""0.25"", ""--bb-size-penalty"", ""0.01"", ""--bb-pattern-top-fraction"", ""0.2"", ""--bb-pattern-min-support"", ""2"", ""--bb-refine-fraction"", ""0.2"", ""--bb-accept-equal-sparser"", ""true"", ""--bb-shuffle-blocks"", ""true"", ""--bb-signed-repair-probability"", ""0.75"", ""--pre-lr-explore"", ""false"", ""--pre-lr-mutation-multiplier"", ""3.0"", ""--pre-lr-immigrant-rate"", ""0.1"", ""--artifact-layout"", ""nested"", ""--write-aggregate-outputs"", ""false"", ""--lr-expected-edges"", ""60"", ""--lr-refit-expected-edges"", ""30"", ""--bb-gawll-update-interval"", ""10"", ""--bb-max-refine-trials"", ""10"", ""--repeat-id"", ""1"", ""--outer-fold-id"", ""1""]"
18,Isolet_asu,2,0,1,2,..\Results\results_fs_uniform_positive_medium_highdim\Isolet_asu\standard_ga,"[""Isolet_asu"", ""2"", ""0"", ""--data-dir"", ""../Dataset/prepared_feature_selection"", ""--output-dir"", ""..\\Results\\results_fs_uniform_positive_medium_highdim\\Isolet_asu\\standard_ga"", ""--outer-folds"", ""4"", ""--inner-folds"", ""4"", ""--repeats"", ""3"", ""--seed"", ""1"", ""--shuffle"", ""true"", ""--popsize"", ""100"", ""--p-cross"", ""0.4"", ""--tournament-size"", ""3"", ""--tau-reset"", ""50"", ""--resetpop-rate"", ""0.99"", ""--local-search"", ""false"", ""--stop"", ""gen"", ""--max-gen"", ""100"", ""--edge-epsilon"", ""1e-06"", ""--save-generation-trace"", ""true"", ""--save-linkage-events"", ""false"", ""--save-graph-snapshots"", ""false"", ""--graph-snapshot-interval"", ""1"", ""--graph-snapshot-min-weight"", ""0.0"", ""--lr-gap-gen"", ""1"", ""--lr-min-samples"", ""10"", ""--lr-sparse-alpha"", ""0.001"", ""--lr-auto-alpha"", ""true"", ""--lr-alpha-c"", ""0.2"", ""--lr-delta"", ""0.05"", ""--lr-auto-min-samples"", ""true"", ""--lr-min-samples-c"", ""2.0"", ""--lr-stability-subsamples"", ""0"", ""--lr-stability-fraction"", ""0.75"", ""--lr-edge-min-weight"", ""0.0"", ""--lr-encoding"", ""binary"", ""--lr-solver"", ""auto"", ""--lr-matrix-free-threshold"", ""700"", ""--lr-matrix-free-max-iter"", ""8"", ""--lr-matrix-free-tol"", ""0.0001"", ""--lr-matrix-free-step-scale"", ""0.5"", ""--lr-matrix-free-dtype"", ""float32"", ""--build-building-blocks"", ""false"", ""--bb-weight-mode"", ""positive"", ""--bb-search-mode"", ""none"", ""--bb-min-block-size"", ""2"", ""--bb-max-blocks"", ""20"", ""--bb-snapshot-interval"", ""1"", ""--bb-external-penalty"", ""0.25"", ""--bb-size-penalty"", ""0.01"", ""--bb-pattern-top-fraction"", ""0.2"", ""--bb-pattern-min-support"", ""2"", ""--bb-refine-fraction"", ""0.2"", ""--bb-accept-equal-sparser"", ""true"", ""--bb-shuffle-blocks"", ""true"", ""--bb-signed-repair-probability"", ""0.75"", ""--pre-lr-explore"", ""false"", ""--pre-lr-mutation-multiplier"", ""3.0"", ""--pre-lr-immigrant-rate"", ""0.1"", ""--artifact-layout"", ""nested"", ""--write-aggregate-outputs"", ""false"", ""--lr-expected-edges"", ""60"", ""--lr-refit-expected-edges"", ""30"", ""--bb-gawll-update-interval"", ""10"", ""--bb-max-refine-trials"", ""10"", ""--repeat-id"", ""1"", ""--outer-fold-id"", ""2""]"
19,Isolet_asu,2,0,1,3,..\Results\results_fs_uniform_positive_medium_highdim\Isolet_asu\standard_ga,"[""Isolet_asu"", ""2"", ""0"", ""--data-dir"", ""../Dataset/prepared_feature_selection"", ""--output-dir"", ""..\\Results\\results_fs_uniform_positive_medium_highdim\\Isolet_asu\\standard_ga"", ""--outer-folds"", ""4"", ""--inner-folds"", ""4"", ""--repeats"", ""3"", ""--seed"", ""1"", ""--shuffle"", ""true"", ""--popsize"", ""100"", ""--p-cross"", ""0.4"", ""--tournament-size"", ""3"", ""--tau-reset"", ""50"", ""--resetpop-rate"", ""0.99"", ""--local-search"", ""false"", ""--stop"", ""gen"", ""--max-gen"", ""100"", ""--edge-epsilon"", ""1e-06"", ""--save-generation-trace"", ""true"", ""--save-linkage-events"", ""false"", ""--save-graph-snapshots"", ""false"", ""--graph-snapshot-interval"", ""1"", ""--graph-snapshot-min-weight"", ""0.0"", ""--lr-gap-gen"", ""1"", ""--lr-min-samples"", ""10"", ""--lr-sparse-alpha"", ""0.001"", ""--lr-auto-alpha"", ""true"", ""--lr-alpha-c"", ""0.2"", ""--lr-delta"", ""0.05"", ""--lr-auto-min-samples"", ""true"", ""--lr-min-samples-c"", ""2.0"", ""--lr-stability-subsamples"", ""0"", ""--lr-stability-fraction"", ""0.75"", ""--lr-edge-min-weight"", ""0.0"", ""--lr-encoding"", ""binary"", ""--lr-solver"", ""auto"", ""--lr-matrix-free-threshold"", ""700"", ""--lr-matrix-free-max-iter"", ""8"", ""--lr-matrix-free-tol"", ""0.0001"", ""--lr-matrix-free-step-scale"", ""0.5"", ""--lr-matrix-free-dtype"", ""float32"", ""--build-building-blocks"", ""false"", ""--bb-weight-mode"", ""positive"", ""--bb-search-mode"", ""none"", ""--bb-min-block-size"", ""2"", ""--bb-max-blocks"", ""20"", ""--bb-snapshot-interval"", ""1"", ""--bb-external-penalty"", ""0.25"", ""--bb-size-penalty"", ""0.01"", ""--bb-pattern-top-fraction"", ""0.2"", ""--bb-pattern-min-support"", ""2"", ""--bb-refine-fraction"", ""0.2"", ""--bb-accept-equal-sparser"", ""true"", ""--bb-shuffle-blocks"", ""true"", ""--bb-signed-repair-probability"", ""0.75"", ""--pre-lr-explore"", ""false"", ""--pre-lr-mutation-multiplier"", ""3.0"", ""--pre-lr-immigrant-rate"", ""0.1"", ""--artifact-layout"", ""nested"", ""--write-aggregate-outputs"", ""false"", ""--lr-expected-edges"", ""60"", ""--lr-refit-expected-edges"", ""30"", ""--bb-gawll-update-interval"", ""10"", ""--bb-max-refine-trials"", ""10"", ""--repeat-id"", ""1"", ""--outer-fold-id"", ""3""]"
20,Isolet_asu,2,0,2,0,..\Results\results_fs_uniform_positive_medium_highdim\Isolet_asu\standard_ga,"[""Isolet_asu"", ""2"", ""0"", ""--data-dir"", ""../Dataset/prepared_feature_selection"", ""--output-dir"", ""..\\Results\\results_fs_uniform_positive_medium_highdim\\Isolet_asu\\standard_ga"", ""--outer-folds"", ""4"", ""--inner-folds"", ""4"", ""--repeats"", ""3"", ""--seed"", ""1"", ""--shuffle"", ""true"", ""--popsize"", ""100"", ""--p-cross"", ""0.4"", ""--tournament-size"", ""3"", ""--tau-reset"", ""50"", ""--resetpop-rate"", ""0.99"", ""--local-search"", ""false"", ""--stop"", ""gen"", ""--max-gen"", ""100"", ""--edge-epsilon"", ""1e-06"", ""--save-generation-trace"", ""true"", ""--save-linkage-events"", ""false"", ""--save-graph-snapshots"", ""false"", ""--graph-snapshot-interval"", ""1"", ""--graph-snapshot-min-weight"", ""0.0"", ""--lr-gap-gen"", ""1"", ""--lr-min-samples"", ""10"", ""--lr-sparse-alpha"", ""0.001"", ""--lr-auto-alpha"", ""true"", ""--lr-alpha-c"", ""0.2"", ""--lr-delta"", ""0.05"", ""--lr-auto-min-samples"", ""true"", ""--lr-min-samples-c"", ""2.0"", ""--lr-stability-subsamples"", ""0"", ""--lr-stability-fraction"", ""0.75"", ""--lr-edge-min-weight"", ""0.0"", ""--lr-encoding"", ""binary"", ""--lr-solver"", ""auto"", ""--lr-matrix-free-threshold"", ""700"", ""--lr-matrix-free-max-iter"", ""8"", ""--lr-matrix-free-tol"", ""0.0001"", ""--lr-matrix-free-step-scale"", ""0.5"", ""--lr-matrix-free-dtype"", ""float32"", ""--build-building-blocks"", ""false"", ""--bb-weight-mode"", ""positive"", ""--bb-search-mode"", ""none"", ""--bb-min-block-size"", ""2"", ""--bb-max-blocks"", ""20"", ""--bb-snapshot-interval"", ""1"", ""--bb-external-penalty"", ""0.25"", ""--bb-size-penalty"", ""0.01"", ""--bb-pattern-top-fraction"", ""0.2"", ""--bb-pattern-min-support"", ""2"", ""--bb-refine-fraction"", ""0.2"", ""--bb-accept-equal-sparser"", ""true"", ""--bb-shuffle-blocks"", ""true"", ""--bb-signed-repair-probability"", ""0.75"", ""--pre-lr-explore"", ""false"", ""--pre-lr-mutation-multiplier"", ""3.0"", ""--pre-lr-immigrant-rate"", ""0.1"", ""--artifact-layout"", ""nested"", ""--write-aggregate-outputs"", ""false"", ""--lr-expected-edges"", ""60"", ""--lr-refit-expected-edges"", ""30"", ""--bb-gawll-update-interval"", ""10"", ""--bb-max-refine-trials"", ""10"", ""--repeat-id"", ""2"", ""--outer-fold-id"", ""0""]"
21,Isolet_asu,2,0,2,1,..\Results\results_fs_uniform_positive_medium_highdim\Isolet_asu\standard_ga,"[""Isolet_asu"", ""2"", ""0"", ""--data-dir"", ""../Dataset/prepared_feature_selection"", ""--output-dir"", ""..\\Results\\results_fs_uniform_positive_medium_highdim\\Isolet_asu\\standard_ga"", ""--outer-folds"", ""4"", ""--inner-folds"", ""4"", ""--repeats"", ""3"", ""--seed"", ""1"", ""--shuffle"", ""true"", ""--popsize"", ""100"", ""--p-cross"", ""0.4"", ""--tournament-size"", ""3"", ""--tau-reset"", ""50"", ""--resetpop-rate"", ""0.99"", ""--local-search"", ""false"", ""--stop"", ""gen"", ""--max-gen"", ""100"", ""--edge-epsilon"", ""1e-06"", ""--save-generation-trace"", ""true"", ""--save-linkage-events"", ""false"", ""--save-graph-snapshots"", ""false"", ""--graph-snapshot-interval"", ""1"", ""--graph-snapshot-min-weight"", ""0.0"", ""--lr-gap-gen"", ""1"", ""--lr-min-samples"", ""10"", ""--lr-sparse-alpha"", ""0.001"", ""--lr-auto-alpha"", ""true"", ""--lr-alpha-c"", ""0.2"", ""--lr-delta"", ""0.05"", ""--lr-auto-min-samples"", ""true"", ""--lr-min-samples-c"", ""2.0"", ""--lr-stability-subsamples"", ""0"", ""--lr-stability-fraction"", ""0.75"", ""--lr-edge-min-weight"", ""0.0"", ""--lr-encoding"", ""binary"", ""--lr-solver"", ""auto"", ""--lr-matrix-free-threshold"", ""700"", ""--lr-matrix-free-max-iter"", ""8"", ""--lr-matrix-free-tol"", ""0.0001"", ""--lr-matrix-free-step-scale"", ""0.5"", ""--lr-matrix-free-dtype"", ""float32"", ""--build-building-blocks"", ""false"", ""--bb-weight-mode"", ""positive"", ""--bb-search-mode"", ""none"", ""--bb-min-block-size"", ""2"", ""--bb-max-blocks"", ""20"", ""--bb-snapshot-interval"", ""1"", ""--bb-external-penalty"", ""0.25"", ""--bb-size-penalty"", ""0.01"", ""--bb-pattern-top-fraction"", ""0.2"", ""--bb-pattern-min-support"", ""2"", ""--bb-refine-fraction"", ""0.2"", ""--bb-accept-equal-sparser"", ""true"", ""--bb-shuffle-blocks"", ""true"", ""--bb-signed-repair-probability"", ""0.75"", ""--pre-lr-explore"", ""false"", ""--pre-lr-mutation-multiplier"", ""3.0"", ""--pre-lr-immigrant-rate"", ""0.1"", ""--artifact-layout"", ""nested"", ""--write-aggregate-outputs"", ""false"", ""--lr-expected-edges"", ""60"", ""--lr-refit-expected-edges"", ""30"", ""--bb-gawll-update-interval"", ""10"", ""--bb-max-refine-trials"", ""10"", ""--repeat-id"", ""2"", ""--outer-fold-id"", ""1""]"
22,Isolet_asu,2,0,2,2,..\Results\results_fs_uniform_positive_medium_highdim\Isolet_asu\standard_ga,"[""Isolet_asu"", ""2"", ""0"", ""--data-dir"", ""../Dataset/prepared_feature_selection"", ""--output-dir"", ""..\\Results\\results_fs_uniform_positive_medium_highdim\\Isolet_asu\\standard_ga"", ""--outer-folds"", ""4"", ""--inner-folds"", ""4"", ""--repeats"", ""3"", ""--seed"", ""1"", ""--shuffle"", ""true"", ""--popsize"", ""100"", ""--p-cross"", ""0.4"", ""--tournament-size"", ""3"", ""--tau-reset"", ""50"", ""--resetpop-rate"", ""0.99"", ""--local-search"", ""false"", ""--stop"", ""gen"", ""--max-gen"", ""100"", ""--edge-epsilon"", ""1e-06"", ""--save-generation-trace"", ""true"", ""--save-linkage-events"", ""false"", ""--save-graph-snapshots"", ""false"", ""--graph-snapshot-interval"", ""1"", ""--graph-snapshot-min-weight"", ""0.0"", ""--lr-gap-gen"", ""1"", ""--lr-min-samples"", ""10"", ""--lr-sparse-alpha"", ""0.001"", ""--lr-auto-alpha"", ""true"", ""--lr-alpha-c"", ""0.2"", ""--lr-delta"", ""0.05"", ""--lr-auto-min-samples"", ""true"", ""--lr-min-samples-c"", ""2.0"", ""--lr-stability-subsamples"", ""0"", ""--lr-stability-fraction"", ""0.75"", ""--lr-edge-min-weight"", ""0.0"", ""--lr-encoding"", ""binary"", ""--lr-solver"", ""auto"", ""--lr-matrix-free-threshold"", ""700"", ""--lr-matrix-free-max-iter"", ""8"", ""--lr-matrix-free-tol"", ""0.0001"", ""--lr-matrix-free-step-scale"", ""0.5"", ""--lr-matrix-free-dtype"", ""float32"", ""--build-building-blocks"", ""false"", ""--bb-weight-mode"", ""positive"", ""--bb-search-mode"", ""none"", ""--bb-min-block-size"", ""2"", ""--bb-max-blocks"", ""20"", ""--bb-snapshot-interval"", ""1"", ""--bb-external-penalty"", ""0.25"", ""--bb-size-penalty"", ""0.01"", ""--bb-pattern-top-fraction"", ""0.2"", ""--bb-pattern-min-support"", ""2"", ""--bb-refine-fraction"", ""0.2"", ""--bb-accept-equal-sparser"", ""true"", ""--bb-shuffle-blocks"", ""true"", ""--bb-signed-repair-probability"", ""0.75"", ""--pre-lr-explore"", ""false"", ""--pre-lr-mutation-multiplier"", ""3.0"", ""--pre-lr-immigrant-rate"", ""0.1"", ""--artifact-layout"", ""nested"", ""--write-aggregate-outputs"", ""false"", ""--lr-expected-edges"", ""60"", ""--lr-refit-expected-edges"", ""30"", ""--bb-gawll-update-interval"", ""10"", ""--bb-max-refine-trials"", ""10"", ""--repeat-id"", ""2"", ""--outer-fold-id"", ""2""]"
23,Isolet_asu,2,0,2,3,..\Results\results_fs_uniform_positive_medium_highdim\Isolet_asu\standard_ga,"[""Isolet_asu"", ""2"", ""0"", ""--data-dir"", ""../Dataset/prepared_feature_selection"", ""--output-dir"", ""..\\Results\\results_fs_uniform_positive_medium_highdim\\Isolet_asu\\standard_ga"", ""--outer-folds"", ""4"", ""--inner-folds"", ""4"", ""--repeats"", ""3"", ""--seed"", ""1"", ""--shuffle"", ""true"", ""--popsize"", ""100"", ""--p-cross"", ""0.4"", ""--tournament-size"", ""3"", ""--tau-reset"", ""50"", ""--resetpop-rate"", ""0.99"", ""--local-search"", ""false"", ""--stop"", ""gen"", ""--max-gen"", ""100"", ""--edge-epsilon"", ""1e-06"", ""--save-generation-trace"", ""true"", ""--save-linkage-events"", ""false"", ""--save-graph-snapshots"", ""false"", ""--graph-snapshot-interval"", ""1"", ""--graph-snapshot-min-weight"", ""0.0"", ""--lr-gap-gen"", ""1"", ""--lr-min-samples"", ""10"", ""--lr-sparse-alpha"", ""0.001"", ""--lr-auto-alpha"", ""true"", ""--lr-alpha-c"", ""0.2"", ""--lr-delta"", ""0.05"", ""--lr-auto-min-samples"", ""true"", ""--lr-min-samples-c"", ""2.0"", ""--lr-stability-subsamples"", ""0"", ""--lr-stability-fraction"", ""0.75"", ""--lr-edge-min-weight"", ""0.0"", ""--lr-encoding"", ""binary"", ""--lr-solver"", ""auto"", ""--lr-matrix-free-threshold"", ""700"", ""--lr-matrix-free-max-iter"", ""8"", ""--lr-matrix-free-tol"", ""0.0001"", ""--lr-matrix-free-step-scale"", ""0.5"", ""--lr-matrix-free-dtype"", ""float32"", ""--build-building-blocks"", ""false"", ""--bb-weight-mode"", ""positive"", ""--bb-search-mode"", ""none"", ""--bb-min-block-size"", ""2"", ""--bb-max-blocks"", ""20"", ""--bb-snapshot-interval"", ""1"", ""--bb-external-penalty"", ""0.25"", ""--bb-size-penalty"", ""0.01"", ""--bb-pattern-top-fraction"", ""0.2"", ""--bb-pattern-min-support"", ""2"", ""--bb-refine-fraction"", ""0.2"", ""--bb-accept-equal-sparser"", ""true"", ""--bb-shuffle-blocks"", ""true"", ""--bb-signed-repair-probability"", ""0.75"", ""--pre-lr-explore"", ""false"", ""--pre-lr-mutation-multiplier"", ""3.0"", ""--pre-lr-immigrant-rate"", ""0.1"", ""--artifact-layout"", ""nested"", ""--write-aggregate-outputs"", ""false"", ""--lr-expected-edges"", ""60"", ""--lr-refit-expected-edges"", ""30"", ""--bb-gawll-update-interval"", ""10"", ""--bb-max-refine-trials"", ""10"", ""--repeat-id"", ""2"", ""--outer-fold-id"", ""3""]"
24,ORL_asu,2,0,0,0,..\Results\results_fs_uniform_positive_medium_highdim\ORL_asu\standard_ga,"[""ORL_asu"", ""2"", ""0"", ""--data-dir"", ""../Dataset/prepared_feature_selection"", ""--output-dir"", ""..\\Results\\results_fs_uniform_positive_medium_highdim\\ORL_asu\\standard_ga"", ""--outer-folds"", ""4"", ""--inner-folds"", ""4"", ""--repeats"", ""3"", ""--seed"", ""1"", ""--shuffle"", ""true"", ""--popsize"", ""100"", ""--p-cross"", ""0.4"", ""--tournament-size"", ""3"", ""--tau-reset"", ""50"", ""--resetpop-rate"", ""0.99"", ""--local-search"", ""false"", ""--stop"", ""gen"", ""--max-gen"", ""100"", ""--edge-epsilon"", ""1e-06"", ""--save-generation-trace"", ""true"", ""--save-linkage-events"", ""false"", ""--save-graph-snapshots"", ""false"", ""--graph-snapshot-interval"", ""1"", ""--graph-snapshot-min-weight"", ""0.0"", ""--lr-gap-gen"", ""1"", ""--lr-min-samples"", ""10"", ""--lr-sparse-alpha"", ""0.001"", ""--lr-auto-alpha"", ""true"", ""--lr-alpha-c"", ""0.2"", ""--lr-delta"", ""0.05"", ""--lr-auto-min-samples"", ""true"", ""--lr-min-samples-c"", ""2.0"", ""--lr-stability-subsamples"", ""0"", ""--lr-stability-fraction"", ""0.75"", ""--lr-edge-min-weight"", ""0.0"", ""--lr-encoding"", ""binary"", ""--lr-solver"", ""auto"", ""--lr-matrix-free-threshold"", ""700"", ""--lr-matrix-free-max-iter"", ""8"", ""--lr-matrix-free-tol"", ""0.0001"", ""--lr-matrix-free-step-scale"", ""0.5"", ""--lr-matrix-free-dtype"", ""float32"", ""--build-building-blocks"", ""false"", ""--bb-weight-mode"", ""positive"", ""--bb-search-mode"", ""none"", ""--bb-min-block-size"", ""2"", ""--bb-max-blocks"", ""20"", ""--bb-snapshot-interval"", ""1"", ""--bb-external-penalty"", ""0.25"", ""--bb-size-penalty"", ""0.01"", ""--bb-pattern-top-fraction"", ""0.2"", ""--bb-pattern-min-support"", ""2"", ""--bb-refine-fraction"", ""0.2"", ""--bb-accept-equal-sparser"", ""true"", ""--bb-shuffle-blocks"", ""true"", ""--bb-signed-repair-probability"", ""0.75"", ""--pre-lr-explore"", ""false"", ""--pre-lr-mutation-multiplier"", ""3.0"", ""--pre-lr-immigrant-rate"", ""0.1"", ""--artifact-layout"", ""nested"", ""--write-aggregate-outputs"", ""false"", ""--lr-expected-edges"", ""60"", ""--lr-refit-expected-edges"", ""30"", ""--bb-gawll-update-interval"", ""10"", ""--bb-max-refine-trials"", ""10"", ""--repeat-id"", ""0"", ""--outer-fold-id"", ""0""]"
25,ORL_asu,2,0,0,1,..\Results\results_fs_uniform_positive_medium_highdim\ORL_asu\standard_ga,"[""ORL_asu"", ""2"", ""0"", ""--data-dir"", ""../Dataset/prepared_feature_selection"", ""--output-dir"", ""..\\Results\\results_fs_uniform_positive_medium_highdim\\ORL_asu\\standard_ga"", ""--outer-folds"", ""4"", ""--inner-folds"", ""4"", ""--repeats"", ""3"", ""--seed"", ""1"", ""--shuffle"", ""true"", ""--popsize"", ""100"", ""--p-cross"", ""0.4"", ""--tournament-size"", ""3"", ""--tau-reset"", ""50"", ""--resetpop-rate"", ""0.99"", ""--local-search"", ""false"", ""--stop"", ""gen"", ""--max-gen"", ""100"", ""--edge-epsilon"", ""1e-06"", ""--save-generation-trace"", ""true"", ""--save-linkage-events"", ""false"", ""--save-graph-snapshots"", ""false"", ""--graph-snapshot-interval"", ""1"", ""--graph-snapshot-min-weight"", ""0.0"", ""--lr-gap-gen"", ""1"", ""--lr-min-samples"", ""10"", ""--lr-sparse-alpha"", ""0.001"", ""--lr-auto-alpha"", ""true"", ""--lr-alpha-c"", ""0.2"", ""--lr-delta"", ""0.05"", ""--lr-auto-min-samples"", ""true"", ""--lr-min-samples-c"", ""2.0"", ""--lr-stability-subsamples"", ""0"", ""--lr-stability-fraction"", ""0.75"", ""--lr-edge-min-weight"", ""0.0"", ""--lr-encoding"", ""binary"", ""--lr-solver"", ""auto"", ""--lr-matrix-free-threshold"", ""700"", ""--lr-matrix-free-max-iter"", ""8"", ""--lr-matrix-free-tol"", ""0.0001"", ""--lr-matrix-free-step-scale"", ""0.5"", ""--lr-matrix-free-dtype"", ""float32"", ""--build-building-blocks"", ""false"", ""--bb-weight-mode"", ""positive"", ""--bb-search-mode"", ""none"", ""--bb-min-block-size"", ""2"", ""--bb-max-blocks"", ""20"", ""--bb-snapshot-interval"", ""1"", ""--bb-external-penalty"", ""0.25"", ""--bb-size-penalty"", ""0.01"", ""--bb-pattern-top-fraction"", ""0.2"", ""--bb-pattern-min-support"", ""2"", ""--bb-refine-fraction"", ""0.2"", ""--bb-accept-equal-sparser"", ""true"", ""--bb-shuffle-blocks"", ""true"", ""--bb-signed-repair-probability"", ""0.75"", ""--pre-lr-explore"", ""false"", ""--pre-lr-mutation-multiplier"", ""3.0"", ""--pre-lr-immigrant-rate"", ""0.1"", ""--artifact-layout"", ""nested"", ""--write-aggregate-outputs"", ""false"", ""--lr-expected-edges"", ""60"", ""--lr-refit-expected-edges"", ""30"", ""--bb-gawll-update-interval"", ""10"", ""--bb-max-refine-trials"", ""10"", ""--repeat-id"", ""0"", ""--outer-fold-id"", ""1""]"
26,ORL_asu,2,0,0,2,..\Results\results_fs_uniform_positive_medium_highdim\ORL_asu\standard_ga,"[""ORL_asu"", ""2"", ""0"", ""--data-dir"", ""../Dataset/prepared_feature_selection"", ""--output-dir"", ""..\\Results\\results_fs_uniform_positive_medium_highdim\\ORL_asu\\standard_ga"", ""--outer-folds"", ""4"", ""--inner-folds"", ""4"", ""--repeats"", ""3"", ""--seed"", ""1"", ""--shuffle"", ""true"", ""--popsize"", ""100"", ""--p-cross"", ""0.4"", ""--tournament-size"", ""3"", ""--tau-reset"", ""50"", ""--resetpop-rate"", ""0.99"", ""--local-search"", ""false"", ""--stop"", ""gen"", ""--max-gen"", ""100"", ""--edge-epsilon"", ""1e-06"", ""--save-generation-trace"", ""true"", ""--save-linkage-events"", ""false"", ""--save-graph-snapshots"", ""false"", ""--graph-snapshot-interval"", ""1"", ""--graph-snapshot-min-weight"", ""0.0"", ""--lr-gap-gen"", ""1"", ""--lr-min-samples"", ""10"", ""--lr-sparse-alpha"", ""0.001"", ""--lr-auto-alpha"", ""true"", ""--lr-alpha-c"", ""0.2"", ""--lr-delta"", ""0.05"", ""--lr-auto-min-samples"", ""true"", ""--lr-min-samples-c"", ""2.0"", ""--lr-stability-subsamples"", ""0"", ""--lr-stability-fraction"", ""0.75"", ""--lr-edge-min-weight"", ""0.0"", ""--lr-encoding"", ""binary"", ""--lr-solver"", ""auto"", ""--lr-matrix-free-threshold"", ""700"", ""--lr-matrix-free-max-iter"", ""8"", ""--lr-matrix-free-tol"", ""0.0001"", ""--lr-matrix-free-step-scale"", ""0.5"", ""--lr-matrix-free-dtype"", ""float32"", ""--build-building-blocks"", ""false"", ""--bb-weight-mode"", ""positive"", ""--bb-search-mode"", ""none"", ""--bb-min-block-size"", ""2"", ""--bb-max-blocks"", ""20"", ""--bb-snapshot-interval"", ""1"", ""--bb-external-penalty"", ""0.25"", ""--bb-size-penalty"", ""0.01"", ""--bb-pattern-top-fraction"", ""0.2"", ""--bb-pattern-min-support"", ""2"", ""--bb-refine-fraction"", ""0.2"", ""--bb-accept-equal-sparser"", ""true"", ""--bb-shuffle-blocks"", ""true"", ""--bb-signed-repair-probability"", ""0.75"", ""--pre-lr-explore"", ""false"", ""--pre-lr-mutation-multiplier"", ""3.0"", ""--pre-lr-immigrant-rate"", ""0.1"", ""--artifact-layout"", ""nested"", ""--write-aggregate-outputs"", ""false"", ""--lr-expected-edges"", ""60"", ""--lr-refit-expected-edges"", ""30"", ""--bb-gawll-update-interval"", ""10"", ""--bb-max-refine-trials"", ""10"", ""--repeat-id"", ""0"", ""--outer-fold-id"", ""2""]"
27,ORL_asu,2,0,0,3,..\Results\results_fs_uniform_positive_medium_highdim\ORL_asu\standard_ga,"[""ORL_asu"", ""2"", ""0"", ""--data-dir"", ""../Dataset/prepared_feature_selection"", ""--output-dir"", ""..\\Results\\results_fs_uniform_positive_medium_highdim\\ORL_asu\\standard_ga"", ""--outer-folds"", ""4"", ""--inner-folds"", ""4"", ""--repeats"", ""3"", ""--seed"", ""1"", ""--shuffle"", ""true"", ""--popsize"", ""100"", ""--p-cross"", ""0.4"", ""--tournament-size"", ""3"", ""--tau-reset"", ""50"", ""--resetpop-rate"", ""0.99"", ""--local-search"", ""false"", ""--stop"", ""gen"", ""--max-gen"", ""100"", ""--edge-epsilon"", ""1e-06"", ""--save-generation-trace"", ""true"", ""--save-linkage-events"", ""false"", ""--save-graph-snapshots"", ""false"", ""--graph-snapshot-interval"", ""1"", ""--graph-snapshot-min-weight"", ""0.0"", ""--lr-gap-gen"", ""1"", ""--lr-min-samples"", ""10"", ""--lr-sparse-alpha"", ""0.001"", ""--lr-auto-alpha"", ""true"", ""--lr-alpha-c"", ""0.2"", ""--lr-delta"", ""0.05"", ""--lr-auto-min-samples"", ""true"", ""--lr-min-samples-c"", ""2.0"", ""--lr-stability-subsamples"", ""0"", ""--lr-stability-fraction"", ""0.75"", ""--lr-edge-min-weight"", ""0.0"", ""--lr-encoding"", ""binary"", ""--lr-solver"", ""auto"", ""--lr-matrix-free-threshold"", ""700"", ""--lr-matrix-free-max-iter"", ""8"", ""--lr-matrix-free-tol"", ""0.0001"", ""--lr-matrix-free-step-scale"", ""0.5"", ""--lr-matrix-free-dtype"", ""float32"", ""--build-building-blocks"", ""false"", ""--bb-weight-mode"", ""positive"", ""--bb-search-mode"", ""none"", ""--bb-min-block-size"", ""2"", ""--bb-max-blocks"", ""20"", ""--bb-snapshot-interval"", ""1"", ""--bb-external-penalty"", ""0.25"", ""--bb-size-penalty"", ""0.01"", ""--bb-pattern-top-fraction"", ""0.2"", ""--bb-pattern-min-support"", ""2"", ""--bb-refine-fraction"", ""0.2"", ""--bb-accept-equal-sparser"", ""true"", ""--bb-shuffle-blocks"", ""true"", ""--bb-signed-repair-probability"", ""0.75"", ""--pre-lr-explore"", ""false"", ""--pre-lr-mutation-multiplier"", ""3.0"", ""--pre-lr-immigrant-rate"", ""0.1"", ""--artifact-layout"", ""nested"", ""--write-aggregate-outputs"", ""false"", ""--lr-expected-edges"", ""60"", ""--lr-refit-expected-edges"", ""30"", ""--bb-gawll-update-interval"", ""10"", ""--bb-max-refine-trials"", ""10"", ""--repeat-id"", ""0"", ""--outer-fold-id"", ""3""]"
28,ORL_asu,2,0,1,0,..\Results\results_fs_uniform_positive_medium_highdim\ORL_asu\standard_ga,"[""ORL_asu"", ""2"", ""0"", ""--data-dir"", ""../Dataset/prepared_feature_selection"", ""--output-dir"", ""..\\Results\\results_fs_uniform_positive_medium_highdim\\ORL_asu\\standard_ga"", ""--outer-folds"", ""4"", ""--inner-folds"", ""4"", ""--repeats"", ""3"", ""--seed"", ""1"", ""--shuffle"", ""true"", ""--popsize"", ""100"", ""--p-cross"", ""0.4"", ""--tournament-size"", ""3"", ""--tau-reset"", ""50"", ""--resetpop-rate"", ""0.99"", ""--local-search"", ""false"", ""--stop"", ""gen"", ""--max-gen"", ""100"", ""--edge-epsilon"", ""1e-06"", ""--save-generation-trace"", ""true"", ""--save-linkage-events"", ""false"", ""--save-graph-snapshots"", ""false"", ""--graph-snapshot-interval"", ""1"", ""--graph-snapshot-min-weight"", ""0.0"", ""--lr-gap-gen"", ""1"", ""--lr-min-samples"", ""10"", ""--lr-sparse-alpha"", ""0.001"", ""--lr-auto-alpha"", ""true"", ""--lr-alpha-c"", ""0.2"", ""--lr-delta"", ""0.05"", ""--lr-auto-min-samples"", ""true"", ""--lr-min-samples-c"", ""2.0"", ""--lr-stability-subsamples"", ""0"", ""--lr-stability-fraction"", ""0.75"", ""--lr-edge-min-weight"", ""0.0"", ""--lr-encoding"", ""binary"", ""--lr-solver"", ""auto"", ""--lr-matrix-free-threshold"", ""700"", ""--lr-matrix-free-max-iter"", ""8"", ""--lr-matrix-free-tol"", ""0.0001"", ""--lr-matrix-free-step-scale"", ""0.5"", ""--lr-matrix-free-dtype"", ""float32"", ""--build-building-blocks"", ""false"", ""--bb-weight-mode"", ""positive"", ""--bb-search-mode"", ""none"", ""--bb-min-block-size"", ""2"", ""--bb-max-blocks"", ""20"", ""--bb-snapshot-interval"", ""1"", ""--bb-external-penalty"", ""0.25"", ""--bb-size-penalty"", ""0.01"", ""--bb-pattern-top-fraction"", ""0.2"", ""--bb-pattern-min-support"", ""2"", ""--bb-refine-fraction"", ""0.2"", ""--bb-accept-equal-sparser"", ""true"", ""--bb-shuffle-blocks"", ""true"", ""--bb-signed-repair-probability"", ""0.75"", ""--pre-lr-explore"", ""false"", ""--pre-lr-mutation-multiplier"", ""3.0"", ""--pre-lr-immigrant-rate"", ""0.1"", ""--artifact-layout"", ""nested"", ""--write-aggregate-outputs"", ""false"", ""--lr-expected-edges"", ""60"", ""--lr-refit-expected-edges"", ""30"", ""--bb-gawll-update-interval"", ""10"", ""--bb-max-refine-trials"", ""10"", ""--repeat-id"", ""1"", ""--outer-fold-id"", ""0""]"
29,ORL_asu,2,0,1,1,..\Results\results_fs_uniform_positive_medium_highdim\ORL_asu\standard_ga,"[""ORL_asu"", ""2"", ""0"", ""--data-dir"", ""../Dataset/prepared_feature_selection"", ""--output-dir"", ""..\\Results\\results_fs_uniform_positive_medium_highdim\\ORL_asu\\standard_ga"", ""--outer-folds"", ""4"", ""--inner-folds"", ""4"", ""--repeats"", ""3"", ""--seed"", ""1"", ""--shuffle"", ""true"", ""--popsize"", ""100"", ""--p-cross"", ""0.4"", ""--tournament-size"", ""3"", ""--tau-reset"", ""50"", ""--resetpop-rate"", ""0.99"", ""--local-search"", ""false"", ""--stop"", ""gen"", ""--max-gen"", ""100"", ""--edge-epsilon"", ""1e-06"", ""--save-generation-trace"", ""true"", ""--save-linkage-events"", ""false"", ""--save-graph-snapshots"", ""false"", ""--graph-snapshot-interval"", ""1"", ""--graph-snapshot-min-weight"", ""0.0"", ""--lr-gap-gen"", ""1"", ""--lr-min-samples"", ""10"", ""--lr-sparse-alpha"", ""0.001"", ""--lr-auto-alpha"", ""true"", ""--lr-alpha-c"", ""0.2"", ""--lr-delta"", ""0.05"", ""--lr-auto-min-samples"", ""true"", ""--lr-min-samples-c"", ""2.0"", ""--lr-stability-subsamples"", ""0"", ""--lr-stability-fraction"", ""0.75"", ""--lr-edge-min-weight"", ""0.0"", ""--lr-encoding"", ""binary"", ""--lr-solver"", ""auto"", ""--lr-matrix-free-threshold"", ""700"", ""--lr-matrix-free-max-iter"", ""8"", ""--lr-matrix-free-tol"", ""0.0001"", ""--lr-matrix-free-step-scale"", ""0.5"", ""--lr-matrix-free-dtype"", ""float32"", ""--build-building-blocks"", ""false"", ""--bb-weight-mode"", ""positive"", ""--bb-search-mode"", ""none"", ""--bb-min-block-size"", ""2"", ""--bb-max-blocks"", ""20"", ""--bb-snapshot-interval"", ""1"", ""--bb-external-penalty"", ""0.25"", ""--bb-size-penalty"", ""0.01"", ""--bb-pattern-top-fraction"", ""0.2"", ""--bb-pattern-min-support"", ""2"", ""--bb-refine-fraction"", ""0.2"", ""--bb-accept-equal-sparser"", ""true"", ""--bb-shuffle-blocks"", ""true"", ""--bb-signed-repair-probability"", ""0.75"", ""--pre-lr-explore"", ""false"", ""--pre-lr-mutation-multiplier"", ""3.0"", ""--pre-lr-immigrant-rate"", ""0.1"", ""--artifact-layout"", ""nested"", ""--write-aggregate-outputs"", ""false"", ""--lr-expected-edges"", ""60"", ""--lr-refit-expected-edges"", ""30"", ""--bb-gawll-update-interval"", ""10"", ""--bb-max-refine-trials"", ""10"", ""--repeat-id"", ""1"", ""--outer-fold-id"", ""1""]"
30,ORL_asu,2,0,1,2,..\Results\results_fs_uniform_positive_medium_highdim\ORL_asu\standard_ga,"[""ORL_asu"", ""2"", ""0"", ""--data-dir"", ""../Dataset/prepared_feature_selection"", ""--output-dir"", ""..\\Results\\results_fs_uniform_positive_medium_highdim\\ORL_asu\\standard_ga"", ""--outer-folds"", ""4"", ""--inner-folds"", ""4"", ""--repeats"", ""3"", ""--seed"", ""1"", ""--shuffle"", ""true"", ""--popsize"", ""100"", ""--p-cross"", ""0.4"", ""--tournament-size"", ""3"", ""--tau-reset"", ""50"", ""--resetpop-rate"", ""0.99"", ""--local-search"", ""false"", ""--stop"", ""gen"", ""--max-gen"", ""100"", ""--edge-epsilon"", ""1e-06"", ""--save-generation-trace"", ""true"", ""--save-linkage-events"", ""false"", ""--save-graph-snapshots"", ""false"", ""--graph-snapshot-interval"", ""1"", ""--graph-snapshot-min-weight"", ""0.0"", ""--lr-gap-gen"", ""1"", ""--lr-min-samples"", ""10"", ""--lr-sparse-alpha"", ""0.001"", ""--lr-auto-alpha"", ""true"", ""--lr-alpha-c"", ""0.2"", ""--lr-delta"", ""0.05"", ""--lr-auto-min-samples"", ""true"", ""--lr-min-samples-c"", ""2.0"", ""--lr-stability-subsamples"", ""0"", ""--lr-stability-fraction"", ""0.75"", ""--lr-edge-min-weight"", ""0.0"", ""--lr-encoding"", ""binary"", ""--lr-solver"", ""auto"", ""--lr-matrix-free-threshold"", ""700"", ""--lr-matrix-free-max-iter"", ""8"", ""--lr-matrix-free-tol"", ""0.0001"", ""--lr-matrix-free-step-scale"", ""0.5"", ""--lr-matrix-free-dtype"", ""float32"", ""--build-building-blocks"", ""false"", ""--bb-weight-mode"", ""positive"", ""--bb-search-mode"", ""none"", ""--bb-min-block-size"", ""2"", ""--bb-max-blocks"", ""20"", ""--bb-snapshot-interval"", ""1"", ""--bb-external-penalty"", ""0.25"", ""--bb-size-penalty"", ""0.01"", ""--bb-pattern-top-fraction"", ""0.2"", ""--bb-pattern-min-support"", ""2"", ""--bb-refine-fraction"", ""0.2"", ""--bb-accept-equal-sparser"", ""true"", ""--bb-shuffle-blocks"", ""true"", ""--bb-signed-repair-probability"", ""0.75"", ""--pre-lr-explore"", ""false"", ""--pre-lr-mutation-multiplier"", ""3.0"", ""--pre-lr-immigrant-rate"", ""0.1"", ""--artifact-layout"", ""nested"", ""--write-aggregate-outputs"", ""false"", ""--lr-expected-edges"", ""60"", ""--lr-refit-expected-edges"", ""30"", ""--bb-gawll-update-interval"", ""10"", ""--bb-max-refine-trials"", ""10"", ""--repeat-id"", ""1"", ""--outer-fold-id"", ""2""]"
31,ORL_asu,2,0,1,3,..\Results\results_fs_uniform_positive_medium_highdim\ORL_asu\standard_ga,"[""ORL_asu"", ""2"", ""0"", ""--data-dir"", ""../Dataset/prepared_feature_selection"", ""--output-dir"", ""..\\Results\\results_fs_uniform_positive_medium_highdim\\ORL_asu\\standard_ga"", ""--outer-folds"", ""4"", ""--inner-folds"", ""4"", ""--repeats"", ""3"", ""--seed"", ""1"", ""--shuffle"", ""true"", ""--popsize"", ""100"", ""--p-cross"", ""0.4"", ""--tournament-size"", ""3"", ""--tau-reset"", ""50"", ""--resetpop-rate"", ""0.99"", ""--local-search"", ""false"", ""--stop"", ""gen"", ""--max-gen"", ""100"", ""--edge-epsilon"", ""1e-06"", ""--save-generation-trace"", ""true"", ""--save-linkage-events"", ""false"", ""--save-graph-snapshots"", ""false"", ""--graph-snapshot-interval"", ""1"", ""--graph-snapshot-min-weight"", ""0.0"", ""--lr-gap-gen"", ""1"", ""--lr-min-samples"", ""10"", ""--lr-sparse-alpha"", ""0.001"", ""--lr-auto-alpha"", ""true"", ""--lr-alpha-c"", ""0.2"", ""--lr-delta"", ""0.05"", ""--lr-auto-min-samples"", ""true"", ""--lr-min-samples-c"", ""2.0"", ""--lr-stability-subsamples"", ""0"", ""--lr-stability-fraction"", ""0.75"", ""--lr-edge-min-weight"", ""0.0"", ""--lr-encoding"", ""binary"", ""--lr-solver"", ""auto"", ""--lr-matrix-free-threshold"", ""700"", ""--lr-matrix-free-max-iter"", ""8"", ""--lr-matrix-free-tol"", ""0.0001"", ""--lr-matrix-free-step-scale"", ""0.5"", ""--lr-matrix-free-dtype"", ""float32"", ""--build-building-blocks"", ""false"", ""--bb-weight-mode"", ""positive"", ""--bb-search-mode"", ""none"", ""--bb-min-block-size"", ""2"", ""--bb-max-blocks"", ""20"", ""--bb-snapshot-interval"", ""1"", ""--bb-external-penalty"", ""0.25"", ""--bb-size-penalty"", ""0.01"", ""--bb-pattern-top-fraction"", ""0.2"", ""--bb-pattern-min-support"", ""2"", ""--bb-refine-fraction"", ""0.2"", ""--bb-accept-equal-sparser"", ""true"", ""--bb-shuffle-blocks"", ""true"", ""--bb-signed-repair-probability"", ""0.75"", ""--pre-lr-explore"", ""false"", ""--pre-lr-mutation-multiplier"", ""3.0"", ""--pre-lr-immigrant-rate"", ""0.1"", ""--artifact-layout"", ""nested"", ""--write-aggregate-outputs"", ""false"", ""--lr-expected-edges"", ""60"", ""--lr-refit-expected-edges"", ""30"", ""--bb-gawll-update-interval"", ""10"", ""--bb-max-refine-trials"", ""10"", ""--repeat-id"", ""1"", ""--outer-fold-id"", ""3""]"
32,ORL_asu,2,0,2,0,..\Results\results_fs_uniform_positive_medium_highdim\ORL_asu\standard_ga,"[""ORL_asu"", ""2"", ""0"", ""--data-dir"", ""../Dataset/prepared_feature_selection"", ""--output-dir"", ""..\\Results\\results_fs_uniform_positive_medium_highdim\\ORL_asu\\standard_ga"", ""--outer-folds"", ""4"", ""--inner-folds"", ""4"", ""--repeats"", ""3"", ""--seed"", ""1"", ""--shuffle"", ""true"", ""--popsize"", ""100"", ""--p-cross"", ""0.4"", ""--tournament-size"", ""3"", ""--tau-reset"", ""50"", ""--resetpop-rate"", ""0.99"", ""--local-search"", ""false"", ""--stop"", ""gen"", ""--max-gen"", ""100"", ""--edge-epsilon"", ""1e-06"", ""--save-generation-trace"", ""true"", ""--save-linkage-events"", ""false"", ""--save-graph-snapshots"", ""false"", ""--graph-snapshot-interval"", ""1"", ""--graph-snapshot-min-weight"", ""0.0"", ""--lr-gap-gen"", ""1"", ""--lr-min-samples"", ""10"", ""--lr-sparse-alpha"", ""0.001"", ""--lr-auto-alpha"", ""true"", ""--lr-alpha-c"", ""0.2"", ""--lr-delta"", ""0.05"", ""--lr-auto-min-samples"", ""true"", ""--lr-min-samples-c"", ""2.0"", ""--lr-stability-subsamples"", ""0"", ""--lr-stability-fraction"", ""0.75"", ""--lr-edge-min-weight"", ""0.0"", ""--lr-encoding"", ""binary"", ""--lr-solver"", ""auto"", ""--lr-matrix-free-threshold"", ""700"", ""--lr-matrix-free-max-iter"", ""8"", ""--lr-matrix-free-tol"", ""0.0001"", ""--lr-matrix-free-step-scale"", ""0.5"", ""--lr-matrix-free-dtype"", ""float32"", ""--build-building-blocks"", ""false"", ""--bb-weight-mode"", ""positive"", ""--bb-search-mode"", ""none"", ""--bb-min-block-size"", ""2"", ""--bb-max-blocks"", ""20"", ""--bb-snapshot-interval"", ""1"", ""--bb-external-penalty"", ""0.25"", ""--bb-size-penalty"", ""0.01"", ""--bb-pattern-top-fraction"", ""0.2"", ""--bb-pattern-min-support"", ""2"", ""--bb-refine-fraction"", ""0.2"", ""--bb-accept-equal-sparser"", ""true"", ""--bb-shuffle-blocks"", ""true"", ""--bb-signed-repair-probability"", ""0.75"", ""--pre-lr-explore"", ""false"", ""--pre-lr-mutation-multiplier"", ""3.0"", ""--pre-lr-immigrant-rate"", ""0.1"", ""--artifact-layout"", ""nested"", ""--write-aggregate-outputs"", ""false"", ""--lr-expected-edges"", ""60"", ""--lr-refit-expected-edges"", ""30"", ""--bb-gawll-update-interval"", ""10"", ""--bb-max-refine-trials"", ""10"", ""--repeat-id"", ""2"", ""--outer-fold-id"", ""0""]"
33,ORL_asu,2,0,2,1,..\Results\results_fs_uniform_positive_medium_highdim\ORL_asu\standard_ga,"[""ORL_asu"", ""2"", ""0"", ""--data-dir"", ""../Dataset/prepared_feature_selection"", ""--output-dir"", ""..\\Results\\results_fs_uniform_positive_medium_highdim\\ORL_asu\\standard_ga"", ""--outer-folds"", ""4"", ""--inner-folds"", ""4"", ""--repeats"", ""3"", ""--seed"", ""1"", ""--shuffle"", ""true"", ""--popsize"", ""100"", ""--p-cross"", ""0.4"", ""--tournament-size"", ""3"", ""--tau-reset"", ""50"", ""--resetpop-rate"", ""0.99"", ""--local-search"", ""false"", ""--stop"", ""gen"", ""--max-gen"", ""100"", ""--edge-epsilon"", ""1e-06"", ""--save-generation-trace"", ""true"", ""--save-linkage-events"", ""false"", ""--save-graph-snapshots"", ""false"", ""--graph-snapshot-interval"", ""1"", ""--graph-snapshot-min-weight"", ""0.0"", ""--lr-gap-gen"", ""1"", ""--lr-min-samples"", ""10"", ""--lr-sparse-alpha"", ""0.001"", ""--lr-auto-alpha"", ""true"", ""--lr-alpha-c"", ""0.2"", ""--lr-delta"", ""0.05"", ""--lr-auto-min-samples"", ""true"", ""--lr-min-samples-c"", ""2.0"", ""--lr-stability-subsamples"", ""0"", ""--lr-stability-fraction"", ""0.75"", ""--lr-edge-min-weight"", ""0.0"", ""--lr-encoding"", ""binary"", ""--lr-solver"", ""auto"", ""--lr-matrix-free-threshold"", ""700"", ""--lr-matrix-free-max-iter"", ""8"", ""--lr-matrix-free-tol"", ""0.0001"", ""--lr-matrix-free-step-scale"", ""0.5"", ""--lr-matrix-free-dtype"", ""float32"", ""--build-building-blocks"", ""false"", ""--bb-weight-mode"", ""positive"", ""--bb-search-mode"", ""none"", ""--bb-min-block-size"", ""2"", ""--bb-max-blocks"", ""20"", ""--bb-snapshot-interval"", ""1"", ""--bb-external-penalty"", ""0.25"", ""--bb-size-penalty"", ""0.01"", ""--bb-pattern-top-fraction"", ""0.2"", ""--bb-pattern-min-support"", ""2"", ""--bb-refine-fraction"", ""0.2"", ""--bb-accept-equal-sparser"", ""true"", ""--bb-shuffle-blocks"", ""true"", ""--bb-signed-repair-probability"", ""0.75"", ""--pre-lr-explore"", ""false"", ""--pre-lr-mutation-multiplier"", ""3.0"", ""--pre-lr-immigrant-rate"", ""0.1"", ""--artifact-layout"", ""nested"", ""--write-aggregate-outputs"", ""false"", ""--lr-expected-edges"", ""60"", ""--lr-refit-expected-edges"", ""30"", ""--bb-gawll-update-interval"", ""10"", ""--bb-max-refine-trials"", ""10"", ""--repeat-id"", ""2"", ""--outer-fold-id"", ""1""]"
34,ORL_asu,2,0,2,2,..\Results\results_fs_uniform_positive_medium_highdim\ORL_asu\standard_ga,"[""ORL_asu"", ""2"", ""0"", ""--data-dir"", ""../Dataset/prepared_feature_selection"", ""--output-dir"", ""..\\Results\\results_fs_uniform_positive_medium_highdim\\ORL_asu\\standard_ga"", ""--outer-folds"", ""4"", ""--inner-folds"", ""4"", ""--repeats"", ""3"", ""--seed"", ""1"", ""--shuffle"", ""true"", ""--popsize"", ""100"", ""--p-cross"", ""0.4"", ""--tournament-size"", ""3"", ""--tau-reset"", ""50"", ""--resetpop-rate"", ""0.99"", ""--local-search"", ""false"", ""--stop"", ""gen"", ""--max-gen"", ""100"", ""--edge-epsilon"", ""1e-06"", ""--save-generation-trace"", ""true"", ""--save-linkage-events"", ""false"", ""--save-graph-snapshots"", ""false"", ""--graph-snapshot-interval"", ""1"", ""--graph-snapshot-min-weight"", ""0.0"", ""--lr-gap-gen"", ""1"", ""--lr-min-samples"", ""10"", ""--lr-sparse-alpha"", ""0.001"", ""--lr-auto-alpha"", ""true"", ""--lr-alpha-c"", ""0.2"", ""--lr-delta"", ""0.05"", ""--lr-auto-min-samples"", ""true"", ""--lr-min-samples-c"", ""2.0"", ""--lr-stability-subsamples"", ""0"", ""--lr-stability-fraction"", ""0.75"", ""--lr-edge-min-weight"", ""0.0"", ""--lr-encoding"", ""binary"", ""--lr-solver"", ""auto"", ""--lr-matrix-free-threshold"", ""700"", ""--lr-matrix-free-max-iter"", ""8"", ""--lr-matrix-free-tol"", ""0.0001"", ""--lr-matrix-free-step-scale"", ""0.5"", ""--lr-matrix-free-dtype"", ""float32"", ""--build-building-blocks"", ""false"", ""--bb-weight-mode"", ""positive"", ""--bb-search-mode"", ""none"", ""--bb-min-block-size"", ""2"", ""--bb-max-blocks"", ""20"", ""--bb-snapshot-interval"", ""1"", ""--bb-external-penalty"", ""0.25"", ""--bb-size-penalty"", ""0.01"", ""--bb-pattern-top-fraction"", ""0.2"", ""--bb-pattern-min-support"", ""2"", ""--bb-refine-fraction"", ""0.2"", ""--bb-accept-equal-sparser"", ""true"", ""--bb-shuffle-blocks"", ""true"", ""--bb-signed-repair-probability"", ""0.75"", ""--pre-lr-explore"", ""false"", ""--pre-lr-mutation-multiplier"", ""3.0"", ""--pre-lr-immigrant-rate"", ""0.1"", ""--artifact-layout"", ""nested"", ""--write-aggregate-outputs"", ""false"", ""--lr-expected-edges"", ""60"", ""--lr-refit-expected-edges"", ""30"", ""--bb-gawll-update-interval"", ""10"", ""--bb-max-refine-trials"", ""10"", ""--repeat-id"", ""2"", ""--outer-fold-id"", ""2""]"
35,ORL_asu,2,0,2,3,..\Results\results_fs_uniform_positive_medium_highdim\ORL_asu\standard_ga,"[""ORL_asu"", ""2"", ""0"", ""--data-dir"", ""../Dataset/prepared_feature_selection"", ""--output-dir"", ""..\\Results\\results_fs_uniform_positive_medium_highdim\\ORL_asu\\standard_ga"", ""--outer-folds"", ""4"", ""--inner-folds"", ""4"", ""--repeats"", ""3"", ""--seed"", ""1"", ""--shuffle"", ""true"", ""--popsize"", ""100"", ""--p-cross"", ""0.4"", ""--tournament-size"", ""3"", ""--tau-reset"", ""50"", ""--resetpop-rate"", ""0.99"", ""--local-search"", ""false"", ""--stop"", ""gen"", ""--max-gen"", ""100"", ""--edge-epsilon"", ""1e-06"", ""--save-generation-trace"", ""true"", ""--save-linkage-events"", ""false"", ""--save-graph-snapshots"", ""false"", ""--graph-snapshot-interval"", ""1"", ""--graph-snapshot-min-weight"", ""0.0"", ""--lr-gap-gen"", ""1"", ""--lr-min-samples"", ""10"", ""--lr-sparse-alpha"", ""0.001"", ""--lr-auto-alpha"", ""true"", ""--lr-alpha-c"", ""0.2"", ""--lr-delta"", ""0.05"", ""--lr-auto-min-samples"", ""true"", ""--lr-min-samples-c"", ""2.0"", ""--lr-stability-subsamples"", ""0"", ""--lr-stability-fraction"", ""0.75"", ""--lr-edge-min-weight"", ""0.0"", ""--lr-encoding"", ""binary"", ""--lr-solver"", ""auto"", ""--lr-matrix-free-threshold"", ""700"", ""--lr-matrix-free-max-iter"", ""8"", ""--lr-matrix-free-tol"", ""0.0001"", ""--lr-matrix-free-step-scale"", ""0.5"", ""--lr-matrix-free-dtype"", ""float32"", ""--build-building-blocks"", ""false"", ""--bb-weight-mode"", ""positive"", ""--bb-search-mode"", ""none"", ""--bb-min-block-size"", ""2"", ""--bb-max-blocks"", ""20"", ""--bb-snapshot-interval"", ""1"", ""--bb-external-penalty"", ""0.25"", ""--bb-size-penalty"", ""0.01"", ""--bb-pattern-top-fraction"", ""0.2"", ""--bb-pattern-min-support"", ""2"", ""--bb-refine-fraction"", ""0.2"", ""--bb-accept-equal-sparser"", ""true"", ""--bb-shuffle-blocks"", ""true"", ""--bb-signed-repair-probability"", ""0.75"", ""--pre-lr-explore"", ""false"", ""--pre-lr-mutation-multiplier"", ""3.0"", ""--pre-lr-immigrant-rate"", ""0.1"", ""--artifact-layout"", ""nested"", ""--write-aggregate-outputs"", ""false"", ""--lr-expected-edges"", ""60"", ""--lr-refit-expected-edges"", ""30"", ""--bb-gawll-update-interval"", ""10"", ""--bb-max-refine-trials"", ""10"", ""--repeat-id"", ""2"", ""--outer-fold-id"", ""3""]"
36,hiva_agnostic_task363677,2,0,0,0,..\Results\results_fs_uniform_positive_medium_highdim\hiva_agnostic_task363677\standard_ga,"[""hiva_agnostic_task363677"", ""2"", ""0"", ""--data-dir"", ""../Dataset/prepared_feature_selection"", ""--output-dir"", ""..\\Results\\results_fs_uniform_positive_medium_highdim\\hiva_agnostic_task363677\\standard_ga"", ""--outer-folds"", ""4"", ""--inner-folds"", ""4"", ""--repeats"", ""3"", ""--seed"", ""1"", ""--shuffle"", ""true"", ""--popsize"", ""100"", ""--p-cross"", ""0.4"", ""--tournament-size"", ""3"", ""--tau-reset"", ""50"", ""--resetpop-rate"", ""0.99"", ""--local-search"", ""false"", ""--stop"", ""gen"", ""--max-gen"", ""100"", ""--edge-epsilon"", ""1e-06"", ""--save-generation-trace"", ""true"", ""--save-linkage-events"", ""false"", ""--save-graph-snapshots"", ""false"", ""--graph-snapshot-interval"", ""1"", ""--graph-snapshot-min-weight"", ""0.0"", ""--lr-gap-gen"", ""1"", ""--lr-min-samples"", ""10"", ""--lr-sparse-alpha"", ""0.001"", ""--lr-auto-alpha"", ""true"", ""--lr-alpha-c"", ""0.2"", ""--lr-delta"", ""0.05"", ""--lr-auto-min-samples"", ""true"", ""--lr-min-samples-c"", ""2.0"", ""--lr-stability-subsamples"", ""0"", ""--lr-stability-fraction"", ""0.75"", ""--lr-edge-min-weight"", ""0.0"", ""--lr-encoding"", ""binary"", ""--lr-solver"", ""auto"", ""--lr-matrix-free-threshold"", ""700"", ""--lr-matrix-free-max-iter"", ""8"", ""--lr-matrix-free-tol"", ""0.0001"", ""--lr-matrix-free-step-scale"", ""0.5"", ""--lr-matrix-free-dtype"", ""float32"", ""--build-building-blocks"", ""false"", ""--bb-weight-mode"", ""positive"", ""--bb-search-mode"", ""none"", ""--bb-min-block-size"", ""2"", ""--bb-max-blocks"", ""20"", ""--bb-snapshot-interval"", ""1"", ""--bb-external-penalty"", ""0.25"", ""--bb-size-penalty"", ""0.01"", ""--bb-pattern-top-fraction"", ""0.2"", ""--bb-pattern-min-support"", ""2"", ""--bb-refine-fraction"", ""0.2"", ""--bb-accept-equal-sparser"", ""true"", ""--bb-shuffle-blocks"", ""true"", ""--bb-signed-repair-probability"", ""0.75"", ""--pre-lr-explore"", ""false"", ""--pre-lr-mutation-multiplier"", ""3.0"", ""--pre-lr-immigrant-rate"", ""0.1"", ""--artifact-layout"", ""nested"", ""--write-aggregate-outputs"", ""false"", ""--lr-expected-edges"", ""60"", ""--lr-refit-expected-edges"", ""30"", ""--bb-gawll-update-interval"", ""10"", ""--bb-max-refine-trials"", ""10"", ""--repeat-id"", ""0"", ""--outer-fold-id"", ""0""]"
37,hiva_agnostic_task363677,2,0,0,1,..\Results\results_fs_uniform_positive_medium_highdim\hiva_agnostic_task363677\standard_ga,"[""hiva_agnostic_task363677"", ""2"", ""0"", ""--data-dir"", ""../Dataset/prepared_feature_selection"", ""--output-dir"", ""..\\Results\\results_fs_uniform_positive_medium_highdim\\hiva_agnostic_task363677\\standard_ga"", ""--outer-folds"", ""4"", ""--inner-folds"", ""4"", ""--repeats"", ""3"", ""--seed"", ""1"", ""--shuffle"", ""true"", ""--popsize"", ""100"", ""--p-cross"", ""0.4"", ""--tournament-size"", ""3"", ""--tau-reset"", ""50"", ""--resetpop-rate"", ""0.99"", ""--local-search"", ""false"", ""--stop"", ""gen"", ""--max-gen"", ""100"", ""--edge-epsilon"", ""1e-06"", ""--save-generation-trace"", ""true"", ""--save-linkage-events"", ""false"", ""--save-graph-snapshots"", ""false"", ""--graph-snapshot-interval"", ""1"", ""--graph-snapshot-min-weight"", ""0.0"", ""--lr-gap-gen"", ""1"", ""--lr-min-samples"", ""10"", ""--lr-sparse-alpha"", ""0.001"", ""--lr-auto-alpha"", ""true"", ""--lr-alpha-c"", ""0.2"", ""--lr-delta"", ""0.05"", ""--lr-auto-min-samples"", ""true"", ""--lr-min-samples-c"", ""2.0"", ""--lr-stability-subsamples"", ""0"", ""--lr-stability-fraction"", ""0.75"", ""--lr-edge-min-weight"", ""0.0"", ""--lr-encoding"", ""binary"", ""--lr-solver"", ""auto"", ""--lr-matrix-free-threshold"", ""700"", ""--lr-matrix-free-max-iter"", ""8"", ""--lr-matrix-free-tol"", ""0.0001"", ""--lr-matrix-free-step-scale"", ""0.5"", ""--lr-matrix-free-dtype"", ""float32"", ""--build-building-blocks"", ""false"", ""--bb-weight-mode"", ""positive"", ""--bb-search-mode"", ""none"", ""--bb-min-block-size"", ""2"", ""--bb-max-blocks"", ""20"", ""--bb-snapshot-interval"", ""1"", ""--bb-external-penalty"", ""0.25"", ""--bb-size-penalty"", ""0.01"", ""--bb-pattern-top-fraction"", ""0.2"", ""--bb-pattern-min-support"", ""2"", ""--bb-refine-fraction"", ""0.2"", ""--bb-accept-equal-sparser"", ""true"", ""--bb-shuffle-blocks"", ""true"", ""--bb-signed-repair-probability"", ""0.75"", ""--pre-lr-explore"", ""false"", ""--pre-lr-mutation-multiplier"", ""3.0"", ""--pre-lr-immigrant-rate"", ""0.1"", ""--artifact-layout"", ""nested"", ""--write-aggregate-outputs"", ""false"", ""--lr-expected-edges"", ""60"", ""--lr-refit-expected-edges"", ""30"", ""--bb-gawll-update-interval"", ""10"", ""--bb-max-refine-trials"", ""10"", ""--repeat-id"", ""0"", ""--outer-fold-id"", ""1""]"
38,hiva_agnostic_task363677,2,0,0,2,..\Results\results_fs_uniform_positive_medium_highdim\hiva_agnostic_task363677\standard_ga,"[""hiva_agnostic_task363677"", ""2"", ""0"", ""--data-dir"", ""../Dataset/prepared_feature_selection"", ""--output-dir"", ""..\\Results\\results_fs_uniform_positive_medium_highdim\\hiva_agnostic_task363677\\standard_ga"", ""--outer-folds"", ""4"", ""--inner-folds"", ""4"", ""--repeats"", ""3"", ""--seed"", ""1"", ""--shuffle"", ""true"", ""--popsize"", ""100"", ""--p-cross"", ""0.4"", ""--tournament-size"", ""3"", ""--tau-reset"", ""50"", ""--resetpop-rate"", ""0.99"", ""--local-search"", ""false"", ""--stop"", ""gen"", ""--max-gen"", ""100"", ""--edge-epsilon"", ""1e-06"", ""--save-generation-trace"", ""true"", ""--save-linkage-events"", ""false"", ""--save-graph-snapshots"", ""false"", ""--graph-snapshot-interval"", ""1"", ""--graph-snapshot-min-weight"", ""0.0"", ""--lr-gap-gen"", ""1"", ""--lr-min-samples"", ""10"", ""--lr-sparse-alpha"", ""0.001"", ""--lr-auto-alpha"", ""true"", ""--lr-alpha-c"", ""0.2"", ""--lr-delta"", ""0.05"", ""--lr-auto-min-samples"", ""true"", ""--lr-min-samples-c"", ""2.0"", ""--lr-stability-subsamples"", ""0"", ""--lr-stability-fraction"", ""0.75"", ""--lr-edge-min-weight"", ""0.0"", ""--lr-encoding"", ""binary"", ""--lr-solver"", ""auto"", ""--lr-matrix-free-threshold"", ""700"", ""--lr-matrix-free-max-iter"", ""8"", ""--lr-matrix-free-tol"", ""0.0001"", ""--lr-matrix-free-step-scale"", ""0.5"", ""--lr-matrix-free-dtype"", ""float32"", ""--build-building-blocks"", ""false"", ""--bb-weight-mode"", ""positive"", ""--bb-search-mode"", ""none"", ""--bb-min-block-size"", ""2"", ""--bb-max-blocks"", ""20"", ""--bb-snapshot-interval"", ""1"", ""--bb-external-penalty"", ""0.25"", ""--bb-size-penalty"", ""0.01"", ""--bb-pattern-top-fraction"", ""0.2"", ""--bb-pattern-min-support"", ""2"", ""--bb-refine-fraction"", ""0.2"", ""--bb-accept-equal-sparser"", ""true"", ""--bb-shuffle-blocks"", ""true"", ""--bb-signed-repair-probability"", ""0.75"", ""--pre-lr-explore"", ""false"", ""--pre-lr-mutation-multiplier"", ""3.0"", ""--pre-lr-immigrant-rate"", ""0.1"", ""--artifact-layout"", ""nested"", ""--write-aggregate-outputs"", ""false"", ""--lr-expected-edges"", ""60"", ""--lr-refit-expected-edges"", ""30"", ""--bb-gawll-update-interval"", ""10"", ""--bb-max-refine-trials"", ""10"", ""--repeat-id"", ""0"", ""--outer-fold-id"", ""2""]"
39,hiva_agnostic_task363677,2,0,0,3,..\Results\results_fs_uniform_positive_medium_highdim\hiva_agnostic_task363677\standard_ga,"[""hiva_agnostic_task363677"", ""2"", ""0"", ""--data-dir"", ""../Dataset/prepared_feature_selection"", ""--output-dir"", ""..\\Results\\results_fs_uniform_positive_medium_highdim\\hiva_agnostic_task363677\\standard_ga"", ""--outer-folds"", ""4"", ""--inner-folds"", ""4"", ""--repeats"", ""3"", ""--seed"", ""1"", ""--shuffle"", ""true"", ""--popsize"", ""100"", ""--p-cross"", ""0.4"", ""--tournament-size"", ""3"", ""--tau-reset"", ""50"", ""--resetpop-rate"", ""0.99"", ""--local-search"", ""false"", ""--stop"", ""gen"", ""--max-gen"", ""100"", ""--edge-epsilon"", ""1e-06"", ""--save-generation-trace"", ""true"", ""--save-linkage-events"", ""false"", ""--save-graph-snapshots"", ""false"", ""--graph-snapshot-interval"", ""1"", ""--graph-snapshot-min-weight"", ""0.0"", ""--lr-gap-gen"", ""1"", ""--lr-min-samples"", ""10"", ""--lr-sparse-alpha"", ""0.001"", ""--lr-auto-alpha"", ""true"", ""--lr-alpha-c"", ""0.2"", ""--lr-delta"", ""0.05"", ""--lr-auto-min-samples"", ""true"", ""--lr-min-samples-c"", ""2.0"", ""--lr-stability-subsamples"", ""0"", ""--lr-stability-fraction"", ""0.75"", ""--lr-edge-min-weight"", ""0.0"", ""--lr-encoding"", ""binary"", ""--lr-solver"", ""auto"", ""--lr-matrix-free-threshold"", ""700"", ""--lr-matrix-free-max-iter"", ""8"", ""--lr-matrix-free-tol"", ""0.0001"", ""--lr-matrix-free-step-scale"", ""0.5"", ""--lr-matrix-free-dtype"", ""float32"", ""--build-building-blocks"", ""false"", ""--bb-weight-mode"", ""positive"", ""--bb-search-mode"", ""none"", ""--bb-min-block-size"", ""2"", ""--bb-max-blocks"", ""20"", ""--bb-snapshot-interval"", ""1"", ""--bb-external-penalty"", ""0.25"", ""--bb-size-penalty"", ""0.01"", ""--bb-pattern-top-fraction"", ""0.2"", ""--bb-pattern-min-support"", ""2"", ""--bb-refine-fraction"", ""0.2"", ""--bb-accept-equal-sparser"", ""true"", ""--bb-shuffle-blocks"", ""true"", ""--bb-signed-repair-probability"", ""0.75"", ""--pre-lr-explore"", ""false"", ""--pre-lr-mutation-multiplier"", ""3.0"", ""--pre-lr-immigrant-rate"", ""0.1"", ""--artifact-layout"", ""nested"", ""--write-aggregate-outputs"", ""false"", ""--lr-expected-edges"", ""60"", ""--lr-refit-expected-edges"", ""30"", ""--bb-gawll-update-interval"", ""10"", ""--bb-max-refine-trials"", ""10"", ""--repeat-id"", ""0"", ""--outer-fold-id"", ""3""]"
40,hiva_agnostic_task363677,2,0,1,0,..\Results\results_fs_uniform_positive_medium_highdim\hiva_agnostic_task363677\standard_ga,"[""hiva_agnostic_task363677"", ""2"", ""0"", ""--data-dir"", ""../Dataset/prepared_feature_selection"", ""--output-dir"", ""..\\Results\\results_fs_uniform_positive_medium_highdim\\hiva_agnostic_task363677\\standard_ga"", ""--outer-folds"", ""4"", ""--inner-folds"", ""4"", ""--repeats"", ""3"", ""--seed"", ""1"", ""--shuffle"", ""true"", ""--popsize"", ""100"", ""--p-cross"", ""0.4"", ""--tournament-size"", ""3"", ""--tau-reset"", ""50"", ""--resetpop-rate"", ""0.99"", ""--local-search"", ""false"", ""--stop"", ""gen"", ""--max-gen"", ""100"", ""--edge-epsilon"", ""1e-06"", ""--save-generation-trace"", ""true"", ""--save-linkage-events"", ""false"", ""--save-graph-snapshots"", ""false"", ""--graph-snapshot-interval"", ""1"", ""--graph-snapshot-min-weight"", ""0.0"", ""--lr-gap-gen"", ""1"", ""--lr-min-samples"", ""10"", ""--lr-sparse-alpha"", ""0.001"", ""--lr-auto-alpha"", ""true"", ""--lr-alpha-c"", ""0.2"", ""--lr-delta"", ""0.05"", ""--lr-auto-min-samples"", ""true"", ""--lr-min-samples-c"", ""2.0"", ""--lr-stability-subsamples"", ""0"", ""--lr-stability-fraction"", ""0.75"", ""--lr-edge-min-weight"", ""0.0"", ""--lr-encoding"", ""binary"", ""--lr-solver"", ""auto"", ""--lr-matrix-free-threshold"", ""700"", ""--lr-matrix-free-max-iter"", ""8"", ""--lr-matrix-free-tol"", ""0.0001"", ""--lr-matrix-free-step-scale"", ""0.5"", ""--lr-matrix-free-dtype"", ""float32"", ""--build-building-blocks"", ""false"", ""--bb-weight-mode"", ""positive"", ""--bb-search-mode"", ""none"", ""--bb-min-block-size"", ""2"", ""--bb-max-blocks"", ""20"", ""--bb-snapshot-interval"", ""1"", ""--bb-external-penalty"", ""0.25"", ""--bb-size-penalty"", ""0.01"", ""--bb-pattern-top-fraction"", ""0.2"", ""--bb-pattern-min-support"", ""2"", ""--bb-refine-fraction"", ""0.2"", ""--bb-accept-equal-sparser"", ""true"", ""--bb-shuffle-blocks"", ""true"", ""--bb-signed-repair-probability"", ""0.75"", ""--pre-lr-explore"", ""false"", ""--pre-lr-mutation-multiplier"", ""3.0"", ""--pre-lr-immigrant-rate"", ""0.1"", ""--artifact-layout"", ""nested"", ""--write-aggregate-outputs"", ""false"", ""--lr-expected-edges"", ""60"", ""--lr-refit-expected-edges"", ""30"", ""--bb-gawll-update-interval"", ""10"", ""--bb-max-refine-trials"", ""10"", ""--repeat-id"", ""1"", ""--outer-fold-id"", ""0""]"
41,hiva_agnostic_task363677,2,0,1,1,..\Results\results_fs_uniform_positive_medium_highdim\hiva_agnostic_task363677\standard_ga,"[""hiva_agnostic_task363677"", ""2"", ""0"", ""--data-dir"", ""../Dataset/prepared_feature_selection"", ""--output-dir"", ""..\\Results\\results_fs_uniform_positive_medium_highdim\\hiva_agnostic_task363677\\standard_ga"", ""--outer-folds"", ""4"", ""--inner-folds"", ""4"", ""--repeats"", ""3"", ""--seed"", ""1"", ""--shuffle"", ""true"", ""--popsize"", ""100"", ""--p-cross"", ""0.4"", ""--tournament-size"", ""3"", ""--tau-reset"", ""50"", ""--resetpop-rate"", ""0.99"", ""--local-search"", ""false"", ""--stop"", ""gen"", ""--max-gen"", ""100"", ""--edge-epsilon"", ""1e-06"", ""--save-generation-trace"", ""true"", ""--save-linkage-events"", ""false"", ""--save-graph-snapshots"", ""false"", ""--graph-snapshot-interval"", ""1"", ""--graph-snapshot-min-weight"", ""0.0"", ""--lr-gap-gen"", ""1"", ""--lr-min-samples"", ""10"", ""--lr-sparse-alpha"", ""0.001"", ""--lr-auto-alpha"", ""true"", ""--lr-alpha-c"", ""0.2"", ""--lr-delta"", ""0.05"", ""--lr-auto-min-samples"", ""true"", ""--lr-min-samples-c"", ""2.0"", ""--lr-stability-subsamples"", ""0"", ""--lr-stability-fraction"", ""0.75"", ""--lr-edge-min-weight"", ""0.0"", ""--lr-encoding"", ""binary"", ""--lr-solver"", ""auto"", ""--lr-matrix-free-threshold"", ""700"", ""--lr-matrix-free-max-iter"", ""8"", ""--lr-matrix-free-tol"", ""0.0001"", ""--lr-matrix-free-step-scale"", ""0.5"", ""--lr-matrix-free-dtype"", ""float32"", ""--build-building-blocks"", ""false"", ""--bb-weight-mode"", ""positive"", ""--bb-search-mode"", ""none"", ""--bb-min-block-size"", ""2"", ""--bb-max-blocks"", ""20"", ""--bb-snapshot-interval"", ""1"", ""--bb-external-penalty"", ""0.25"", ""--bb-size-penalty"", ""0.01"", ""--bb-pattern-top-fraction"", ""0.2"", ""--bb-pattern-min-support"", ""2"", ""--bb-refine-fraction"", ""0.2"", ""--bb-accept-equal-sparser"", ""true"", ""--bb-shuffle-blocks"", ""true"", ""--bb-signed-repair-probability"", ""0.75"", ""--pre-lr-explore"", ""false"", ""--pre-lr-mutation-multiplier"", ""3.0"", ""--pre-lr-immigrant-rate"", ""0.1"", ""--artifact-layout"", ""nested"", ""--write-aggregate-outputs"", ""false"", ""--lr-expected-edges"", ""60"", ""--lr-refit-expected-edges"", ""30"", ""--bb-gawll-update-interval"", ""10"", ""--bb-max-refine-trials"", ""10"", ""--repeat-id"", ""1"", ""--outer-fold-id"", ""1""]"
42,hiva_agnostic_task363677,2,0,1,2,..\Results\results_fs_uniform_positive_medium_highdim\hiva_agnostic_task363677\standard_ga,"[""hiva_agnostic_task363677"", ""2"", ""0"", ""--data-dir"", ""../Dataset/prepared_feature_selection"", ""--output-dir"", ""..\\Results\\results_fs_uniform_positive_medium_highdim\\hiva_agnostic_task363677\\standard_ga"", ""--outer-folds"", ""4"", ""--inner-folds"", ""4"", ""--repeats"", ""3"", ""--seed"", ""1"", ""--shuffle"", ""true"", ""--popsize"", ""100"", ""--p-cross"", ""0.4"", ""--tournament-size"", ""3"", ""--tau-reset"", ""50"", ""--resetpop-rate"", ""0.99"", ""--local-search"", ""false"", ""--stop"", ""gen"", ""--max-gen"", ""100"", ""--edge-epsilon"", ""1e-06"", ""--save-generation-trace"", ""true"", ""--save-linkage-events"", ""false"", ""--save-graph-snapshots"", ""false"", ""--graph-snapshot-interval"", ""1"", ""--graph-snapshot-min-weight"", ""0.0"", ""--lr-gap-gen"", ""1"", ""--lr-min-samples"", ""10"", ""--lr-sparse-alpha"", ""0.001"", ""--lr-auto-alpha"", ""true"", ""--lr-alpha-c"", ""0.2"", ""--lr-delta"", ""0.05"", ""--lr-auto-min-samples"", ""true"", ""--lr-min-samples-c"", ""2.0"", ""--lr-stability-subsamples"", ""0"", ""--lr-stability-fraction"", ""0.75"", ""--lr-edge-min-weight"", ""0.0"", ""--lr-encoding"", ""binary"", ""--lr-solver"", ""auto"", ""--lr-matrix-free-threshold"", ""700"", ""--lr-matrix-free-max-iter"", ""8"", ""--lr-matrix-free-tol"", ""0.0001"", ""--lr-matrix-free-step-scale"", ""0.5"", ""--lr-matrix-free-dtype"", ""float32"", ""--build-building-blocks"", ""false"", ""--bb-weight-mode"", ""positive"", ""--bb-search-mode"", ""none"", ""--bb-min-block-size"", ""2"", ""--bb-max-blocks"", ""20"", ""--bb-snapshot-interval"", ""1"", ""--bb-external-penalty"", ""0.25"", ""--bb-size-penalty"", ""0.01"", ""--bb-pattern-top-fraction"", ""0.2"", ""--bb-pattern-min-support"", ""2"", ""--bb-refine-fraction"", ""0.2"", ""--bb-accept-equal-sparser"", ""true"", ""--bb-shuffle-blocks"", ""true"", ""--bb-signed-repair-probability"", ""0.75"", ""--pre-lr-explore"", ""false"", ""--pre-lr-mutation-multiplier"", ""3.0"", ""--pre-lr-immigrant-rate"", ""0.1"", ""--artifact-layout"", ""nested"", ""--write-aggregate-outputs"", ""false"", ""--lr-expected-edges"", ""60"", ""--lr-refit-expected-edges"", ""30"", ""--bb-gawll-update-interval"", ""10"", ""--bb-max-refine-trials"", ""10"", ""--repeat-id"", ""1"", ""--outer-fold-id"", ""2""]"
43,hiva_agnostic_task363677,2,0,1,3,..\Results\results_fs_uniform_positive_medium_highdim\hiva_agnostic_task363677\standard_ga,"[""hiva_agnostic_task363677"", ""2"", ""0"", ""--data-dir"", ""../Dataset/prepared_feature_selection"", ""--output-dir"", ""..\\Results\\results_fs_uniform_positive_medium_highdim\\hiva_agnostic_task363677\\standard_ga"", ""--outer-folds"", ""4"", ""--inner-folds"", ""4"", ""--repeats"", ""3"", ""--seed"", ""1"", ""--shuffle"", ""true"", ""--popsize"", ""100"", ""--p-cross"", ""0.4"", ""--tournament-size"", ""3"", ""--tau-reset"", ""50"", ""--resetpop-rate"", ""0.99"", ""--local-search"", ""false"", ""--stop"", ""gen"", ""--max-gen"", ""100"", ""--edge-epsilon"", ""1e-06"", ""--save-generation-trace"", ""true"", ""--save-linkage-events"", ""false"", ""--save-graph-snapshots"", ""false"", ""--graph-snapshot-interval"", ""1"", ""--graph-snapshot-min-weight"", ""0.0"", ""--lr-gap-gen"", ""1"", ""--lr-min-samples"", ""10"", ""--lr-sparse-alpha"", ""0.001"", ""--lr-auto-alpha"", ""true"", ""--lr-alpha-c"", ""0.2"", ""--lr-delta"", ""0.05"", ""--lr-auto-min-samples"", ""true"", ""--lr-min-samples-c"", ""2.0"", ""--lr-stability-subsamples"", ""0"", ""--lr-stability-fraction"", ""0.75"", ""--lr-edge-min-weight"", ""0.0"", ""--lr-encoding"", ""binary"", ""--lr-solver"", ""auto"", ""--lr-matrix-free-threshold"", ""700"", ""--lr-matrix-free-max-iter"", ""8"", ""--lr-matrix-free-tol"", ""0.0001"", ""--lr-matrix-free-step-scale"", ""0.5"", ""--lr-matrix-free-dtype"", ""float32"", ""--build-building-blocks"", ""false"", ""--bb-weight-mode"", ""positive"", ""--bb-search-mode"", ""none"", ""--bb-min-block-size"", ""2"", ""--bb-max-blocks"", ""20"", ""--bb-snapshot-interval"", ""1"", ""--bb-external-penalty"", ""0.25"", ""--bb-size-penalty"", ""0.01"", ""--bb-pattern-top-fraction"", ""0.2"", ""--bb-pattern-min-support"", ""2"", ""--bb-refine-fraction"", ""0.2"", ""--bb-accept-equal-sparser"", ""true"", ""--bb-shuffle-blocks"", ""true"", ""--bb-signed-repair-probability"", ""0.75"", ""--pre-lr-explore"", ""false"", ""--pre-lr-mutation-multiplier"", ""3.0"", ""--pre-lr-immigrant-rate"", ""0.1"", ""--artifact-layout"", ""nested"", ""--write-aggregate-outputs"", ""false"", ""--lr-expected-edges"", ""60"", ""--lr-refit-expected-edges"", ""30"", ""--bb-gawll-update-interval"", ""10"", ""--bb-max-refine-trials"", ""10"", ""--repeat-id"", ""1"", ""--outer-fold-id"", ""3""]"
44,hiva_agnostic_task363677,2,0,2,0,..\Results\results_fs_uniform_positive_medium_highdim\hiva_agnostic_task363677\standard_ga,"[""hiva_agnostic_task363677"", ""2"", ""0"", ""--data-dir"", ""../Dataset/prepared_feature_selection"", ""--output-dir"", ""..\\Results\\results_fs_uniform_positive_medium_highdim\\hiva_agnostic_task363677\\standard_ga"", ""--outer-folds"", ""4"", ""--inner-folds"", ""4"", ""--repeats"", ""3"", ""--seed"", ""1"", ""--shuffle"", ""true"", ""--popsize"", ""100"", ""--p-cross"", ""0.4"", ""--tournament-size"", ""3"", ""--tau-reset"", ""50"", ""--resetpop-rate"", ""0.99"", ""--local-search"", ""false"", ""--stop"", ""gen"", ""--max-gen"", ""100"", ""--edge-epsilon"", ""1e-06"", ""--save-generation-trace"", ""true"", ""--save-linkage-events"", ""false"", ""--save-graph-snapshots"", ""false"", ""--graph-snapshot-interval"", ""1"", ""--graph-snapshot-min-weight"", ""0.0"", ""--lr-gap-gen"", ""1"", ""--lr-min-samples"", ""10"", ""--lr-sparse-alpha"", ""0.001"", ""--lr-auto-alpha"", ""true"", ""--lr-alpha-c"", ""0.2"", ""--lr-delta"", ""0.05"", ""--lr-auto-min-samples"", ""true"", ""--lr-min-samples-c"", ""2.0"", ""--lr-stability-subsamples"", ""0"", ""--lr-stability-fraction"", ""0.75"", ""--lr-edge-min-weight"", ""0.0"", ""--lr-encoding"", ""binary"", ""--lr-solver"", ""auto"", ""--lr-matrix-free-threshold"", ""700"", ""--lr-matrix-free-max-iter"", ""8"", ""--lr-matrix-free-tol"", ""0.0001"", ""--lr-matrix-free-step-scale"", ""0.5"", ""--lr-matrix-free-dtype"", ""float32"", ""--build-building-blocks"", ""false"", ""--bb-weight-mode"", ""positive"", ""--bb-search-mode"", ""none"", ""--bb-min-block-size"", ""2"", ""--bb-max-blocks"", ""20"", ""--bb-snapshot-interval"", ""1"", ""--bb-external-penalty"", ""0.25"", ""--bb-size-penalty"", ""0.01"", ""--bb-pattern-top-fraction"", ""0.2"", ""--bb-pattern-min-support"", ""2"", ""--bb-refine-fraction"", ""0.2"", ""--bb-accept-equal-sparser"", ""true"", ""--bb-shuffle-blocks"", ""true"", ""--bb-signed-repair-probability"", ""0.75"", ""--pre-lr-explore"", ""false"", ""--pre-lr-mutation-multiplier"", ""3.0"", ""--pre-lr-immigrant-rate"", ""0.1"", ""--artifact-layout"", ""nested"", ""--write-aggregate-outputs"", ""false"", ""--lr-expected-edges"", ""60"", ""--lr-refit-expected-edges"", ""30"", ""--bb-gawll-update-interval"", ""10"", ""--bb-max-refine-trials"", ""10"", ""--repeat-id"", ""2"", ""--outer-fold-id"", ""0""]"
45,hiva_agnostic_task363677,2,0,2,1,..\Results\results_fs_uniform_positive_medium_highdim\hiva_agnostic_task363677\standard_ga,"[""hiva_agnostic_task363677"", ""2"", ""0"", ""--data-dir"", ""../Dataset/prepared_feature_selection"", ""--output-dir"", ""..\\Results\\results_fs_uniform_positive_medium_highdim\\hiva_agnostic_task363677\\standard_ga"", ""--outer-folds"", ""4"", ""--inner-folds"", ""4"", ""--repeats"", ""3"", ""--seed"", ""1"", ""--shuffle"", ""true"", ""--popsize"", ""100"", ""--p-cross"", ""0.4"", ""--tournament-size"", ""3"", ""--tau-reset"", ""50"", ""--resetpop-rate"", ""0.99"", ""--local-search"", ""false"", ""--stop"", ""gen"", ""--max-gen"", ""100"", ""--edge-epsilon"", ""1e-06"", ""--save-generation-trace"", ""true"", ""--save-linkage-events"", ""false"", ""--save-graph-snapshots"", ""false"", ""--graph-snapshot-interval"", ""1"", ""--graph-snapshot-min-weight"", ""0.0"", ""--lr-gap-gen"", ""1"", ""--lr-min-samples"", ""10"", ""--lr-sparse-alpha"", ""0.001"", ""--lr-auto-alpha"", ""true"", ""--lr-alpha-c"", ""0.2"", ""--lr-delta"", ""0.05"", ""--lr-auto-min-samples"", ""true"", ""--lr-min-samples-c"", ""2.0"", ""--lr-stability-subsamples"", ""0"", ""--lr-stability-fraction"", ""0.75"", ""--lr-edge-min-weight"", ""0.0"", ""--lr-encoding"", ""binary"", ""--lr-solver"", ""auto"", ""--lr-matrix-free-threshold"", ""700"", ""--lr-matrix-free-max-iter"", ""8"", ""--lr-matrix-free-tol"", ""0.0001"", ""--lr-matrix-free-step-scale"", ""0.5"", ""--lr-matrix-free-dtype"", ""float32"", ""--build-building-blocks"", ""false"", ""--bb-weight-mode"", ""positive"", ""--bb-search-mode"", ""none"", ""--bb-min-block-size"", ""2"", ""--bb-max-blocks"", ""20"", ""--bb-snapshot-interval"", ""1"", ""--bb-external-penalty"", ""0.25"", ""--bb-size-penalty"", ""0.01"", ""--bb-pattern-top-fraction"", ""0.2"", ""--bb-pattern-min-support"", ""2"", ""--bb-refine-fraction"", ""0.2"", ""--bb-accept-equal-sparser"", ""true"", ""--bb-shuffle-blocks"", ""true"", ""--bb-signed-repair-probability"", ""0.75"", ""--pre-lr-explore"", ""false"", ""--pre-lr-mutation-multiplier"", ""3.0"", ""--pre-lr-immigrant-rate"", ""0.1"", ""--artifact-layout"", ""nested"", ""--write-aggregate-outputs"", ""false"", ""--lr-expected-edges"", ""60"", ""--lr-refit-expected-edges"", ""30"", ""--bb-gawll-update-interval"", ""10"", ""--bb-max-refine-trials"", ""10"", ""--repeat-id"", ""2"", ""--outer-fold-id"", ""1""]"
46,hiva_agnostic_task363677,2,0,2,2,..\Results\results_fs_uniform_positive_medium_highdim\hiva_agnostic_task363677\standard_ga,"[""hiva_agnostic_task363677"", ""2"", ""0"", ""--data-dir"", ""../Dataset/prepared_feature_selection"", ""--output-dir"", ""..\\Results\\results_fs_uniform_positive_medium_highdim\\hiva_agnostic_task363677\\standard_ga"", ""--outer-folds"", ""4"", ""--inner-folds"", ""4"", ""--repeats"", ""3"", ""--seed"", ""1"", ""--shuffle"", ""true"", ""--popsize"", ""100"", ""--p-cross"", ""0.4"", ""--tournament-size"", ""3"", ""--tau-reset"", ""50"", ""--resetpop-rate"", ""0.99"", ""--local-search"", ""false"", ""--stop"", ""gen"", ""--max-gen"", ""100"", ""--edge-epsilon"", ""1e-06"", ""--save-generation-trace"", ""true"", ""--save-linkage-events"", ""false"", ""--save-graph-snapshots"", ""false"", ""--graph-snapshot-interval"", ""1"", ""--graph-snapshot-min-weight"", ""0.0"", ""--lr-gap-gen"", ""1"", ""--lr-min-samples"", ""10"", ""--lr-sparse-alpha"", ""0.001"", ""--lr-auto-alpha"", ""true"", ""--lr-alpha-c"", ""0.2"", ""--lr-delta"", ""0.05"", ""--lr-auto-min-samples"", ""true"", ""--lr-min-samples-c"", ""2.0"", ""--lr-stability-subsamples"", ""0"", ""--lr-stability-fraction"", ""0.75"", ""--lr-edge-min-weight"", ""0.0"", ""--lr-encoding"", ""binary"", ""--lr-solver"", ""auto"", ""--lr-matrix-free-threshold"", ""700"", ""--lr-matrix-free-max-iter"", ""8"", ""--lr-matrix-free-tol"", ""0.0001"", ""--lr-matrix-free-step-scale"", ""0.5"", ""--lr-matrix-free-dtype"", ""float32"", ""--build-building-blocks"", ""false"", ""--bb-weight-mode"", ""positive"", ""--bb-search-mode"", ""none"", ""--bb-min-block-size"", ""2"", ""--bb-max-blocks"", ""20"", ""--bb-snapshot-interval"", ""1"", ""--bb-external-penalty"", ""0.25"", ""--bb-size-penalty"", ""0.01"", ""--bb-pattern-top-fraction"", ""0.2"", ""--bb-pattern-min-support"", ""2"", ""--bb-refine-fraction"", ""0.2"", ""--bb-accept-equal-sparser"", ""true"", ""--bb-shuffle-blocks"", ""true"", ""--bb-signed-repair-probability"", ""0.75"", ""--pre-lr-explore"", ""false"", ""--pre-lr-mutation-multiplier"", ""3.0"", ""--pre-lr-immigrant-rate"", ""0.1"", ""--artifact-layout"", ""nested"", ""--write-aggregate-outputs"", ""false"", ""--lr-expected-edges"", ""60"", ""--lr-refit-expected-edges"", ""30"", ""--bb-gawll-update-interval"", ""10"", ""--bb-max-refine-trials"", ""10"", ""--repeat-id"", ""2"", ""--outer-fold-id"", ""2""]"
47,hiva_agnostic_task363677,2,0,2,3,..\Results\results_fs_uniform_positive_medium_highdim\hiva_agnostic_task363677\standard_ga,"[""hiva_agnostic_task363677"", ""2"", ""0"", ""--data-dir"", ""../Dataset/prepared_feature_selection"", ""--output-dir"", ""..\\Results\\results_fs_uniform_positive_medium_highdim\\hiva_agnostic_task363677\\standard_ga"", ""--outer-folds"", ""4"", ""--inner-folds"", ""4"", ""--repeats"", ""3"", ""--seed"", ""1"", ""--shuffle"", ""true"", ""--popsize"", ""100"", ""--p-cross"", ""0.4"", ""--tournament-size"", ""3"", ""--tau-reset"", ""50"", ""--resetpop-rate"", ""0.99"", ""--local-search"", ""false"", ""--stop"", ""gen"", ""--max-gen"", ""100"", ""--edge-epsilon"", ""1e-06"", ""--save-generation-trace"", ""true"", ""--save-linkage-events"", ""false"", ""--save-graph-snapshots"", ""false"", ""--graph-snapshot-interval"", ""1"", ""--graph-snapshot-min-weight"", ""0.0"", ""--lr-gap-gen"", ""1"", ""--lr-min-samples"", ""10"", ""--lr-sparse-alpha"", ""0.001"", ""--lr-auto-alpha"", ""true"", ""--lr-alpha-c"", ""0.2"", ""--lr-delta"", ""0.05"", ""--lr-auto-min-samples"", ""true"", ""--lr-min-samples-c"", ""2.0"", ""--lr-stability-subsamples"", ""0"", ""--lr-stability-fraction"", ""0.75"", ""--lr-edge-min-weight"", ""0.0"", ""--lr-encoding"", ""binary"", ""--lr-solver"", ""auto"", ""--lr-matrix-free-threshold"", ""700"", ""--lr-matrix-free-max-iter"", ""8"", ""--lr-matrix-free-tol"", ""0.0001"", ""--lr-matrix-free-step-scale"", ""0.5"", ""--lr-matrix-free-dtype"", ""float32"", ""--build-building-blocks"", ""false"", ""--bb-weight-mode"", ""positive"", ""--bb-search-mode"", ""none"", ""--bb-min-block-size"", ""2"", ""--bb-max-blocks"", ""20"", ""--bb-snapshot-interval"", ""1"", ""--bb-external-penalty"", ""0.25"", ""--bb-size-penalty"", ""0.01"", ""--bb-pattern-top-fraction"", ""0.2"", ""--bb-pattern-min-support"", ""2"", ""--bb-refine-fraction"", ""0.2"", ""--bb-accept-equal-sparser"", ""true"", ""--bb-shuffle-blocks"", ""true"", ""--bb-signed-repair-probability"", ""0.75"", ""--pre-lr-explore"", ""false"", ""--pre-lr-mutation-multiplier"", ""3.0"", ""--pre-lr-immigrant-rate"", ""0.1"", ""--artifact-layout"", ""nested"", ""--write-aggregate-outputs"", ""false"", ""--lr-expected-edges"", ""60"", ""--lr-refit-expected-edges"", ""30"", ""--bb-gawll-update-interval"", ""10"", ""--bb-max-refine-trials"", ""10"", ""--repeat-id"", ""2"", ""--outer-fold-id"", ""3""]"
48,Bioresponse_task363620,2,0,0,0,..\Results\results_fs_uniform_positive_medium_highdim\Bioresponse_task363620\standard_ga,"[""Bioresponse_task363620"", ""2"", ""0"", ""--data-dir"", ""../Dataset/prepared_feature_selection"", ""--output-dir"", ""..\\Results\\results_fs_uniform_positive_medium_highdim\\Bioresponse_task363620\\standard_ga"", ""--outer-folds"", ""4"", ""--inner-folds"", ""4"", ""--repeats"", ""3"", ""--seed"", ""1"", ""--shuffle"", ""true"", ""--popsize"", ""100"", ""--p-cross"", ""0.4"", ""--tournament-size"", ""3"", ""--tau-reset"", ""50"", ""--resetpop-rate"", ""0.99"", ""--local-search"", ""false"", ""--stop"", ""gen"", ""--max-gen"", ""100"", ""--edge-epsilon"", ""1e-06"", ""--save-generation-trace"", ""true"", ""--save-linkage-events"", ""false"", ""--save-graph-snapshots"", ""false"", ""--graph-snapshot-interval"", ""1"", ""--graph-snapshot-min-weight"", ""0.0"", ""--lr-gap-gen"", ""1"", ""--lr-min-samples"", ""10"", ""--lr-sparse-alpha"", ""0.001"", ""--lr-auto-alpha"", ""true"", ""--lr-alpha-c"", ""0.2"", ""--lr-delta"", ""0.05"", ""--lr-auto-min-samples"", ""true"", ""--lr-min-samples-c"", ""2.0"", ""--lr-stability-subsamples"", ""0"", ""--lr-stability-fraction"", ""0.75"", ""--lr-edge-min-weight"", ""0.0"", ""--lr-encoding"", ""binary"", ""--lr-solver"", ""auto"", ""--lr-matrix-free-threshold"", ""700"", ""--lr-matrix-free-max-iter"", ""8"", ""--lr-matrix-free-tol"", ""0.0001"", ""--lr-matrix-free-step-scale"", ""0.5"", ""--lr-matrix-free-dtype"", ""float32"", ""--build-building-blocks"", ""false"", ""--bb-weight-mode"", ""positive"", ""--bb-search-mode"", ""none"", ""--bb-min-block-size"", ""2"", ""--bb-max-blocks"", ""20"", ""--bb-snapshot-interval"", ""1"", ""--bb-external-penalty"", ""0.25"", ""--bb-size-penalty"", ""0.01"", ""--bb-pattern-top-fraction"", ""0.2"", ""--bb-pattern-min-support"", ""2"", ""--bb-refine-fraction"", ""0.2"", ""--bb-accept-equal-sparser"", ""true"", ""--bb-shuffle-blocks"", ""true"", ""--bb-signed-repair-probability"", ""0.75"", ""--pre-lr-explore"", ""false"", ""--pre-lr-mutation-multiplier"", ""3.0"", ""--pre-lr-immigrant-rate"", ""0.1"", ""--artifact-layout"", ""nested"", ""--write-aggregate-outputs"", ""false"", ""--lr-expected-edges"", ""60"", ""--lr-refit-expected-edges"", ""30"", ""--bb-gawll-update-interval"", ""10"", ""--bb-max-refine-trials"", ""10"", ""--repeat-id"", ""0"", ""--outer-fold-id"", ""0""]"
49,Bioresponse_task363620,2,0,0,1,..\Results\results_fs_uniform_positive_medium_highdim\Bioresponse_task363620\standard_ga,"[""Bioresponse_task363620"", ""2"", ""0"", ""--data-dir"", ""../Dataset/prepared_feature_selection"", ""--output-dir"", ""..\\Results\\results_fs_uniform_positive_medium_highdim\\Bioresponse_task363620\\standard_ga"", ""--outer-folds"", ""4"", ""--inner-folds"", ""4"", ""--repeats"", ""3"", ""--seed"", ""1"", ""--shuffle"", ""true"", ""--popsize"", ""100"", ""--p-cross"", ""0.4"", ""--tournament-size"", ""3"", ""--tau-reset"", ""50"", ""--resetpop-rate"", ""0.99"", ""--local-search"", ""false"", ""--stop"", ""gen"", ""--max-gen"", ""100"", ""--edge-epsilon"", ""1e-06"", ""--save-generation-trace"", ""true"", ""--save-linkage-events"", ""false"", ""--save-graph-snapshots"", ""false"", ""--graph-snapshot-interval"", ""1"", ""--graph-snapshot-min-weight"", ""0.0"", ""--lr-gap-gen"", ""1"", ""--lr-min-samples"", ""10"", ""--lr-sparse-alpha"", ""0.001"", ""--lr-auto-alpha"", ""true"", ""--lr-alpha-c"", ""0.2"", ""--lr-delta"", ""0.05"", ""--lr-auto-min-samples"", ""true"", ""--lr-min-samples-c"", ""2.0"", ""--lr-stability-subsamples"", ""0"", ""--lr-stability-fraction"", ""0.75"", ""--lr-edge-min-weight"", ""0.0"", ""--lr-encoding"", ""binary"", ""--lr-solver"", ""auto"", ""--lr-matrix-free-threshold"", ""700"", ""--lr-matrix-free-max-iter"", ""8"", ""--lr-matrix-free-tol"", ""0.0001"", ""--lr-matrix-free-step-scale"", ""0.5"", ""--lr-matrix-free-dtype"", ""float32"", ""--build-building-blocks"", ""false"", ""--bb-weight-mode"", ""positive"", ""--bb-search-mode"", ""none"", ""--bb-min-block-size"", ""2"", ""--bb-max-blocks"", ""20"", ""--bb-snapshot-interval"", ""1"", ""--bb-external-penalty"", ""0.25"", ""--bb-size-penalty"", ""0.01"", ""--bb-pattern-top-fraction"", ""0.2"", ""--bb-pattern-min-support"", ""2"", ""--bb-refine-fraction"", ""0.2"", ""--bb-accept-equal-sparser"", ""true"", ""--bb-shuffle-blocks"", ""true"", ""--bb-signed-repair-probability"", ""0.75"", ""--pre-lr-explore"", ""false"", ""--pre-lr-mutation-multiplier"", ""3.0"", ""--pre-lr-immigrant-rate"", ""0.1"", ""--artifact-layout"", ""nested"", ""--write-aggregate-outputs"", ""false"", ""--lr-expected-edges"", ""60"", ""--lr-refit-expected-edges"", ""30"", ""--bb-gawll-update-interval"", ""10"", ""--bb-max-refine-trials"", ""10"", ""--repeat-id"", ""0"", ""--outer-fold-id"", ""1""]"
50,Bioresponse_task363620,2,0,0,2,..\Results\results_fs_uniform_positive_medium_highdim\Bioresponse_task363620\standard_ga,"[""Bioresponse_task363620"", ""2"", ""0"", ""--data-dir"", ""../Dataset/prepared_feature_selection"", ""--output-dir"", ""..\\Results\\results_fs_uniform_positive_medium_highdim\\Bioresponse_task363620\\standard_ga"", ""--outer-folds"", ""4"", ""--inner-folds"", ""4"", ""--repeats"", ""3"", ""--seed"", ""1"", ""--shuffle"", ""true"", ""--popsize"", ""100"", ""--p-cross"", ""0.4"", ""--tournament-size"", ""3"", ""--tau-reset"", ""50"", ""--resetpop-rate"", ""0.99"", ""--local-search"", ""false"", ""--stop"", ""gen"", ""--max-gen"", ""100"", ""--edge-epsilon"", ""1e-06"", ""--save-generation-trace"", ""true"", ""--save-linkage-events"", ""false"", ""--save-graph-snapshots"", ""false"", ""--graph-snapshot-interval"", ""1"", ""--graph-snapshot-min-weight"", ""0.0"", ""--lr-gap-gen"", ""1"", ""--lr-min-samples"", ""10"", ""--lr-sparse-alpha"", ""0.001"", ""--lr-auto-alpha"", ""true"", ""--lr-alpha-c"", ""0.2"", ""--lr-delta"", ""0.05"", ""--lr-auto-min-samples"", ""true"", ""--lr-min-samples-c"", ""2.0"", ""--lr-stability-subsamples"", ""0"", ""--lr-stability-fraction"", ""0.75"", ""--lr-edge-min-weight"", ""0.0"", ""--lr-encoding"", ""binary"", ""--lr-solver"", ""auto"", ""--lr-matrix-free-threshold"", ""700"", ""--lr-matrix-free-max-iter"", ""8"", ""--lr-matrix-free-tol"", ""0.0001"", ""--lr-matrix-free-step-scale"", ""0.5"", ""--lr-matrix-free-dtype"", ""float32"", ""--build-building-blocks"", ""false"", ""--bb-weight-mode"", ""positive"", ""--bb-search-mode"", ""none"", ""--bb-min-block-size"", ""2"", ""--bb-max-blocks"", ""20"", ""--bb-snapshot-interval"", ""1"", ""--bb-external-penalty"", ""0.25"", ""--bb-size-penalty"", ""0.01"", ""--bb-pattern-top-fraction"", ""0.2"", ""--bb-pattern-min-support"", ""2"", ""--bb-refine-fraction"", ""0.2"", ""--bb-accept-equal-sparser"", ""true"", ""--bb-shuffle-blocks"", ""true"", ""--bb-signed-repair-probability"", ""0.75"", ""--pre-lr-explore"", ""false"", ""--pre-lr-mutation-multiplier"", ""3.0"", ""--pre-lr-immigrant-rate"", ""0.1"", ""--artifact-layout"", ""nested"", ""--write-aggregate-outputs"", ""false"", ""--lr-expected-edges"", ""60"", ""--lr-refit-expected-edges"", ""30"", ""--bb-gawll-update-interval"", ""10"", ""--bb-max-refine-trials"", ""10"", ""--repeat-id"", ""0"", ""--outer-fold-id"", ""2""]"
51,Bioresponse_task363620,2,0,0,3,..\Results\results_fs_uniform_positive_medium_highdim\Bioresponse_task363620\standard_ga,"[""Bioresponse_task363620"", ""2"", ""0"", ""--data-dir"", ""../Dataset/prepared_feature_selection"", ""--output-dir"", ""..\\Results\\results_fs_uniform_positive_medium_highdim\\Bioresponse_task363620\\standard_ga"", ""--outer-folds"", ""4"", ""--inner-folds"", ""4"", ""--repeats"", ""3"", ""--seed"", ""1"", ""--shuffle"", ""true"", ""--popsize"", ""100"", ""--p-cross"", ""0.4"", ""--tournament-size"", ""3"", ""--tau-reset"", ""50"", ""--resetpop-rate"", ""0.99"", ""--local-search"", ""false"", ""--stop"", ""gen"", ""--max-gen"", ""100"", ""--edge-epsilon"", ""1e-06"", ""--save-generation-trace"", ""true"", ""--save-linkage-events"", ""false"", ""--save-graph-snapshots"", ""false"", ""--graph-snapshot-interval"", ""1"", ""--graph-snapshot-min-weight"", ""0.0"", ""--lr-gap-gen"", ""1"", ""--lr-min-samples"", ""10"", ""--lr-sparse-alpha"", ""0.001"", ""--lr-auto-alpha"", ""true"", ""--lr-alpha-c"", ""0.2"", ""--lr-delta"", ""0.05"", ""--lr-auto-min-samples"", ""true"", ""--lr-min-samples-c"", ""2.0"", ""--lr-stability-subsamples"", ""0"", ""--lr-stability-fraction"", ""0.75"", ""--lr-edge-min-weight"", ""0.0"", ""--lr-encoding"", ""binary"", ""--lr-solver"", ""auto"", ""--lr-matrix-free-threshold"", ""700"", ""--lr-matrix-free-max-iter"", ""8"", ""--lr-matrix-free-tol"", ""0.0001"", ""--lr-matrix-free-step-scale"", ""0.5"", ""--lr-matrix-free-dtype"", ""float32"", ""--build-building-blocks"", ""false"", ""--bb-weight-mode"", ""positive"", ""--bb-search-mode"", ""none"", ""--bb-min-block-size"", ""2"", ""--bb-max-blocks"", ""20"", ""--bb-snapshot-interval"", ""1"", ""--bb-external-penalty"", ""0.25"", ""--bb-size-penalty"", ""0.01"", ""--bb-pattern-top-fraction"", ""0.2"", ""--bb-pattern-min-support"", ""2"", ""--bb-refine-fraction"", ""0.2"", ""--bb-accept-equal-sparser"", ""true"", ""--bb-shuffle-blocks"", ""true"", ""--bb-signed-repair-probability"", ""0.75"", ""--pre-lr-explore"", ""false"", ""--pre-lr-mutation-multiplier"", ""3.0"", ""--pre-lr-immigrant-rate"", ""0.1"", ""--artifact-layout"", ""nested"", ""--write-aggregate-outputs"", ""false"", ""--lr-expected-edges"", ""60"", ""--lr-refit-expected-edges"", ""30"", ""--bb-gawll-update-interval"", ""10"", ""--bb-max-refine-trials"", ""10"", ""--repeat-id"", ""0"", ""--outer-fold-id"", ""3""]"
52,Bioresponse_task363620,2,0,1,0,..\Results\results_fs_uniform_positive_medium_highdim\Bioresponse_task363620\standard_ga,"[""Bioresponse_task363620"", ""2"", ""0"", ""--data-dir"", ""../Dataset/prepared_feature_selection"", ""--output-dir"", ""..\\Results\\results_fs_uniform_positive_medium_highdim\\Bioresponse_task363620\\standard_ga"", ""--outer-folds"", ""4"", ""--inner-folds"", ""4"", ""--repeats"", ""3"", ""--seed"", ""1"", ""--shuffle"", ""true"", ""--popsize"", ""100"", ""--p-cross"", ""0.4"", ""--tournament-size"", ""3"", ""--tau-reset"", ""50"", ""--resetpop-rate"", ""0.99"", ""--local-search"", ""false"", ""--stop"", ""gen"", ""--max-gen"", ""100"", ""--edge-epsilon"", ""1e-06"", ""--save-generation-trace"", ""true"", ""--save-linkage-events"", ""false"", ""--save-graph-snapshots"", ""false"", ""--graph-snapshot-interval"", ""1"", ""--graph-snapshot-min-weight"", ""0.0"", ""--lr-gap-gen"", ""1"", ""--lr-min-samples"", ""10"", ""--lr-sparse-alpha"", ""0.001"", ""--lr-auto-alpha"", ""true"", ""--lr-alpha-c"", ""0.2"", ""--lr-delta"", ""0.05"", ""--lr-auto-min-samples"", ""true"", ""--lr-min-samples-c"", ""2.0"", ""--lr-stability-subsamples"", ""0"", ""--lr-stability-fraction"", ""0.75"", ""--lr-edge-min-weight"", ""0.0"", ""--lr-encoding"", ""binary"", ""--lr-solver"", ""auto"", ""--lr-matrix-free-threshold"", ""700"", ""--lr-matrix-free-max-iter"", ""8"", ""--lr-matrix-free-tol"", ""0.0001"", ""--lr-matrix-free-step-scale"", ""0.5"", ""--lr-matrix-free-dtype"", ""float32"", ""--build-building-blocks"", ""false"", ""--bb-weight-mode"", ""positive"", ""--bb-search-mode"", ""none"", ""--bb-min-block-size"", ""2"", ""--bb-max-blocks"", ""20"", ""--bb-snapshot-interval"", ""1"", ""--bb-external-penalty"", ""0.25"", ""--bb-size-penalty"", ""0.01"", ""--bb-pattern-top-fraction"", ""0.2"", ""--bb-pattern-min-support"", ""2"", ""--bb-refine-fraction"", ""0.2"", ""--bb-accept-equal-sparser"", ""true"", ""--bb-shuffle-blocks"", ""true"", ""--bb-signed-repair-probability"", ""0.75"", ""--pre-lr-explore"", ""false"", ""--pre-lr-mutation-multiplier"", ""3.0"", ""--pre-lr-immigrant-rate"", ""0.1"", ""--artifact-layout"", ""nested"", ""--write-aggregate-outputs"", ""false"", ""--lr-expected-edges"", ""60"", ""--lr-refit-expected-edges"", ""30"", ""--bb-gawll-update-interval"", ""10"", ""--bb-max-refine-trials"", ""10"", ""--repeat-id"", ""1"", ""--outer-fold-id"", ""0""]"
53,Bioresponse_task363620,2,0,1,1,..\Results\results_fs_uniform_positive_medium_highdim\Bioresponse_task363620\standard_ga,"[""Bioresponse_task363620"", ""2"", ""0"", ""--data-dir"", ""../Dataset/prepared_feature_selection"", ""--output-dir"", ""..\\Results\\results_fs_uniform_positive_medium_highdim\\Bioresponse_task363620\\standard_ga"", ""--outer-folds"", ""4"", ""--inner-folds"", ""4"", ""--repeats"", ""3"", ""--seed"", ""1"", ""--shuffle"", ""true"", ""--popsize"", ""100"", ""--p-cross"", ""0.4"", ""--tournament-size"", ""3"", ""--tau-reset"", ""50"", ""--resetpop-rate"", ""0.99"", ""--local-search"", ""false"", ""--stop"", ""gen"", ""--max-gen"", ""100"", ""--edge-epsilon"", ""1e-06"", ""--save-generation-trace"", ""true"", ""--save-linkage-events"", ""false"", ""--save-graph-snapshots"", ""false"", ""--graph-snapshot-interval"", ""1"", ""--graph-snapshot-min-weight"", ""0.0"", ""--lr-gap-gen"", ""1"", ""--lr-min-samples"", ""10"", ""--lr-sparse-alpha"", ""0.001"", ""--lr-auto-alpha"", ""true"", ""--lr-alpha-c"", ""0.2"", ""--lr-delta"", ""0.05"", ""--lr-auto-min-samples"", ""true"", ""--lr-min-samples-c"", ""2.0"", ""--lr-stability-subsamples"", ""0"", ""--lr-stability-fraction"", ""0.75"", ""--lr-edge-min-weight"", ""0.0"", ""--lr-encoding"", ""binary"", ""--lr-solver"", ""auto"", ""--lr-matrix-free-threshold"", ""700"", ""--lr-matrix-free-max-iter"", ""8"", ""--lr-matrix-free-tol"", ""0.0001"", ""--lr-matrix-free-step-scale"", ""0.5"", ""--lr-matrix-free-dtype"", ""float32"", ""--build-building-blocks"", ""false"", ""--bb-weight-mode"", ""positive"", ""--bb-search-mode"", ""none"", ""--bb-min-block-size"", ""2"", ""--bb-max-blocks"", ""20"", ""--bb-snapshot-interval"", ""1"", ""--bb-external-penalty"", ""0.25"", ""--bb-size-penalty"", ""0.01"", ""--bb-pattern-top-fraction"", ""0.2"", ""--bb-pattern-min-support"", ""2"", ""--bb-refine-fraction"", ""0.2"", ""--bb-accept-equal-sparser"", ""true"", ""--bb-shuffle-blocks"", ""true"", ""--bb-signed-repair-probability"", ""0.75"", ""--pre-lr-explore"", ""false"", ""--pre-lr-mutation-multiplier"", ""3.0"", ""--pre-lr-immigrant-rate"", ""0.1"", ""--artifact-layout"", ""nested"", ""--write-aggregate-outputs"", ""false"", ""--lr-expected-edges"", ""60"", ""--lr-refit-expected-edges"", ""30"", ""--bb-gawll-update-interval"", ""10"", ""--bb-max-refine-trials"", ""10"", ""--repeat-id"", ""1"", ""--outer-fold-id"", ""1""]"
54,Bioresponse_task363620,2,0,1,2,..\Results\results_fs_uniform_positive_medium_highdim\Bioresponse_task363620\standard_ga,"[""Bioresponse_task363620"", ""2"", ""0"", ""--data-dir"", ""../Dataset/prepared_feature_selection"", ""--output-dir"", ""..\\Results\\results_fs_uniform_positive_medium_highdim\\Bioresponse_task363620\\standard_ga"", ""--outer-folds"", ""4"", ""--inner-folds"", ""4"", ""--repeats"", ""3"", ""--seed"", ""1"", ""--shuffle"", ""true"", ""--popsize"", ""100"", ""--p-cross"", ""0.4"", ""--tournament-size"", ""3"", ""--tau-reset"", ""50"", ""--resetpop-rate"", ""0.99"", ""--local-search"", ""false"", ""--stop"", ""gen"", ""--max-gen"", ""100"", ""--edge-epsilon"", ""1e-06"", ""--save-generation-trace"", ""true"", ""--save-linkage-events"", ""false"", ""--save-graph-snapshots"", ""false"", ""--graph-snapshot-interval"", ""1"", ""--graph-snapshot-min-weight"", ""0.0"", ""--lr-gap-gen"", ""1"", ""--lr-min-samples"", ""10"", ""--lr-sparse-alpha"", ""0.001"", ""--lr-auto-alpha"", ""true"", ""--lr-alpha-c"", ""0.2"", ""--lr-delta"", ""0.05"", ""--lr-auto-min-samples"", ""true"", ""--lr-min-samples-c"", ""2.0"", ""--lr-stability-subsamples"", ""0"", ""--lr-stability-fraction"", ""0.75"", ""--lr-edge-min-weight"", ""0.0"", ""--lr-encoding"", ""binary"", ""--lr-solver"", ""auto"", ""--lr-matrix-free-threshold"", ""700"", ""--lr-matrix-free-max-iter"", ""8"", ""--lr-matrix-free-tol"", ""0.0001"", ""--lr-matrix-free-step-scale"", ""0.5"", ""--lr-matrix-free-dtype"", ""float32"", ""--build-building-blocks"", ""false"", ""--bb-weight-mode"", ""positive"", ""--bb-search-mode"", ""none"", ""--bb-min-block-size"", ""2"", ""--bb-max-blocks"", ""20"", ""--bb-snapshot-interval"", ""1"", ""--bb-external-penalty"", ""0.25"", ""--bb-size-penalty"", ""0.01"", ""--bb-pattern-top-fraction"", ""0.2"", ""--bb-pattern-min-support"", ""2"", ""--bb-refine-fraction"", ""0.2"", ""--bb-accept-equal-sparser"", ""true"", ""--bb-shuffle-blocks"", ""true"", ""--bb-signed-repair-probability"", ""0.75"", ""--pre-lr-explore"", ""false"", ""--pre-lr-mutation-multiplier"", ""3.0"", ""--pre-lr-immigrant-rate"", ""0.1"", ""--artifact-layout"", ""nested"", ""--write-aggregate-outputs"", ""false"", ""--lr-expected-edges"", ""60"", ""--lr-refit-expected-edges"", ""30"", ""--bb-gawll-update-interval"", ""10"", ""--bb-max-refine-trials"", ""10"", ""--repeat-id"", ""1"", ""--outer-fold-id"", ""2""]"
55,Bioresponse_task363620,2,0,1,3,..\Results\results_fs_uniform_positive_medium_highdim\Bioresponse_task363620\standard_ga,"[""Bioresponse_task363620"", ""2"", ""0"", ""--data-dir"", ""../Dataset/prepared_feature_selection"", ""--output-dir"", ""..\\Results\\results_fs_uniform_positive_medium_highdim\\Bioresponse_task363620\\standard_ga"", ""--outer-folds"", ""4"", ""--inner-folds"", ""4"", ""--repeats"", ""3"", ""--seed"", ""1"", ""--shuffle"", ""true"", ""--popsize"", ""100"", ""--p-cross"", ""0.4"", ""--tournament-size"", ""3"", ""--tau-reset"", ""50"", ""--resetpop-rate"", ""0.99"", ""--local-search"", ""false"", ""--stop"", ""gen"", ""--max-gen"", ""100"", ""--edge-epsilon"", ""1e-06"", ""--save-generation-trace"", ""true"", ""--save-linkage-events"", ""false"", ""--save-graph-snapshots"", ""false"", ""--graph-snapshot-interval"", ""1"", ""--graph-snapshot-min-weight"", ""0.0"", ""--lr-gap-gen"", ""1"", ""--lr-min-samples"", ""10"", ""--lr-sparse-alpha"", ""0.001"", ""--lr-auto-alpha"", ""true"", ""--lr-alpha-c"", ""0.2"", ""--lr-delta"", ""0.05"", ""--lr-auto-min-samples"", ""true"", ""--lr-min-samples-c"", ""2.0"", ""--lr-stability-subsamples"", ""0"", ""--lr-stability-fraction"", ""0.75"", ""--lr-edge-min-weight"", ""0.0"", ""--lr-encoding"", ""binary"", ""--lr-solver"", ""auto"", ""--lr-matrix-free-threshold"", ""700"", ""--lr-matrix-free-max-iter"", ""8"", ""--lr-matrix-free-tol"", ""0.0001"", ""--lr-matrix-free-step-scale"", ""0.5"", ""--lr-matrix-free-dtype"", ""float32"", ""--build-building-blocks"", ""false"", ""--bb-weight-mode"", ""positive"", ""--bb-search-mode"", ""none"", ""--bb-min-block-size"", ""2"", ""--bb-max-blocks"", ""20"", ""--bb-snapshot-interval"", ""1"", ""--bb-external-penalty"", ""0.25"", ""--bb-size-penalty"", ""0.01"", ""--bb-pattern-top-fraction"", ""0.2"", ""--bb-pattern-min-support"", ""2"", ""--bb-refine-fraction"", ""0.2"", ""--bb-accept-equal-sparser"", ""true"", ""--bb-shuffle-blocks"", ""true"", ""--bb-signed-repair-probability"", ""0.75"", ""--pre-lr-explore"", ""false"", ""--pre-lr-mutation-multiplier"", ""3.0"", ""--pre-lr-immigrant-rate"", ""0.1"", ""--artifact-layout"", ""nested"", ""--write-aggregate-outputs"", ""false"", ""--lr-expected-edges"", ""60"", ""--lr-refit-expected-edges"", ""30"", ""--bb-gawll-update-interval"", ""10"", ""--bb-max-refine-trials"", ""10"", ""--repeat-id"", ""1"", ""--outer-fold-id"", ""3""]"
56,Bioresponse_task363620,2,0,2,0,..\Results\results_fs_uniform_positive_medium_highdim\Bioresponse_task363620\standard_ga,"[""Bioresponse_task363620"", ""2"", ""0"", ""--data-dir"", ""../Dataset/prepared_feature_selection"", ""--output-dir"", ""..\\Results\\results_fs_uniform_positive_medium_highdim\\Bioresponse_task363620\\standard_ga"", ""--outer-folds"", ""4"", ""--inner-folds"", ""4"", ""--repeats"", ""3"", ""--seed"", ""1"", ""--shuffle"", ""true"", ""--popsize"", ""100"", ""--p-cross"", ""0.4"", ""--tournament-size"", ""3"", ""--tau-reset"", ""50"", ""--resetpop-rate"", ""0.99"", ""--local-search"", ""false"", ""--stop"", ""gen"", ""--max-gen"", ""100"", ""--edge-epsilon"", ""1e-06"", ""--save-generation-trace"", ""true"", ""--save-linkage-events"", ""false"", ""--save-graph-snapshots"", ""false"", ""--graph-snapshot-interval"", ""1"", ""--graph-snapshot-min-weight"", ""0.0"", ""--lr-gap-gen"", ""1"", ""--lr-min-samples"", ""10"", ""--lr-sparse-alpha"", ""0.001"", ""--lr-auto-alpha"", ""true"", ""--lr-alpha-c"", ""0.2"", ""--lr-delta"", ""0.05"", ""--lr-auto-min-samples"", ""true"", ""--lr-min-samples-c"", ""2.0"", ""--lr-stability-subsamples"", ""0"", ""--lr-stability-fraction"", ""0.75"", ""--lr-edge-min-weight"", ""0.0"", ""--lr-encoding"", ""binary"", ""--lr-solver"", ""auto"", ""--lr-matrix-free-threshold"", ""700"", ""--lr-matrix-free-max-iter"", ""8"", ""--lr-matrix-free-tol"", ""0.0001"", ""--lr-matrix-free-step-scale"", ""0.5"", ""--lr-matrix-free-dtype"", ""float32"", ""--build-building-blocks"", ""false"", ""--bb-weight-mode"", ""positive"", ""--bb-search-mode"", ""none"", ""--bb-min-block-size"", ""2"", ""--bb-max-blocks"", ""20"", ""--bb-snapshot-interval"", ""1"", ""--bb-external-penalty"", ""0.25"", ""--bb-size-penalty"", ""0.01"", ""--bb-pattern-top-fraction"", ""0.2"", ""--bb-pattern-min-support"", ""2"", ""--bb-refine-fraction"", ""0.2"", ""--bb-accept-equal-sparser"", ""true"", ""--bb-shuffle-blocks"", ""true"", ""--bb-signed-repair-probability"", ""0.75"", ""--pre-lr-explore"", ""false"", ""--pre-lr-mutation-multiplier"", ""3.0"", ""--pre-lr-immigrant-rate"", ""0.1"", ""--artifact-layout"", ""nested"", ""--write-aggregate-outputs"", ""false"", ""--lr-expected-edges"", ""60"", ""--lr-refit-expected-edges"", ""30"", ""--bb-gawll-update-interval"", ""10"", ""--bb-max-refine-trials"", ""10"", ""--repeat-id"", ""2"", ""--outer-fold-id"", ""0""]"
57,Bioresponse_task363620,2,0,2,1,..\Results\results_fs_uniform_positive_medium_highdim\Bioresponse_task363620\standard_ga,"[""Bioresponse_task363620"", ""2"", ""0"", ""--data-dir"", ""../Dataset/prepared_feature_selection"", ""--output-dir"", ""..\\Results\\results_fs_uniform_positive_medium_highdim\\Bioresponse_task363620\\standard_ga"", ""--outer-folds"", ""4"", ""--inner-folds"", ""4"", ""--repeats"", ""3"", ""--seed"", ""1"", ""--shuffle"", ""true"", ""--popsize"", ""100"", ""--p-cross"", ""0.4"", ""--tournament-size"", ""3"", ""--tau-reset"", ""50"", ""--resetpop-rate"", ""0.99"", ""--local-search"", ""false"", ""--stop"", ""gen"", ""--max-gen"", ""100"", ""--edge-epsilon"", ""1e-06"", ""--save-generation-trace"", ""true"", ""--save-linkage-events"", ""false"", ""--save-graph-snapshots"", ""false"", ""--graph-snapshot-interval"", ""1"", ""--graph-snapshot-min-weight"", ""0.0"", ""--lr-gap-gen"", ""1"", ""--lr-min-samples"", ""10"", ""--lr-sparse-alpha"", ""0.001"", ""--lr-auto-alpha"", ""true"", ""--lr-alpha-c"", ""0.2"", ""--lr-delta"", ""0.05"", ""--lr-auto-min-samples"", ""true"", ""--lr-min-samples-c"", ""2.0"", ""--lr-stability-subsamples"", ""0"", ""--lr-stability-fraction"", ""0.75"", ""--lr-edge-min-weight"", ""0.0"", ""--lr-encoding"", ""binary"", ""--lr-solver"", ""auto"", ""--lr-matrix-free-threshold"", ""700"", ""--lr-matrix-free-max-iter"", ""8"", ""--lr-matrix-free-tol"", ""0.0001"", ""--lr-matrix-free-step-scale"", ""0.5"", ""--lr-matrix-free-dtype"", ""float32"", ""--build-building-blocks"", ""false"", ""--bb-weight-mode"", ""positive"", ""--bb-search-mode"", ""none"", ""--bb-min-block-size"", ""2"", ""--bb-max-blocks"", ""20"", ""--bb-snapshot-interval"", ""1"", ""--bb-external-penalty"", ""0.25"", ""--bb-size-penalty"", ""0.01"", ""--bb-pattern-top-fraction"", ""0.2"", ""--bb-pattern-min-support"", ""2"", ""--bb-refine-fraction"", ""0.2"", ""--bb-accept-equal-sparser"", ""true"", ""--bb-shuffle-blocks"", ""true"", ""--bb-signed-repair-probability"", ""0.75"", ""--pre-lr-explore"", ""false"", ""--pre-lr-mutation-multiplier"", ""3.0"", ""--pre-lr-immigrant-rate"", ""0.1"", ""--artifact-layout"", ""nested"", ""--write-aggregate-outputs"", ""false"", ""--lr-expected-edges"", ""60"", ""--lr-refit-expected-edges"", ""30"", ""--bb-gawll-update-interval"", ""10"", ""--bb-max-refine-trials"", ""10"", ""--repeat-id"", ""2"", ""--outer-fold-id"", ""1""]"
58,Bioresponse_task363620,2,0,2,2,..\Results\results_fs_uniform_positive_medium_highdim\Bioresponse_task363620\standard_ga,"[""Bioresponse_task363620"", ""2"", ""0"", ""--data-dir"", ""../Dataset/prepared_feature_selection"", ""--output-dir"", ""..\\Results\\results_fs_uniform_positive_medium_highdim\\Bioresponse_task363620\\standard_ga"", ""--outer-folds"", ""4"", ""--inner-folds"", ""4"", ""--repeats"", ""3"", ""--seed"", ""1"", ""--shuffle"", ""true"", ""--popsize"", ""100"", ""--p-cross"", ""0.4"", ""--tournament-size"", ""3"", ""--tau-reset"", ""50"", ""--resetpop-rate"", ""0.99"", ""--local-search"", ""false"", ""--stop"", ""gen"", ""--max-gen"", ""100"", ""--edge-epsilon"", ""1e-06"", ""--save-generation-trace"", ""true"", ""--save-linkage-events"", ""false"", ""--save-graph-snapshots"", ""false"", ""--graph-snapshot-interval"", ""1"", ""--graph-snapshot-min-weight"", ""0.0"", ""--lr-gap-gen"", ""1"", ""--lr-min-samples"", ""10"", ""--lr-sparse-alpha"", ""0.001"", ""--lr-auto-alpha"", ""true"", ""--lr-alpha-c"", ""0.2"", ""--lr-delta"", ""0.05"", ""--lr-auto-min-samples"", ""true"", ""--lr-min-samples-c"", ""2.0"", ""--lr-stability-subsamples"", ""0"", ""--lr-stability-fraction"", ""0.75"", ""--lr-edge-min-weight"", ""0.0"", ""--lr-encoding"", ""binary"", ""--lr-solver"", ""auto"", ""--lr-matrix-free-threshold"", ""700"", ""--lr-matrix-free-max-iter"", ""8"", ""--lr-matrix-free-tol"", ""0.0001"", ""--lr-matrix-free-step-scale"", ""0.5"", ""--lr-matrix-free-dtype"", ""float32"", ""--build-building-blocks"", ""false"", ""--bb-weight-mode"", ""positive"", ""--bb-search-mode"", ""none"", ""--bb-min-block-size"", ""2"", ""--bb-max-blocks"", ""20"", ""--bb-snapshot-interval"", ""1"", ""--bb-external-penalty"", ""0.25"", ""--bb-size-penalty"", ""0.01"", ""--bb-pattern-top-fraction"", ""0.2"", ""--bb-pattern-min-support"", ""2"", ""--bb-refine-fraction"", ""0.2"", ""--bb-accept-equal-sparser"", ""true"", ""--bb-shuffle-blocks"", ""true"", ""--bb-signed-repair-probability"", ""0.75"", ""--pre-lr-explore"", ""false"", ""--pre-lr-mutation-multiplier"", ""3.0"", ""--pre-lr-immigrant-rate"", ""0.1"", ""--artifact-layout"", ""nested"", ""--write-aggregate-outputs"", ""false"", ""--lr-expected-edges"", ""60"", ""--lr-refit-expected-edges"", ""30"", ""--bb-gawll-update-interval"", ""10"", ""--bb-max-refine-trials"", ""10"", ""--repeat-id"", ""2"", ""--outer-fold-id"", ""2""]"
59,Bioresponse_task363620,2,0,2,3,..\Results\results_fs_uniform_positive_medium_highdim\Bioresponse_task363620\standard_ga,"[""Bioresponse_task363620"", ""2"", ""0"", ""--data-dir"", ""../Dataset/prepared_feature_selection"", ""--output-dir"", ""..\\Results\\results_fs_uniform_positive_medium_highdim\\Bioresponse_task363620\\standard_ga"", ""--outer-folds"", ""4"", ""--inner-folds"", ""4"", ""--repeats"", ""3"", ""--seed"", ""1"", ""--shuffle"", ""true"", ""--popsize"", ""100"", ""--p-cross"", ""0.4"", ""--tournament-size"", ""3"", ""--tau-reset"", ""50"", ""--resetpop-rate"", ""0.99"", ""--local-search"", ""false"", ""--stop"", ""gen"", ""--max-gen"", ""100"", ""--edge-epsilon"", ""1e-06"", ""--save-generation-trace"", ""true"", ""--save-linkage-events"", ""false"", ""--save-graph-snapshots"", ""false"", ""--graph-snapshot-interval"", ""1"", ""--graph-snapshot-min-weight"", ""0.0"", ""--lr-gap-gen"", ""1"", ""--lr-min-samples"", ""10"", ""--lr-sparse-alpha"", ""0.001"", ""--lr-auto-alpha"", ""true"", ""--lr-alpha-c"", ""0.2"", ""--lr-delta"", ""0.05"", ""--lr-auto-min-samples"", ""true"", ""--lr-min-samples-c"", ""2.0"", ""--lr-stability-subsamples"", ""0"", ""--lr-stability-fraction"", ""0.75"", ""--lr-edge-min-weight"", ""0.0"", ""--lr-encoding"", ""binary"", ""--lr-solver"", ""auto"", ""--lr-matrix-free-threshold"", ""700"", ""--lr-matrix-free-max-iter"", ""8"", ""--lr-matrix-free-tol"", ""0.0001"", ""--lr-matrix-free-step-scale"", ""0.5"", ""--lr-matrix-free-dtype"", ""float32"", ""--build-building-blocks"", ""false"", ""--bb-weight-mode"", ""positive"", ""--bb-search-mode"", ""none"", ""--bb-min-block-size"", ""2"", ""--bb-max-blocks"", ""20"", ""--bb-snapshot-interval"", ""1"", ""--bb-external-penalty"", ""0.25"", ""--bb-size-penalty"", ""0.01"", ""--bb-pattern-top-fraction"", ""0.2"", ""--bb-pattern-min-support"", ""2"", ""--bb-refine-fraction"", ""0.2"", ""--bb-accept-equal-sparser"", ""true"", ""--bb-shuffle-blocks"", ""true"", ""--bb-signed-repair-probability"", ""0.75"", ""--pre-lr-explore"", ""false"", ""--pre-lr-mutation-multiplier"", ""3.0"", ""--pre-lr-immigrant-rate"", ""0.1"", ""--artifact-layout"", ""nested"", ""--write-aggregate-outputs"", ""false"", ""--lr-expected-edges"", ""60"", ""--lr-refit-expected-edges"", ""30"", ""--bb-gawll-update-interval"", ""10"", ""--bb-max-refine-trials"", ""10"", ""--repeat-id"", ""2"", ""--outer-fold-id"", ""3""]"
60,colon_asu,2,0,0,0,..\Results\results_fs_uniform_positive_medium_highdim\colon_asu\standard_ga,"[""colon_asu"", ""2"", ""0"", ""--data-dir"", ""../Dataset/prepared_feature_selection"", ""--output-dir"", ""..\\Results\\results_fs_uniform_positive_medium_highdim\\colon_asu\\standard_ga"", ""--outer-folds"", ""4"", ""--inner-folds"", ""4"", ""--repeats"", ""3"", ""--seed"", ""1"", ""--shuffle"", ""true"", ""--popsize"", ""100"", ""--p-cross"", ""0.4"", ""--tournament-size"", ""3"", ""--tau-reset"", ""50"", ""--resetpop-rate"", ""0.99"", ""--local-search"", ""false"", ""--stop"", ""gen"", ""--max-gen"", ""100"", ""--edge-epsilon"", ""1e-06"", ""--save-generation-trace"", ""true"", ""--save-linkage-events"", ""false"", ""--save-graph-snapshots"", ""false"", ""--graph-snapshot-interval"", ""1"", ""--graph-snapshot-min-weight"", ""0.0"", ""--lr-gap-gen"", ""1"", ""--lr-min-samples"", ""10"", ""--lr-sparse-alpha"", ""0.001"", ""--lr-auto-alpha"", ""true"", ""--lr-alpha-c"", ""0.2"", ""--lr-delta"", ""0.05"", ""--lr-auto-min-samples"", ""true"", ""--lr-min-samples-c"", ""2.0"", ""--lr-stability-subsamples"", ""0"", ""--lr-stability-fraction"", ""0.75"", ""--lr-edge-min-weight"", ""0.0"", ""--lr-encoding"", ""binary"", ""--lr-solver"", ""auto"", ""--lr-matrix-free-threshold"", ""700"", ""--lr-matrix-free-max-iter"", ""8"", ""--lr-matrix-free-tol"", ""0.0001"", ""--lr-matrix-free-step-scale"", ""0.5"", ""--lr-matrix-free-dtype"", ""float32"", ""--build-building-blocks"", ""false"", ""--bb-weight-mode"", ""positive"", ""--bb-search-mode"", ""none"", ""--bb-min-block-size"", ""2"", ""--bb-max-blocks"", ""20"", ""--bb-snapshot-interval"", ""1"", ""--bb-external-penalty"", ""0.25"", ""--bb-size-penalty"", ""0.01"", ""--bb-pattern-top-fraction"", ""0.2"", ""--bb-pattern-min-support"", ""2"", ""--bb-refine-fraction"", ""0.2"", ""--bb-accept-equal-sparser"", ""true"", ""--bb-shuffle-blocks"", ""true"", ""--bb-signed-repair-probability"", ""0.75"", ""--pre-lr-explore"", ""false"", ""--pre-lr-mutation-multiplier"", ""3.0"", ""--pre-lr-immigrant-rate"", ""0.1"", ""--artifact-layout"", ""nested"", ""--write-aggregate-outputs"", ""false"", ""--lr-expected-edges"", ""60"", ""--lr-refit-expected-edges"", ""30"", ""--bb-gawll-update-interval"", ""10"", ""--bb-max-refine-trials"", ""10"", ""--repeat-id"", ""0"", ""--outer-fold-id"", ""0""]"
61,colon_asu,2,0,0,1,..\Results\results_fs_uniform_positive_medium_highdim\colon_asu\standard_ga,"[""colon_asu"", ""2"", ""0"", ""--data-dir"", ""../Dataset/prepared_feature_selection"", ""--output-dir"", ""..\\Results\\results_fs_uniform_positive_medium_highdim\\colon_asu\\standard_ga"", ""--outer-folds"", ""4"", ""--inner-folds"", ""4"", ""--repeats"", ""3"", ""--seed"", ""1"", ""--shuffle"", ""true"", ""--popsize"", ""100"", ""--p-cross"", ""0.4"", ""--tournament-size"", ""3"", ""--tau-reset"", ""50"", ""--resetpop-rate"", ""0.99"", ""--local-search"", ""false"", ""--stop"", ""gen"", ""--max-gen"", ""100"", ""--edge-epsilon"", ""1e-06"", ""--save-generation-trace"", ""true"", ""--save-linkage-events"", ""false"", ""--save-graph-snapshots"", ""false"", ""--graph-snapshot-interval"", ""1"", ""--graph-snapshot-min-weight"", ""0.0"", ""--lr-gap-gen"", ""1"", ""--lr-min-samples"", ""10"", ""--lr-sparse-alpha"", ""0.001"", ""--lr-auto-alpha"", ""true"", ""--lr-alpha-c"", ""0.2"", ""--lr-delta"", ""0.05"", ""--lr-auto-min-samples"", ""true"", ""--lr-min-samples-c"", ""2.0"", ""--lr-stability-subsamples"", ""0"", ""--lr-stability-fraction"", ""0.75"", ""--lr-edge-min-weight"", ""0.0"", ""--lr-encoding"", ""binary"", ""--lr-solver"", ""auto"", ""--lr-matrix-free-threshold"", ""700"", ""--lr-matrix-free-max-iter"", ""8"", ""--lr-matrix-free-tol"", ""0.0001"", ""--lr-matrix-free-step-scale"", ""0.5"", ""--lr-matrix-free-dtype"", ""float32"", ""--build-building-blocks"", ""false"", ""--bb-weight-mode"", ""positive"", ""--bb-search-mode"", ""none"", ""--bb-min-block-size"", ""2"", ""--bb-max-blocks"", ""20"", ""--bb-snapshot-interval"", ""1"", ""--bb-external-penalty"", ""0.25"", ""--bb-size-penalty"", ""0.01"", ""--bb-pattern-top-fraction"", ""0.2"", ""--bb-pattern-min-support"", ""2"", ""--bb-refine-fraction"", ""0.2"", ""--bb-accept-equal-sparser"", ""true"", ""--bb-shuffle-blocks"", ""true"", ""--bb-signed-repair-probability"", ""0.75"", ""--pre-lr-explore"", ""false"", ""--pre-lr-mutation-multiplier"", ""3.0"", ""--pre-lr-immigrant-rate"", ""0.1"", ""--artifact-layout"", ""nested"", ""--write-aggregate-outputs"", ""false"", ""--lr-expected-edges"", ""60"", ""--lr-refit-expected-edges"", ""30"", ""--bb-gawll-update-interval"", ""10"", ""--bb-max-refine-trials"", ""10"", ""--repeat-id"", ""0"", ""--outer-fold-id"", ""1""]"
62,colon_asu,2,0,0,2,..\Results\results_fs_uniform_positive_medium_highdim\colon_asu\standard_ga,"[""colon_asu"", ""2"", ""0"", ""--data-dir"", ""../Dataset/prepared_feature_selection"", ""--output-dir"", ""..\\Results\\results_fs_uniform_positive_medium_highdim\\colon_asu\\standard_ga"", ""--outer-folds"", ""4"", ""--inner-folds"", ""4"", ""--repeats"", ""3"", ""--seed"", ""1"", ""--shuffle"", ""true"", ""--popsize"", ""100"", ""--p-cross"", ""0.4"", ""--tournament-size"", ""3"", ""--tau-reset"", ""50"", ""--resetpop-rate"", ""0.99"", ""--local-search"", ""false"", ""--stop"", ""gen"", ""--max-gen"", ""100"", ""--edge-epsilon"", ""1e-06"", ""--save-generation-trace"", ""true"", ""--save-linkage-events"", ""false"", ""--save-graph-snapshots"", ""false"", ""--graph-snapshot-interval"", ""1"", ""--graph-snapshot-min-weight"", ""0.0"", ""--lr-gap-gen"", ""1"", ""--lr-min-samples"", ""10"", ""--lr-sparse-alpha"", ""0.001"", ""--lr-auto-alpha"", ""true"", ""--lr-alpha-c"", ""0.2"", ""--lr-delta"", ""0.05"", ""--lr-auto-min-samples"", ""true"", ""--lr-min-samples-c"", ""2.0"", ""--lr-stability-subsamples"", ""0"", ""--lr-stability-fraction"", ""0.75"", ""--lr-edge-min-weight"", ""0.0"", ""--lr-encoding"", ""binary"", ""--lr-solver"", ""auto"", ""--lr-matrix-free-threshold"", ""700"", ""--lr-matrix-free-max-iter"", ""8"", ""--lr-matrix-free-tol"", ""0.0001"", ""--lr-matrix-free-step-scale"", ""0.5"", ""--lr-matrix-free-dtype"", ""float32"", ""--build-building-blocks"", ""false"", ""--bb-weight-mode"", ""positive"", ""--bb-search-mode"", ""none"", ""--bb-min-block-size"", ""2"", ""--bb-max-blocks"", ""20"", ""--bb-snapshot-interval"", ""1"", ""--bb-external-penalty"", ""0.25"", ""--bb-size-penalty"", ""0.01"", ""--bb-pattern-top-fraction"", ""0.2"", ""--bb-pattern-min-support"", ""2"", ""--bb-refine-fraction"", ""0.2"", ""--bb-accept-equal-sparser"", ""true"", ""--bb-shuffle-blocks"", ""true"", ""--bb-signed-repair-probability"", ""0.75"", ""--pre-lr-explore"", ""false"", ""--pre-lr-mutation-multiplier"", ""3.0"", ""--pre-lr-immigrant-rate"", ""0.1"", ""--artifact-layout"", ""nested"", ""--write-aggregate-outputs"", ""false"", ""--lr-expected-edges"", ""60"", ""--lr-refit-expected-edges"", ""30"", ""--bb-gawll-update-interval"", ""10"", ""--bb-max-refine-trials"", ""10"", ""--repeat-id"", ""0"", ""--outer-fold-id"", ""2""]"
63,colon_asu,2,0,0,3,..\Results\results_fs_uniform_positive_medium_highdim\colon_asu\standard_ga,"[""colon_asu"", ""2"", ""0"", ""--data-dir"", ""../Dataset/prepared_feature_selection"", ""--output-dir"", ""..\\Results\\results_fs_uniform_positive_medium_highdim\\colon_asu\\standard_ga"", ""--outer-folds"", ""4"", ""--inner-folds"", ""4"", ""--repeats"", ""3"", ""--seed"", ""1"", ""--shuffle"", ""true"", ""--popsize"", ""100"", ""--p-cross"", ""0.4"", ""--tournament-size"", ""3"", ""--tau-reset"", ""50"", ""--resetpop-rate"", ""0.99"", ""--local-search"", ""false"", ""--stop"", ""gen"", ""--max-gen"", ""100"", ""--edge-epsilon"", ""1e-06"", ""--save-generation-trace"", ""true"", ""--save-linkage-events"", ""false"", ""--save-graph-snapshots"", ""false"", ""--graph-snapshot-interval"", ""1"", ""--graph-snapshot-min-weight"", ""0.0"", ""--lr-gap-gen"", ""1"", ""--lr-min-samples"", ""10"", ""--lr-sparse-alpha"", ""0.001"", ""--lr-auto-alpha"", ""true"", ""--lr-alpha-c"", ""0.2"", ""--lr-delta"", ""0.05"", ""--lr-auto-min-samples"", ""true"", ""--lr-min-samples-c"", ""2.0"", ""--lr-stability-subsamples"", ""0"", ""--lr-stability-fraction"", ""0.75"", ""--lr-edge-min-weight"", ""0.0"", ""--lr-encoding"", ""binary"", ""--lr-solver"", ""auto"", ""--lr-matrix-free-threshold"", ""700"", ""--lr-matrix-free-max-iter"", ""8"", ""--lr-matrix-free-tol"", ""0.0001"", ""--lr-matrix-free-step-scale"", ""0.5"", ""--lr-matrix-free-dtype"", ""float32"", ""--build-building-blocks"", ""false"", ""--bb-weight-mode"", ""positive"", ""--bb-search-mode"", ""none"", ""--bb-min-block-size"", ""2"", ""--bb-max-blocks"", ""20"", ""--bb-snapshot-interval"", ""1"", ""--bb-external-penalty"", ""0.25"", ""--bb-size-penalty"", ""0.01"", ""--bb-pattern-top-fraction"", ""0.2"", ""--bb-pattern-min-support"", ""2"", ""--bb-refine-fraction"", ""0.2"", ""--bb-accept-equal-sparser"", ""true"", ""--bb-shuffle-blocks"", ""true"", ""--bb-signed-repair-probability"", ""0.75"", ""--pre-lr-explore"", ""false"", ""--pre-lr-mutation-multiplier"", ""3.0"", ""--pre-lr-immigrant-rate"", ""0.1"", ""--artifact-layout"", ""nested"", ""--write-aggregate-outputs"", ""false"", ""--lr-expected-edges"", ""60"", ""--lr-refit-expected-edges"", ""30"", ""--bb-gawll-update-interval"", ""10"", ""--bb-max-refine-trials"", ""10"", ""--repeat-id"", ""0"", ""--outer-fold-id"", ""3""]"
64,colon_asu,2,0,1,0,..\Results\results_fs_uniform_positive_medium_highdim\colon_asu\standard_ga,"[""colon_asu"", ""2"", ""0"", ""--data-dir"", ""../Dataset/prepared_feature_selection"", ""--output-dir"", ""..\\Results\\results_fs_uniform_positive_medium_highdim\\colon_asu\\standard_ga"", ""--outer-folds"", ""4"", ""--inner-folds"", ""4"", ""--repeats"", ""3"", ""--seed"", ""1"", ""--shuffle"", ""true"", ""--popsize"", ""100"", ""--p-cross"", ""0.4"", ""--tournament-size"", ""3"", ""--tau-reset"", ""50"", ""--resetpop-rate"", ""0.99"", ""--local-search"", ""false"", ""--stop"", ""gen"", ""--max-gen"", ""100"", ""--edge-epsilon"", ""1e-06"", ""--save-generation-trace"", ""true"", ""--save-linkage-events"", ""false"", ""--save-graph-snapshots"", ""false"", ""--graph-snapshot-interval"", ""1"", ""--graph-snapshot-min-weight"", ""0.0"", ""--lr-gap-gen"", ""1"", ""--lr-min-samples"", ""10"", ""--lr-sparse-alpha"", ""0.001"", ""--lr-auto-alpha"", ""true"", ""--lr-alpha-c"", ""0.2"", ""--lr-delta"", ""0.05"", ""--lr-auto-min-samples"", ""true"", ""--lr-min-samples-c"", ""2.0"", ""--lr-stability-subsamples"", ""0"", ""--lr-stability-fraction"", ""0.75"", ""--lr-edge-min-weight"", ""0.0"", ""--lr-encoding"", ""binary"", ""--lr-solver"", ""auto"", ""--lr-matrix-free-threshold"", ""700"", ""--lr-matrix-free-max-iter"", ""8"", ""--lr-matrix-free-tol"", ""0.0001"", ""--lr-matrix-free-step-scale"", ""0.5"", ""--lr-matrix-free-dtype"", ""float32"", ""--build-building-blocks"", ""false"", ""--bb-weight-mode"", ""positive"", ""--bb-search-mode"", ""none"", ""--bb-min-block-size"", ""2"", ""--bb-max-blocks"", ""20"", ""--bb-snapshot-interval"", ""1"", ""--bb-external-penalty"", ""0.25"", ""--bb-size-penalty"", ""0.01"", ""--bb-pattern-top-fraction"", ""0.2"", ""--bb-pattern-min-support"", ""2"", ""--bb-refine-fraction"", ""0.2"", ""--bb-accept-equal-sparser"", ""true"", ""--bb-shuffle-blocks"", ""true"", ""--bb-signed-repair-probability"", ""0.75"", ""--pre-lr-explore"", ""false"", ""--pre-lr-mutation-multiplier"", ""3.0"", ""--pre-lr-immigrant-rate"", ""0.1"", ""--artifact-layout"", ""nested"", ""--write-aggregate-outputs"", ""false"", ""--lr-expected-edges"", ""60"", ""--lr-refit-expected-edges"", ""30"", ""--bb-gawll-update-interval"", ""10"", ""--bb-max-refine-trials"", ""10"", ""--repeat-id"", ""1"", ""--outer-fold-id"", ""0""]"
65,colon_asu,2,0,1,1,..\Results\results_fs_uniform_positive_medium_highdim\colon_asu\standard_ga,"[""colon_asu"", ""2"", ""0"", ""--data-dir"", ""../Dataset/prepared_feature_selection"", ""--output-dir"", ""..\\Results\\results_fs_uniform_positive_medium_highdim\\colon_asu\\standard_ga"", ""--outer-folds"", ""4"", ""--inner-folds"", ""4"", ""--repeats"", ""3"", ""--seed"", ""1"", ""--shuffle"", ""true"", ""--popsize"", ""100"", ""--p-cross"", ""0.4"", ""--tournament-size"", ""3"", ""--tau-reset"", ""50"", ""--resetpop-rate"", ""0.99"", ""--local-search"", ""false"", ""--stop"", ""gen"", ""--max-gen"", ""100"", ""--edge-epsilon"", ""1e-06"", ""--save-generation-trace"", ""true"", ""--save-linkage-events"", ""false"", ""--save-graph-snapshots"", ""false"", ""--graph-snapshot-interval"", ""1"", ""--graph-snapshot-min-weight"", ""0.0"", ""--lr-gap-gen"", ""1"", ""--lr-min-samples"", ""10"", ""--lr-sparse-alpha"", ""0.001"", ""--lr-auto-alpha"", ""true"", ""--lr-alpha-c"", ""0.2"", ""--lr-delta"", ""0.05"", ""--lr-auto-min-samples"", ""true"", ""--lr-min-samples-c"", ""2.0"", ""--lr-stability-subsamples"", ""0"", ""--lr-stability-fraction"", ""0.75"", ""--lr-edge-min-weight"", ""0.0"", ""--lr-encoding"", ""binary"", ""--lr-solver"", ""auto"", ""--lr-matrix-free-threshold"", ""700"", ""--lr-matrix-free-max-iter"", ""8"", ""--lr-matrix-free-tol"", ""0.0001"", ""--lr-matrix-free-step-scale"", ""0.5"", ""--lr-matrix-free-dtype"", ""float32"", ""--build-building-blocks"", ""false"", ""--bb-weight-mode"", ""positive"", ""--bb-search-mode"", ""none"", ""--bb-min-block-size"", ""2"", ""--bb-max-blocks"", ""20"", ""--bb-snapshot-interval"", ""1"", ""--bb-external-penalty"", ""0.25"", ""--bb-size-penalty"", ""0.01"", ""--bb-pattern-top-fraction"", ""0.2"", ""--bb-pattern-min-support"", ""2"", ""--bb-refine-fraction"", ""0.2"", ""--bb-accept-equal-sparser"", ""true"", ""--bb-shuffle-blocks"", ""true"", ""--bb-signed-repair-probability"", ""0.75"", ""--pre-lr-explore"", ""false"", ""--pre-lr-mutation-multiplier"", ""3.0"", ""--pre-lr-immigrant-rate"", ""0.1"", ""--artifact-layout"", ""nested"", ""--write-aggregate-outputs"", ""false"", ""--lr-expected-edges"", ""60"", ""--lr-refit-expected-edges"", ""30"", ""--bb-gawll-update-interval"", ""10"", ""--bb-max-refine-trials"", ""10"", ""--repeat-id"", ""1"", ""--outer-fold-id"", ""1""]"
66,colon_asu,2,0,1,2,..\Results\results_fs_uniform_positive_medium_highdim\colon_asu\standard_ga,"[""colon_asu"", ""2"", ""0"", ""--data-dir"", ""../Dataset/prepared_feature_selection"", ""--output-dir"", ""..\\Results\\results_fs_uniform_positive_medium_highdim\\colon_asu\\standard_ga"", ""--outer-folds"", ""4"", ""--inner-folds"", ""4"", ""--repeats"", ""3"", ""--seed"", ""1"", ""--shuffle"", ""true"", ""--popsize"", ""100"", ""--p-cross"", ""0.4"", ""--tournament-size"", ""3"", ""--tau-reset"", ""50"", ""--resetpop-rate"", ""0.99"", ""--local-search"", ""false"", ""--stop"", ""gen"", ""--max-gen"", ""100"", ""--edge-epsilon"", ""1e-06"", ""--save-generation-trace"", ""true"", ""--save-linkage-events"", ""false"", ""--save-graph-snapshots"", ""false"", ""--graph-snapshot-interval"", ""1"", ""--graph-snapshot-min-weight"", ""0.0"", ""--lr-gap-gen"", ""1"", ""--lr-min-samples"", ""10"", ""--lr-sparse-alpha"", ""0.001"", ""--lr-auto-alpha"", ""true"", ""--lr-alpha-c"", ""0.2"", ""--lr-delta"", ""0.05"", ""--lr-auto-min-samples"", ""true"", ""--lr-min-samples-c"", ""2.0"", ""--lr-stability-subsamples"", ""0"", ""--lr-stability-fraction"", ""0.75"", ""--lr-edge-min-weight"", ""0.0"", ""--lr-encoding"", ""binary"", ""--lr-solver"", ""auto"", ""--lr-matrix-free-threshold"", ""700"", ""--lr-matrix-free-max-iter"", ""8"", ""--lr-matrix-free-tol"", ""0.0001"", ""--lr-matrix-free-step-scale"", ""0.5"", ""--lr-matrix-free-dtype"", ""float32"", ""--build-building-blocks"", ""false"", ""--bb-weight-mode"", ""positive"", ""--bb-search-mode"", ""none"", ""--bb-min-block-size"", ""2"", ""--bb-max-blocks"", ""20"", ""--bb-snapshot-interval"", ""1"", ""--bb-external-penalty"", ""0.25"", ""--bb-size-penalty"", ""0.01"", ""--bb-pattern-top-fraction"", ""0.2"", ""--bb-pattern-min-support"", ""2"", ""--bb-refine-fraction"", ""0.2"", ""--bb-accept-equal-sparser"", ""true"", ""--bb-shuffle-blocks"", ""true"", ""--bb-signed-repair-probability"", ""0.75"", ""--pre-lr-explore"", ""false"", ""--pre-lr-mutation-multiplier"", ""3.0"", ""--pre-lr-immigrant-rate"", ""0.1"", ""--artifact-layout"", ""nested"", ""--write-aggregate-outputs"", ""false"", ""--lr-expected-edges"", ""60"", ""--lr-refit-expected-edges"", ""30"", ""--bb-gawll-update-interval"", ""10"", ""--bb-max-refine-trials"", ""10"", ""--repeat-id"", ""1"", ""--outer-fold-id"", ""2""]"
67,colon_asu,2,0,1,3,..\Results\results_fs_uniform_positive_medium_highdim\colon_asu\standard_ga,"[""colon_asu"", ""2"", ""0"", ""--data-dir"", ""../Dataset/prepared_feature_selection"", ""--output-dir"", ""..\\Results\\results_fs_uniform_positive_medium_highdim\\colon_asu\\standard_ga"", ""--outer-folds"", ""4"", ""--inner-folds"", ""4"", ""--repeats"", ""3"", ""--seed"", ""1"", ""--shuffle"", ""true"", ""--popsize"", ""100"", ""--p-cross"", ""0.4"", ""--tournament-size"", ""3"", ""--tau-reset"", ""50"", ""--resetpop-rate"", ""0.99"", ""--local-search"", ""false"", ""--stop"", ""gen"", ""--max-gen"", ""100"", ""--edge-epsilon"", ""1e-06"", ""--save-generation-trace"", ""true"", ""--save-linkage-events"", ""false"", ""--save-graph-snapshots"", ""false"", ""--graph-snapshot-interval"", ""1"", ""--graph-snapshot-min-weight"", ""0.0"", ""--lr-gap-gen"", ""1"", ""--lr-min-samples"", ""10"", ""--lr-sparse-alpha"", ""0.001"", ""--lr-auto-alpha"", ""true"", ""--lr-alpha-c"", ""0.2"", ""--lr-delta"", ""0.05"", ""--lr-auto-min-samples"", ""true"", ""--lr-min-samples-c"", ""2.0"", ""--lr-stability-subsamples"", ""0"", ""--lr-stability-fraction"", ""0.75"", ""--lr-edge-min-weight"", ""0.0"", ""--lr-encoding"", ""binary"", ""--lr-solver"", ""auto"", ""--lr-matrix-free-threshold"", ""700"", ""--lr-matrix-free-max-iter"", ""8"", ""--lr-matrix-free-tol"", ""0.0001"", ""--lr-matrix-free-step-scale"", ""0.5"", ""--lr-matrix-free-dtype"", ""float32"", ""--build-building-blocks"", ""false"", ""--bb-weight-mode"", ""positive"", ""--bb-search-mode"", ""none"", ""--bb-min-block-size"", ""2"", ""--bb-max-blocks"", ""20"", ""--bb-snapshot-interval"", ""1"", ""--bb-external-penalty"", ""0.25"", ""--bb-size-penalty"", ""0.01"", ""--bb-pattern-top-fraction"", ""0.2"", ""--bb-pattern-min-support"", ""2"", ""--bb-refine-fraction"", ""0.2"", ""--bb-accept-equal-sparser"", ""true"", ""--bb-shuffle-blocks"", ""true"", ""--bb-signed-repair-probability"", ""0.75"", ""--pre-lr-explore"", ""false"", ""--pre-lr-mutation-multiplier"", ""3.0"", ""--pre-lr-immigrant-rate"", ""0.1"", ""--artifact-layout"", ""nested"", ""--write-aggregate-outputs"", ""false"", ""--lr-expected-edges"", ""60"", ""--lr-refit-expected-edges"", ""30"", ""--bb-gawll-update-interval"", ""10"", ""--bb-max-refine-trials"", ""10"", ""--repeat-id"", ""1"", ""--outer-fold-id"", ""3""]"
68,colon_asu,2,0,2,0,..\Results\results_fs_uniform_positive_medium_highdim\colon_asu\standard_ga,"[""colon_asu"", ""2"", ""0"", ""--data-dir"", ""../Dataset/prepared_feature_selection"", ""--output-dir"", ""..\\Results\\results_fs_uniform_positive_medium_highdim\\colon_asu\\standard_ga"", ""--outer-folds"", ""4"", ""--inner-folds"", ""4"", ""--repeats"", ""3"", ""--seed"", ""1"", ""--shuffle"", ""true"", ""--popsize"", ""100"", ""--p-cross"", ""0.4"", ""--tournament-size"", ""3"", ""--tau-reset"", ""50"", ""--resetpop-rate"", ""0.99"", ""--local-search"", ""false"", ""--stop"", ""gen"", ""--max-gen"", ""100"", ""--edge-epsilon"", ""1e-06"", ""--save-generation-trace"", ""true"", ""--save-linkage-events"", ""false"", ""--save-graph-snapshots"", ""false"", ""--graph-snapshot-interval"", ""1"", ""--graph-snapshot-min-weight"", ""0.0"", ""--lr-gap-gen"", ""1"", ""--lr-min-samples"", ""10"", ""--lr-sparse-alpha"", ""0.001"", ""--lr-auto-alpha"", ""true"", ""--lr-alpha-c"", ""0.2"", ""--lr-delta"", ""0.05"", ""--lr-auto-min-samples"", ""true"", ""--lr-min-samples-c"", ""2.0"", ""--lr-stability-subsamples"", ""0"", ""--lr-stability-fraction"", ""0.75"", ""--lr-edge-min-weight"", ""0.0"", ""--lr-encoding"", ""binary"", ""--lr-solver"", ""auto"", ""--lr-matrix-free-threshold"", ""700"", ""--lr-matrix-free-max-iter"", ""8"", ""--lr-matrix-free-tol"", ""0.0001"", ""--lr-matrix-free-step-scale"", ""0.5"", ""--lr-matrix-free-dtype"", ""float32"", ""--build-building-blocks"", ""false"", ""--bb-weight-mode"", ""positive"", ""--bb-search-mode"", ""none"", ""--bb-min-block-size"", ""2"", ""--bb-max-blocks"", ""20"", ""--bb-snapshot-interval"", ""1"", ""--bb-external-penalty"", ""0.25"", ""--bb-size-penalty"", ""0.01"", ""--bb-pattern-top-fraction"", ""0.2"", ""--bb-pattern-min-support"", ""2"", ""--bb-refine-fraction"", ""0.2"", ""--bb-accept-equal-sparser"", ""true"", ""--bb-shuffle-blocks"", ""true"", ""--bb-signed-repair-probability"", ""0.75"", ""--pre-lr-explore"", ""false"", ""--pre-lr-mutation-multiplier"", ""3.0"", ""--pre-lr-immigrant-rate"", ""0.1"", ""--artifact-layout"", ""nested"", ""--write-aggregate-outputs"", ""false"", ""--lr-expected-edges"", ""60"", ""--lr-refit-expected-edges"", ""30"", ""--bb-gawll-update-interval"", ""10"", ""--bb-max-refine-trials"", ""10"", ""--repeat-id"", ""2"", ""--outer-fold-id"", ""0""]"
69,colon_asu,2,0,2,1,..\Results\results_fs_uniform_positive_medium_highdim\colon_asu\standard_ga,"[""colon_asu"", ""2"", ""0"", ""--data-dir"", ""../Dataset/prepared_feature_selection"", ""--output-dir"", ""..\\Results\\results_fs_uniform_positive_medium_highdim\\colon_asu\\standard_ga"", ""--outer-folds"", ""4"", ""--inner-folds"", ""4"", ""--repeats"", ""3"", ""--seed"", ""1"", ""--shuffle"", ""true"", ""--popsize"", ""100"", ""--p-cross"", ""0.4"", ""--tournament-size"", ""3"", ""--tau-reset"", ""50"", ""--resetpop-rate"", ""0.99"", ""--local-search"", ""false"", ""--stop"", ""gen"", ""--max-gen"", ""100"", ""--edge-epsilon"", ""1e-06"", ""--save-generation-trace"", ""true"", ""--save-linkage-events"", ""false"", ""--save-graph-snapshots"", ""false"", ""--graph-snapshot-interval"", ""1"", ""--graph-snapshot-min-weight"", ""0.0"", ""--lr-gap-gen"", ""1"", ""--lr-min-samples"", ""10"", ""--lr-sparse-alpha"", ""0.001"", ""--lr-auto-alpha"", ""true"", ""--lr-alpha-c"", ""0.2"", ""--lr-delta"", ""0.05"", ""--lr-auto-min-samples"", ""true"", ""--lr-min-samples-c"", ""2.0"", ""--lr-stability-subsamples"", ""0"", ""--lr-stability-fraction"", ""0.75"", ""--lr-edge-min-weight"", ""0.0"", ""--lr-encoding"", ""binary"", ""--lr-solver"", ""auto"", ""--lr-matrix-free-threshold"", ""700"", ""--lr-matrix-free-max-iter"", ""8"", ""--lr-matrix-free-tol"", ""0.0001"", ""--lr-matrix-free-step-scale"", ""0.5"", ""--lr-matrix-free-dtype"", ""float32"", ""--build-building-blocks"", ""false"", ""--bb-weight-mode"", ""positive"", ""--bb-search-mode"", ""none"", ""--bb-min-block-size"", ""2"", ""--bb-max-blocks"", ""20"", ""--bb-snapshot-interval"", ""1"", ""--bb-external-penalty"", ""0.25"", ""--bb-size-penalty"", ""0.01"", ""--bb-pattern-top-fraction"", ""0.2"", ""--bb-pattern-min-support"", ""2"", ""--bb-refine-fraction"", ""0.2"", ""--bb-accept-equal-sparser"", ""true"", ""--bb-shuffle-blocks"", ""true"", ""--bb-signed-repair-probability"", ""0.75"", ""--pre-lr-explore"", ""false"", ""--pre-lr-mutation-multiplier"", ""3.0"", ""--pre-lr-immigrant-rate"", ""0.1"", ""--artifact-layout"", ""nested"", ""--write-aggregate-outputs"", ""false"", ""--lr-expected-edges"", ""60"", ""--lr-refit-expected-edges"", ""30"", ""--bb-gawll-update-interval"", ""10"", ""--bb-max-refine-trials"", ""10"", ""--repeat-id"", ""2"", ""--outer-fold-id"", ""1""]"
70,colon_asu,2,0,2,2,..\Results\results_fs_uniform_positive_medium_highdim\colon_asu\standard_ga,"[""colon_asu"", ""2"", ""0"", ""--data-dir"", ""../Dataset/prepared_feature_selection"", ""--output-dir"", ""..\\Results\\results_fs_uniform_positive_medium_highdim\\colon_asu\\standard_ga"", ""--outer-folds"", ""4"", ""--inner-folds"", ""4"", ""--repeats"", ""3"", ""--seed"", ""1"", ""--shuffle"", ""true"", ""--popsize"", ""100"", ""--p-cross"", ""0.4"", ""--tournament-size"", ""3"", ""--tau-reset"", ""50"", ""--resetpop-rate"", ""0.99"", ""--local-search"", ""false"", ""--stop"", ""gen"", ""--max-gen"", ""100"", ""--edge-epsilon"", ""1e-06"", ""--save-generation-trace"", ""true"", ""--save-linkage-events"", ""false"", ""--save-graph-snapshots"", ""false"", ""--graph-snapshot-interval"", ""1"", ""--graph-snapshot-min-weight"", ""0.0"", ""--lr-gap-gen"", ""1"", ""--lr-min-samples"", ""10"", ""--lr-sparse-alpha"", ""0.001"", ""--lr-auto-alpha"", ""true"", ""--lr-alpha-c"", ""0.2"", ""--lr-delta"", ""0.05"", ""--lr-auto-min-samples"", ""true"", ""--lr-min-samples-c"", ""2.0"", ""--lr-stability-subsamples"", ""0"", ""--lr-stability-fraction"", ""0.75"", ""--lr-edge-min-weight"", ""0.0"", ""--lr-encoding"", ""binary"", ""--lr-solver"", ""auto"", ""--lr-matrix-free-threshold"", ""700"", ""--lr-matrix-free-max-iter"", ""8"", ""--lr-matrix-free-tol"", ""0.0001"", ""--lr-matrix-free-step-scale"", ""0.5"", ""--lr-matrix-free-dtype"", ""float32"", ""--build-building-blocks"", ""false"", ""--bb-weight-mode"", ""positive"", ""--bb-search-mode"", ""none"", ""--bb-min-block-size"", ""2"", ""--bb-max-blocks"", ""20"", ""--bb-snapshot-interval"", ""1"", ""--bb-external-penalty"", ""0.25"", ""--bb-size-penalty"", ""0.01"", ""--bb-pattern-top-fraction"", ""0.2"", ""--bb-pattern-min-support"", ""2"", ""--bb-refine-fraction"", ""0.2"", ""--bb-accept-equal-sparser"", ""true"", ""--bb-shuffle-blocks"", ""true"", ""--bb-signed-repair-probability"", ""0.75"", ""--pre-lr-explore"", ""false"", ""--pre-lr-mutation-multiplier"", ""3.0"", ""--pre-lr-immigrant-rate"", ""0.1"", ""--artifact-layout"", ""nested"", ""--write-aggregate-outputs"", ""false"", ""--lr-expected-edges"", ""60"", ""--lr-refit-expected-edges"", ""30"", ""--bb-gawll-update-interval"", ""10"", ""--bb-max-refine-trials"", ""10"", ""--repeat-id"", ""2"", ""--outer-fold-id"", ""2""]"
71,colon_asu,2,0,2,3,..\Results\results_fs_uniform_positive_medium_highdim\colon_asu\standard_ga,"[""colon_asu"", ""2"", ""0"", ""--data-dir"", ""../Dataset/prepared_feature_selection"", ""--output-dir"", ""..\\Results\\results_fs_uniform_positive_medium_highdim\\colon_asu\\standard_ga"", ""--outer-folds"", ""4"", ""--inner-folds"", ""4"", ""--repeats"", ""3"", ""--seed"", ""1"", ""--shuffle"", ""true"", ""--popsize"", ""100"", ""--p-cross"", ""0.4"", ""--tournament-size"", ""3"", ""--tau-reset"", ""50"", ""--resetpop-rate"", ""0.99"", ""--local-search"", ""false"", ""--stop"", ""gen"", ""--max-gen"", ""100"", ""--edge-epsilon"", ""1e-06"", ""--save-generation-trace"", ""true"", ""--save-linkage-events"", ""false"", ""--save-graph-snapshots"", ""false"", ""--graph-snapshot-interval"", ""1"", ""--graph-snapshot-min-weight"", ""0.0"", ""--lr-gap-gen"", ""1"", ""--lr-min-samples"", ""10"", ""--lr-sparse-alpha"", ""0.001"", ""--lr-auto-alpha"", ""true"", ""--lr-alpha-c"", ""0.2"", ""--lr-delta"", ""0.05"", ""--lr-auto-min-samples"", ""true"", ""--lr-min-samples-c"", ""2.0"", ""--lr-stability-subsamples"", ""0"", ""--lr-stability-fraction"", ""0.75"", ""--lr-edge-min-weight"", ""0.0"", ""--lr-encoding"", ""binary"", ""--lr-solver"", ""auto"", ""--lr-matrix-free-threshold"", ""700"", ""--lr-matrix-free-max-iter"", ""8"", ""--lr-matrix-free-tol"", ""0.0001"", ""--lr-matrix-free-step-scale"", ""0.5"", ""--lr-matrix-free-dtype"", ""float32"", ""--build-building-blocks"", ""false"", ""--bb-weight-mode"", ""positive"", ""--bb-search-mode"", ""none"", ""--bb-min-block-size"", ""2"", ""--bb-max-blocks"", ""20"", ""--bb-snapshot-interval"", ""1"", ""--bb-external-penalty"", ""0.25"", ""--bb-size-penalty"", ""0.01"", ""--bb-pattern-top-fraction"", ""0.2"", ""--bb-pattern-min-support"", ""2"", ""--bb-refine-fraction"", ""0.2"", ""--bb-accept-equal-sparser"", ""true"", ""--bb-shuffle-blocks"", ""true"", ""--bb-signed-repair-probability"", ""0.75"", ""--pre-lr-explore"", ""false"", ""--pre-lr-mutation-multiplier"", ""3.0"", ""--pre-lr-immigrant-rate"", ""0.1"", ""--artifact-layout"", ""nested"", ""--write-aggregate-outputs"", ""false"", ""--lr-expected-edges"", ""60"", ""--lr-refit-expected-edges"", ""30"", ""--bb-gawll-update-interval"", ""10"", ""--bb-max-refine-trials"", ""10"", ""--repeat-id"", ""2"", ""--outer-fold-id"", ""3""]"
72,warpPIE10P_asu,2,0,0,0,..\Results\results_fs_uniform_positive_medium_highdim\warpPIE10P_asu\standard_ga,"[""warpPIE10P_asu"", ""2"", ""0"", ""--data-dir"", ""../Dataset/prepared_feature_selection"", ""--output-dir"", ""..\\Results\\results_fs_uniform_positive_medium_highdim\\warpPIE10P_asu\\standard_ga"", ""--outer-folds"", ""4"", ""--inner-folds"", ""4"", ""--repeats"", ""3"", ""--seed"", ""1"", ""--shuffle"", ""true"", ""--popsize"", ""100"", ""--p-cross"", ""0.4"", ""--tournament-size"", ""3"", ""--tau-reset"", ""50"", ""--resetpop-rate"", ""0.99"", ""--local-search"", ""false"", ""--stop"", ""gen"", ""--max-gen"", ""100"", ""--edge-epsilon"", ""1e-06"", ""--save-generation-trace"", ""true"", ""--save-linkage-events"", ""false"", ""--save-graph-snapshots"", ""false"", ""--graph-snapshot-interval"", ""1"", ""--graph-snapshot-min-weight"", ""0.0"", ""--lr-gap-gen"", ""1"", ""--lr-min-samples"", ""10"", ""--lr-sparse-alpha"", ""0.001"", ""--lr-auto-alpha"", ""true"", ""--lr-alpha-c"", ""0.2"", ""--lr-delta"", ""0.05"", ""--lr-auto-min-samples"", ""true"", ""--lr-min-samples-c"", ""2.0"", ""--lr-stability-subsamples"", ""0"", ""--lr-stability-fraction"", ""0.75"", ""--lr-edge-min-weight"", ""0.0"", ""--lr-encoding"", ""binary"", ""--lr-solver"", ""auto"", ""--lr-matrix-free-threshold"", ""700"", ""--lr-matrix-free-max-iter"", ""8"", ""--lr-matrix-free-tol"", ""0.0001"", ""--lr-matrix-free-step-scale"", ""0.5"", ""--lr-matrix-free-dtype"", ""float32"", ""--build-building-blocks"", ""false"", ""--bb-weight-mode"", ""positive"", ""--bb-search-mode"", ""none"", ""--bb-min-block-size"", ""2"", ""--bb-max-blocks"", ""20"", ""--bb-snapshot-interval"", ""1"", ""--bb-external-penalty"", ""0.25"", ""--bb-size-penalty"", ""0.01"", ""--bb-pattern-top-fraction"", ""0.2"", ""--bb-pattern-min-support"", ""2"", ""--bb-refine-fraction"", ""0.2"", ""--bb-accept-equal-sparser"", ""true"", ""--bb-shuffle-blocks"", ""true"", ""--bb-signed-repair-probability"", ""0.75"", ""--pre-lr-explore"", ""false"", ""--pre-lr-mutation-multiplier"", ""3.0"", ""--pre-lr-immigrant-rate"", ""0.1"", ""--artifact-layout"", ""nested"", ""--write-aggregate-outputs"", ""false"", ""--lr-expected-edges"", ""60"", ""--lr-refit-expected-edges"", ""30"", ""--bb-gawll-update-interval"", ""10"", ""--bb-max-refine-trials"", ""10"", ""--repeat-id"", ""0"", ""--outer-fold-id"", ""0""]"
73,warpPIE10P_asu,2,0,0,1,..\Results\results_fs_uniform_positive_medium_highdim\warpPIE10P_asu\standard_ga,"[""warpPIE10P_asu"", ""2"", ""0"", ""--data-dir"", ""../Dataset/prepared_feature_selection"", ""--output-dir"", ""..\\Results\\results_fs_uniform_positive_medium_highdim\\warpPIE10P_asu\\standard_ga"", ""--outer-folds"", ""4"", ""--inner-folds"", ""4"", ""--repeats"", ""3"", ""--seed"", ""1"", ""--shuffle"", ""true"", ""--popsize"", ""100"", ""--p-cross"", ""0.4"", ""--tournament-size"", ""3"", ""--tau-reset"", ""50"", ""--resetpop-rate"", ""0.99"", ""--local-search"", ""false"", ""--stop"", ""gen"", ""--max-gen"", ""100"", ""--edge-epsilon"", ""1e-06"", ""--save-generation-trace"", ""true"", ""--save-linkage-events"", ""false"", ""--save-graph-snapshots"", ""false"", ""--graph-snapshot-interval"", ""1"", ""--graph-snapshot-min-weight"", ""0.0"", ""--lr-gap-gen"", ""1"", ""--lr-min-samples"", ""10"", ""--lr-sparse-alpha"", ""0.001"", ""--lr-auto-alpha"", ""true"", ""--lr-alpha-c"", ""0.2"", ""--lr-delta"", ""0.05"", ""--lr-auto-min-samples"", ""true"", ""--lr-min-samples-c"", ""2.0"", ""--lr-stability-subsamples"", ""0"", ""--lr-stability-fraction"", ""0.75"", ""--lr-edge-min-weight"", ""0.0"", ""--lr-encoding"", ""binary"", ""--lr-solver"", ""auto"", ""--lr-matrix-free-threshold"", ""700"", ""--lr-matrix-free-max-iter"", ""8"", ""--lr-matrix-free-tol"", ""0.0001"", ""--lr-matrix-free-step-scale"", ""0.5"", ""--lr-matrix-free-dtype"", ""float32"", ""--build-building-blocks"", ""false"", ""--bb-weight-mode"", ""positive"", ""--bb-search-mode"", ""none"", ""--bb-min-block-size"", ""2"", ""--bb-max-blocks"", ""20"", ""--bb-snapshot-interval"", ""1"", ""--bb-external-penalty"", ""0.25"", ""--bb-size-penalty"", ""0.01"", ""--bb-pattern-top-fraction"", ""0.2"", ""--bb-pattern-min-support"", ""2"", ""--bb-refine-fraction"", ""0.2"", ""--bb-accept-equal-sparser"", ""true"", ""--bb-shuffle-blocks"", ""true"", ""--bb-signed-repair-probability"", ""0.75"", ""--pre-lr-explore"", ""false"", ""--pre-lr-mutation-multiplier"", ""3.0"", ""--pre-lr-immigrant-rate"", ""0.1"", ""--artifact-layout"", ""nested"", ""--write-aggregate-outputs"", ""false"", ""--lr-expected-edges"", ""60"", ""--lr-refit-expected-edges"", ""30"", ""--bb-gawll-update-interval"", ""10"", ""--bb-max-refine-trials"", ""10"", ""--repeat-id"", ""0"", ""--outer-fold-id"", ""1""]"
74,warpPIE10P_asu,2,0,0,2,..\Results\results_fs_uniform_positive_medium_highdim\warpPIE10P_asu\standard_ga,"[""warpPIE10P_asu"", ""2"", ""0"", ""--data-dir"", ""../Dataset/prepared_feature_selection"", ""--output-dir"", ""..\\Results\\results_fs_uniform_positive_medium_highdim\\warpPIE10P_asu\\standard_ga"", ""--outer-folds"", ""4"", ""--inner-folds"", ""4"", ""--repeats"", ""3"", ""--seed"", ""1"", ""--shuffle"", ""true"", ""--popsize"", ""100"", ""--p-cross"", ""0.4"", ""--tournament-size"", ""3"", ""--tau-reset"", ""50"", ""--resetpop-rate"", ""0.99"", ""--local-search"", ""false"", ""--stop"", ""gen"", ""--max-gen"", ""100"", ""--edge-epsilon"", ""1e-06"", ""--save-generation-trace"", ""true"", ""--save-linkage-events"", ""false"", ""--save-graph-snapshots"", ""false"", ""--graph-snapshot-interval"", ""1"", ""--graph-snapshot-min-weight"", ""0.0"", ""--lr-gap-gen"", ""1"", ""--lr-min-samples"", ""10"", ""--lr-sparse-alpha"", ""0.001"", ""--lr-auto-alpha"", ""true"", ""--lr-alpha-c"", ""0.2"", ""--lr-delta"", ""0.05"", ""--lr-auto-min-samples"", ""true"", ""--lr-min-samples-c"", ""2.0"", ""--lr-stability-subsamples"", ""0"", ""--lr-stability-fraction"", ""0.75"", ""--lr-edge-min-weight"", ""0.0"", ""--lr-encoding"", ""binary"", ""--lr-solver"", ""auto"", ""--lr-matrix-free-threshold"", ""700"", ""--lr-matrix-free-max-iter"", ""8"", ""--lr-matrix-free-tol"", ""0.0001"", ""--lr-matrix-free-step-scale"", ""0.5"", ""--lr-matrix-free-dtype"", ""float32"", ""--build-building-blocks"", ""false"", ""--bb-weight-mode"", ""positive"", ""--bb-search-mode"", ""none"", ""--bb-min-block-size"", ""2"", ""--bb-max-blocks"", ""20"", ""--bb-snapshot-interval"", ""1"", ""--bb-external-penalty"", ""0.25"", ""--bb-size-penalty"", ""0.01"", ""--bb-pattern-top-fraction"", ""0.2"", ""--bb-pattern-min-support"", ""2"", ""--bb-refine-fraction"", ""0.2"", ""--bb-accept-equal-sparser"", ""true"", ""--bb-shuffle-blocks"", ""true"", ""--bb-signed-repair-probability"", ""0.75"", ""--pre-lr-explore"", ""false"", ""--pre-lr-mutation-multiplier"", ""3.0"", ""--pre-lr-immigrant-rate"", ""0.1"", ""--artifact-layout"", ""nested"", ""--write-aggregate-outputs"", ""false"", ""--lr-expected-edges"", ""60"", ""--lr-refit-expected-edges"", ""30"", ""--bb-gawll-update-interval"", ""10"", ""--bb-max-refine-trials"", ""10"", ""--repeat-id"", ""0"", ""--outer-fold-id"", ""2""]"
75,warpPIE10P_asu,2,0,0,3,..\Results\results_fs_uniform_positive_medium_highdim\warpPIE10P_asu\standard_ga,"[""warpPIE10P_asu"", ""2"", ""0"", ""--data-dir"", ""../Dataset/prepared_feature_selection"", ""--output-dir"", ""..\\Results\\results_fs_uniform_positive_medium_highdim\\warpPIE10P_asu\\standard_ga"", ""--outer-folds"", ""4"", ""--inner-folds"", ""4"", ""--repeats"", ""3"", ""--seed"", ""1"", ""--shuffle"", ""true"", ""--popsize"", ""100"", ""--p-cross"", ""0.4"", ""--tournament-size"", ""3"", ""--tau-reset"", ""50"", ""--resetpop-rate"", ""0.99"", ""--local-search"", ""false"", ""--stop"", ""gen"", ""--max-gen"", ""100"", ""--edge-epsilon"", ""1e-06"", ""--save-generation-trace"", ""true"", ""--save-linkage-events"", ""false"", ""--save-graph-snapshots"", ""false"", ""--graph-snapshot-interval"", ""1"", ""--graph-snapshot-min-weight"", ""0.0"", ""--lr-gap-gen"", ""1"", ""--lr-min-samples"", ""10"", ""--lr-sparse-alpha"", ""0.001"", ""--lr-auto-alpha"", ""true"", ""--lr-alpha-c"", ""0.2"", ""--lr-delta"", ""0.05"", ""--lr-auto-min-samples"", ""true"", ""--lr-min-samples-c"", ""2.0"", ""--lr-stability-subsamples"", ""0"", ""--lr-stability-fraction"", ""0.75"", ""--lr-edge-min-weight"", ""0.0"", ""--lr-encoding"", ""binary"", ""--lr-solver"", ""auto"", ""--lr-matrix-free-threshold"", ""700"", ""--lr-matrix-free-max-iter"", ""8"", ""--lr-matrix-free-tol"", ""0.0001"", ""--lr-matrix-free-step-scale"", ""0.5"", ""--lr-matrix-free-dtype"", ""float32"", ""--build-building-blocks"", ""false"", ""--bb-weight-mode"", ""positive"", ""--bb-search-mode"", ""none"", ""--bb-min-block-size"", ""2"", ""--bb-max-blocks"", ""20"", ""--bb-snapshot-interval"", ""1"", ""--bb-external-penalty"", ""0.25"", ""--bb-size-penalty"", ""0.01"", ""--bb-pattern-top-fraction"", ""0.2"", ""--bb-pattern-min-support"", ""2"", ""--bb-refine-fraction"", ""0.2"", ""--bb-accept-equal-sparser"", ""true"", ""--bb-shuffle-blocks"", ""true"", ""--bb-signed-repair-probability"", ""0.75"", ""--pre-lr-explore"", ""false"", ""--pre-lr-mutation-multiplier"", ""3.0"", ""--pre-lr-immigrant-rate"", ""0.1"", ""--artifact-layout"", ""nested"", ""--write-aggregate-outputs"", ""false"", ""--lr-expected-edges"", ""60"", ""--lr-refit-expected-edges"", ""30"", ""--bb-gawll-update-interval"", ""10"", ""--bb-max-refine-trials"", ""10"", ""--repeat-id"", ""0"", ""--outer-fold-id"", ""3""]"
76,warpPIE10P_asu,2,0,1,0,..\Results\results_fs_uniform_positive_medium_highdim\warpPIE10P_asu\standard_ga,"[""warpPIE10P_asu"", ""2"", ""0"", ""--data-dir"", ""../Dataset/prepared_feature_selection"", ""--output-dir"", ""..\\Results\\results_fs_uniform_positive_medium_highdim\\warpPIE10P_asu\\standard_ga"", ""--outer-folds"", ""4"", ""--inner-folds"", ""4"", ""--repeats"", ""3"", ""--seed"", ""1"", ""--shuffle"", ""true"", ""--popsize"", ""100"", ""--p-cross"", ""0.4"", ""--tournament-size"", ""3"", ""--tau-reset"", ""50"", ""--resetpop-rate"", ""0.99"", ""--local-search"", ""false"", ""--stop"", ""gen"", ""--max-gen"", ""100"", ""--edge-epsilon"", ""1e-06"", ""--save-generation-trace"", ""true"", ""--save-linkage-events"", ""false"", ""--save-graph-snapshots"", ""false"", ""--graph-snapshot-interval"", ""1"", ""--graph-snapshot-min-weight"", ""0.0"", ""--lr-gap-gen"", ""1"", ""--lr-min-samples"", ""10"", ""--lr-sparse-alpha"", ""0.001"", ""--lr-auto-alpha"", ""true"", ""--lr-alpha-c"", ""0.2"", ""--lr-delta"", ""0.05"", ""--lr-auto-min-samples"", ""true"", ""--lr-min-samples-c"", ""2.0"", ""--lr-stability-subsamples"", ""0"", ""--lr-stability-fraction"", ""0.75"", ""--lr-edge-min-weight"", ""0.0"", ""--lr-encoding"", ""binary"", ""--lr-solver"", ""auto"", ""--lr-matrix-free-threshold"", ""700"", ""--lr-matrix-free-max-iter"", ""8"", ""--lr-matrix-free-tol"", ""0.0001"", ""--lr-matrix-free-step-scale"", ""0.5"", ""--lr-matrix-free-dtype"", ""float32"", ""--build-building-blocks"", ""false"", ""--bb-weight-mode"", ""positive"", ""--bb-search-mode"", ""none"", ""--bb-min-block-size"", ""2"", ""--bb-max-blocks"", ""20"", ""--bb-snapshot-interval"", ""1"", ""--bb-external-penalty"", ""0.25"", ""--bb-size-penalty"", ""0.01"", ""--bb-pattern-top-fraction"", ""0.2"", ""--bb-pattern-min-support"", ""2"", ""--bb-refine-fraction"", ""0.2"", ""--bb-accept-equal-sparser"", ""true"", ""--bb-shuffle-blocks"", ""true"", ""--bb-signed-repair-probability"", ""0.75"", ""--pre-lr-explore"", ""false"", ""--pre-lr-mutation-multiplier"", ""3.0"", ""--pre-lr-immigrant-rate"", ""0.1"", ""--artifact-layout"", ""nested"", ""--write-aggregate-outputs"", ""false"", ""--lr-expected-edges"", ""60"", ""--lr-refit-expected-edges"", ""30"", ""--bb-gawll-update-interval"", ""10"", ""--bb-max-refine-trials"", ""10"", ""--repeat-id"", ""1"", ""--outer-fold-id"", ""0""]"
77,warpPIE10P_asu,2,0,1,1,..\Results\results_fs_uniform_positive_medium_highdim\warpPIE10P_asu\standard_ga,"[""warpPIE10P_asu"", ""2"", ""0"", ""--data-dir"", ""../Dataset/prepared_feature_selection"", ""--output-dir"", ""..\\Results\\results_fs_uniform_positive_medium_highdim\\warpPIE10P_asu\\standard_ga"", ""--outer-folds"", ""4"", ""--inner-folds"", ""4"", ""--repeats"", ""3"", ""--seed"", ""1"", ""--shuffle"", ""true"", ""--popsize"", ""100"", ""--p-cross"", ""0.4"", ""--tournament-size"", ""3"", ""--tau-reset"", ""50"", ""--resetpop-rate"", ""0.99"", ""--local-search"", ""false"", ""--stop"", ""gen"", ""--max-gen"", ""100"", ""--edge-epsilon"", ""1e-06"", ""--save-generation-trace"", ""true"", ""--save-linkage-events"", ""false"", ""--save-graph-snapshots"", ""false"", ""--graph-snapshot-interval"", ""1"", ""--graph-snapshot-min-weight"", ""0.0"", ""--lr-gap-gen"", ""1"", ""--lr-min-samples"", ""10"", ""--lr-sparse-alpha"", ""0.001"", ""--lr-auto-alpha"", ""true"", ""--lr-alpha-c"", ""0.2"", ""--lr-delta"", ""0.05"", ""--lr-auto-min-samples"", ""true"", ""--lr-min-samples-c"", ""2.0"", ""--lr-stability-subsamples"", ""0"", ""--lr-stability-fraction"", ""0.75"", ""--lr-edge-min-weight"", ""0.0"", ""--lr-encoding"", ""binary"", ""--lr-solver"", ""auto"", ""--lr-matrix-free-threshold"", ""700"", ""--lr-matrix-free-max-iter"", ""8"", ""--lr-matrix-free-tol"", ""0.0001"", ""--lr-matrix-free-step-scale"", ""0.5"", ""--lr-matrix-free-dtype"", ""float32"", ""--build-building-blocks"", ""false"", ""--bb-weight-mode"", ""positive"", ""--bb-search-mode"", ""none"", ""--bb-min-block-size"", ""2"", ""--bb-max-blocks"", ""20"", ""--bb-snapshot-interval"", ""1"", ""--bb-external-penalty"", ""0.25"", ""--bb-size-penalty"", ""0.01"", ""--bb-pattern-top-fraction"", ""0.2"", ""--bb-pattern-min-support"", ""2"", ""--bb-refine-fraction"", ""0.2"", ""--bb-accept-equal-sparser"", ""true"", ""--bb-shuffle-blocks"", ""true"", ""--bb-signed-repair-probability"", ""0.75"", ""--pre-lr-explore"", ""false"", ""--pre-lr-mutation-multiplier"", ""3.0"", ""--pre-lr-immigrant-rate"", ""0.1"", ""--artifact-layout"", ""nested"", ""--write-aggregate-outputs"", ""false"", ""--lr-expected-edges"", ""60"", ""--lr-refit-expected-edges"", ""30"", ""--bb-gawll-update-interval"", ""10"", ""--bb-max-refine-trials"", ""10"", ""--repeat-id"", ""1"", ""--outer-fold-id"", ""1""]"
78,warpPIE10P_asu,2,0,1,2,..\Results\results_fs_uniform_positive_medium_highdim\warpPIE10P_asu\standard_ga,"[""warpPIE10P_asu"", ""2"", ""0"", ""--data-dir"", ""../Dataset/prepared_feature_selection"", ""--output-dir"", ""..\\Results\\results_fs_uniform_positive_medium_highdim\\warpPIE10P_asu\\standard_ga"", ""--outer-folds"", ""4"", ""--inner-folds"", ""4"", ""--repeats"", ""3"", ""--seed"", ""1"", ""--shuffle"", ""true"", ""--popsize"", ""100"", ""--p-cross"", ""0.4"", ""--tournament-size"", ""3"", ""--tau-reset"", ""50"", ""--resetpop-rate"", ""0.99"", ""--local-search"", ""false"", ""--stop"", ""gen"", ""--max-gen"", ""100"", ""--edge-epsilon"", ""1e-06"", ""--save-generation-trace"", ""true"", ""--save-linkage-events"", ""false"", ""--save-graph-snapshots"", ""false"", ""--graph-snapshot-interval"", ""1"", ""--graph-snapshot-min-weight"", ""0.0"", ""--lr-gap-gen"", ""1"", ""--lr-min-samples"", ""10"", ""--lr-sparse-alpha"", ""0.001"", ""--lr-auto-alpha"", ""true"", ""--lr-alpha-c"", ""0.2"", ""--lr-delta"", ""0.05"", ""--lr-auto-min-samples"", ""true"", ""--lr-min-samples-c"", ""2.0"", ""--lr-stability-subsamples"", ""0"", ""--lr-stability-fraction"", ""0.75"", ""--lr-edge-min-weight"", ""0.0"", ""--lr-encoding"", ""binary"", ""--lr-solver"", ""auto"", ""--lr-matrix-free-threshold"", ""700"", ""--lr-matrix-free-max-iter"", ""8"", ""--lr-matrix-free-tol"", ""0.0001"", ""--lr-matrix-free-step-scale"", ""0.5"", ""--lr-matrix-free-dtype"", ""float32"", ""--build-building-blocks"", ""false"", ""--bb-weight-mode"", ""positive"", ""--bb-search-mode"", ""none"", ""--bb-min-block-size"", ""2"", ""--bb-max-blocks"", ""20"", ""--bb-snapshot-interval"", ""1"", ""--bb-external-penalty"", ""0.25"", ""--bb-size-penalty"", ""0.01"", ""--bb-pattern-top-fraction"", ""0.2"", ""--bb-pattern-min-support"", ""2"", ""--bb-refine-fraction"", ""0.2"", ""--bb-accept-equal-sparser"", ""true"", ""--bb-shuffle-blocks"", ""true"", ""--bb-signed-repair-probability"", ""0.75"", ""--pre-lr-explore"", ""false"", ""--pre-lr-mutation-multiplier"", ""3.0"", ""--pre-lr-immigrant-rate"", ""0.1"", ""--artifact-layout"", ""nested"", ""--write-aggregate-outputs"", ""false"", ""--lr-expected-edges"", ""60"", ""--lr-refit-expected-edges"", ""30"", ""--bb-gawll-update-interval"", ""10"", ""--bb-max-refine-trials"", ""10"", ""--repeat-id"", ""1"", ""--outer-fold-id"", ""2""]"
79,warpPIE10P_asu,2,0,1,3,..\Results\results_fs_uniform_positive_medium_highdim\warpPIE10P_asu\standard_ga,"[""warpPIE10P_asu"", ""2"", ""0"", ""--data-dir"", ""../Dataset/prepared_feature_selection"", ""--output-dir"", ""..\\Results\\results_fs_uniform_positive_medium_highdim\\warpPIE10P_asu\\standard_ga"", ""--outer-folds"", ""4"", ""--inner-folds"", ""4"", ""--repeats"", ""3"", ""--seed"", ""1"", ""--shuffle"", ""true"", ""--popsize"", ""100"", ""--p-cross"", ""0.4"", ""--tournament-size"", ""3"", ""--tau-reset"", ""50"", ""--resetpop-rate"", ""0.99"", ""--local-search"", ""false"", ""--stop"", ""gen"", ""--max-gen"", ""100"", ""--edge-epsilon"", ""1e-06"", ""--save-generation-trace"", ""true"", ""--save-linkage-events"", ""false"", ""--save-graph-snapshots"", ""false"", ""--graph-snapshot-interval"", ""1"", ""--graph-snapshot-min-weight"", ""0.0"", ""--lr-gap-gen"", ""1"", ""--lr-min-samples"", ""10"", ""--lr-sparse-alpha"", ""0.001"", ""--lr-auto-alpha"", ""true"", ""--lr-alpha-c"", ""0.2"", ""--lr-delta"", ""0.05"", ""--lr-auto-min-samples"", ""true"", ""--lr-min-samples-c"", ""2.0"", ""--lr-stability-subsamples"", ""0"", ""--lr-stability-fraction"", ""0.75"", ""--lr-edge-min-weight"", ""0.0"", ""--lr-encoding"", ""binary"", ""--lr-solver"", ""auto"", ""--lr-matrix-free-threshold"", ""700"", ""--lr-matrix-free-max-iter"", ""8"", ""--lr-matrix-free-tol"", ""0.0001"", ""--lr-matrix-free-step-scale"", ""0.5"", ""--lr-matrix-free-dtype"", ""float32"", ""--build-building-blocks"", ""false"", ""--bb-weight-mode"", ""positive"", ""--bb-search-mode"", ""none"", ""--bb-min-block-size"", ""2"", ""--bb-max-blocks"", ""20"", ""--bb-snapshot-interval"", ""1"", ""--bb-external-penalty"", ""0.25"", ""--bb-size-penalty"", ""0.01"", ""--bb-pattern-top-fraction"", ""0.2"", ""--bb-pattern-min-support"", ""2"", ""--bb-refine-fraction"", ""0.2"", ""--bb-accept-equal-sparser"", ""true"", ""--bb-shuffle-blocks"", ""true"", ""--bb-signed-repair-probability"", ""0.75"", ""--pre-lr-explore"", ""false"", ""--pre-lr-mutation-multiplier"", ""3.0"", ""--pre-lr-immigrant-rate"", ""0.1"", ""--artifact-layout"", ""nested"", ""--write-aggregate-outputs"", ""false"", ""--lr-expected-edges"", ""60"", ""--lr-refit-expected-edges"", ""30"", ""--bb-gawll-update-interval"", ""10"", ""--bb-max-refine-trials"", ""10"", ""--repeat-id"", ""1"", ""--outer-fold-id"", ""3""]"
80,warpPIE10P_asu,2,0,2,0,..\Results\results_fs_uniform_positive_medium_highdim\warpPIE10P_asu\standard_ga,"[""warpPIE10P_asu"", ""2"", ""0"", ""--data-dir"", ""../Dataset/prepared_feature_selection"", ""--output-dir"", ""..\\Results\\results_fs_uniform_positive_medium_highdim\\warpPIE10P_asu\\standard_ga"", ""--outer-folds"", ""4"", ""--inner-folds"", ""4"", ""--repeats"", ""3"", ""--seed"", ""1"", ""--shuffle"", ""true"", ""--popsize"", ""100"", ""--p-cross"", ""0.4"", ""--tournament-size"", ""3"", ""--tau-reset"", ""50"", ""--resetpop-rate"", ""0.99"", ""--local-search"", ""false"", ""--stop"", ""gen"", ""--max-gen"", ""100"", ""--edge-epsilon"", ""1e-06"", ""--save-generation-trace"", ""true"", ""--save-linkage-events"", ""false"", ""--save-graph-snapshots"", ""false"", ""--graph-snapshot-interval"", ""1"", ""--graph-snapshot-min-weight"", ""0.0"", ""--lr-gap-gen"", ""1"", ""--lr-min-samples"", ""10"", ""--lr-sparse-alpha"", ""0.001"", ""--lr-auto-alpha"", ""true"", ""--lr-alpha-c"", ""0.2"", ""--lr-delta"", ""0.05"", ""--lr-auto-min-samples"", ""true"", ""--lr-min-samples-c"", ""2.0"", ""--lr-stability-subsamples"", ""0"", ""--lr-stability-fraction"", ""0.75"", ""--lr-edge-min-weight"", ""0.0"", ""--lr-encoding"", ""binary"", ""--lr-solver"", ""auto"", ""--lr-matrix-free-threshold"", ""700"", ""--lr-matrix-free-max-iter"", ""8"", ""--lr-matrix-free-tol"", ""0.0001"", ""--lr-matrix-free-step-scale"", ""0.5"", ""--lr-matrix-free-dtype"", ""float32"", ""--build-building-blocks"", ""false"", ""--bb-weight-mode"", ""positive"", ""--bb-search-mode"", ""none"", ""--bb-min-block-size"", ""2"", ""--bb-max-blocks"", ""20"", ""--bb-snapshot-interval"", ""1"", ""--bb-external-penalty"", ""0.25"", ""--bb-size-penalty"", ""0.01"", ""--bb-pattern-top-fraction"", ""0.2"", ""--bb-pattern-min-support"", ""2"", ""--bb-refine-fraction"", ""0.2"", ""--bb-accept-equal-sparser"", ""true"", ""--bb-shuffle-blocks"", ""true"", ""--bb-signed-repair-probability"", ""0.75"", ""--pre-lr-explore"", ""false"", ""--pre-lr-mutation-multiplier"", ""3.0"", ""--pre-lr-immigrant-rate"", ""0.1"", ""--artifact-layout"", ""nested"", ""--write-aggregate-outputs"", ""false"", ""--lr-expected-edges"", ""60"", ""--lr-refit-expected-edges"", ""30"", ""--bb-gawll-update-interval"", ""10"", ""--bb-max-refine-trials"", ""10"", ""--repeat-id"", ""2"", ""--outer-fold-id"", ""0""]"
81,warpPIE10P_asu,2,0,2,1,..\Results\results_fs_uniform_positive_medium_highdim\warpPIE10P_asu\standard_ga,"[""warpPIE10P_asu"", ""2"", ""0"", ""--data-dir"", ""../Dataset/prepared_feature_selection"", ""--output-dir"", ""..\\Results\\results_fs_uniform_positive_medium_highdim\\warpPIE10P_asu\\standard_ga"", ""--outer-folds"", ""4"", ""--inner-folds"", ""4"", ""--repeats"", ""3"", ""--seed"", ""1"", ""--shuffle"", ""true"", ""--popsize"", ""100"", ""--p-cross"", ""0.4"", ""--tournament-size"", ""3"", ""--tau-reset"", ""50"", ""--resetpop-rate"", ""0.99"", ""--local-search"", ""false"", ""--stop"", ""gen"", ""--max-gen"", ""100"", ""--edge-epsilon"", ""1e-06"", ""--save-generation-trace"", ""true"", ""--save-linkage-events"", ""false"", ""--save-graph-snapshots"", ""false"", ""--graph-snapshot-interval"", ""1"", ""--graph-snapshot-min-weight"", ""0.0"", ""--lr-gap-gen"", ""1"", ""--lr-min-samples"", ""10"", ""--lr-sparse-alpha"", ""0.001"", ""--lr-auto-alpha"", ""true"", ""--lr-alpha-c"", ""0.2"", ""--lr-delta"", ""0.05"", ""--lr-auto-min-samples"", ""true"", ""--lr-min-samples-c"", ""2.0"", ""--lr-stability-subsamples"", ""0"", ""--lr-stability-fraction"", ""0.75"", ""--lr-edge-min-weight"", ""0.0"", ""--lr-encoding"", ""binary"", ""--lr-solver"", ""auto"", ""--lr-matrix-free-threshold"", ""700"", ""--lr-matrix-free-max-iter"", ""8"", ""--lr-matrix-free-tol"", ""0.0001"", ""--lr-matrix-free-step-scale"", ""0.5"", ""--lr-matrix-free-dtype"", ""float32"", ""--build-building-blocks"", ""false"", ""--bb-weight-mode"", ""positive"", ""--bb-search-mode"", ""none"", ""--bb-min-block-size"", ""2"", ""--bb-max-blocks"", ""20"", ""--bb-snapshot-interval"", ""1"", ""--bb-external-penalty"", ""0.25"", ""--bb-size-penalty"", ""0.01"", ""--bb-pattern-top-fraction"", ""0.2"", ""--bb-pattern-min-support"", ""2"", ""--bb-refine-fraction"", ""0.2"", ""--bb-accept-equal-sparser"", ""true"", ""--bb-shuffle-blocks"", ""true"", ""--bb-signed-repair-probability"", ""0.75"", ""--pre-lr-explore"", ""false"", ""--pre-lr-mutation-multiplier"", ""3.0"", ""--pre-lr-immigrant-rate"", ""0.1"", ""--artifact-layout"", ""nested"", ""--write-aggregate-outputs"", ""false"", ""--lr-expected-edges"", ""60"", ""--lr-refit-expected-edges"", ""30"", ""--bb-gawll-update-interval"", ""10"", ""--bb-max-refine-trials"", ""10"", ""--repeat-id"", ""2"", ""--outer-fold-id"", ""1""]"
82,warpPIE10P_asu,2,0,2,2,..\Results\results_fs_uniform_positive_medium_highdim\warpPIE10P_asu\standard_ga,"[""warpPIE10P_asu"", ""2"", ""0"", ""--data-dir"", ""../Dataset/prepared_feature_selection"", ""--output-dir"", ""..\\Results\\results_fs_uniform_positive_medium_highdim\\warpPIE10P_asu\\standard_ga"", ""--outer-folds"", ""4"", ""--inner-folds"", ""4"", ""--repeats"", ""3"", ""--seed"", ""1"", ""--shuffle"", ""true"", ""--popsize"", ""100"", ""--p-cross"", ""0.4"", ""--tournament-size"", ""3"", ""--tau-reset"", ""50"", ""--resetpop-rate"", ""0.99"", ""--local-search"", ""false"", ""--stop"", ""gen"", ""--max-gen"", ""100"", ""--edge-epsilon"", ""1e-06"", ""--save-generation-trace"", ""true"", ""--save-linkage-events"", ""false"", ""--save-graph-snapshots"", ""false"", ""--graph-snapshot-interval"", ""1"", ""--graph-snapshot-min-weight"", ""0.0"", ""--lr-gap-gen"", ""1"", ""--lr-min-samples"", ""10"", ""--lr-sparse-alpha"", ""0.001"", ""--lr-auto-alpha"", ""true"", ""--lr-alpha-c"", ""0.2"", ""--lr-delta"", ""0.05"", ""--lr-auto-min-samples"", ""true"", ""--lr-min-samples-c"", ""2.0"", ""--lr-stability-subsamples"", ""0"", ""--lr-stability-fraction"", ""0.75"", ""--lr-edge-min-weight"", ""0.0"", ""--lr-encoding"", ""binary"", ""--lr-solver"", ""auto"", ""--lr-matrix-free-threshold"", ""700"", ""--lr-matrix-free-max-iter"", ""8"", ""--lr-matrix-free-tol"", ""0.0001"", ""--lr-matrix-free-step-scale"", ""0.5"", ""--lr-matrix-free-dtype"", ""float32"", ""--build-building-blocks"", ""false"", ""--bb-weight-mode"", ""positive"", ""--bb-search-mode"", ""none"", ""--bb-min-block-size"", ""2"", ""--bb-max-blocks"", ""20"", ""--bb-snapshot-interval"", ""1"", ""--bb-external-penalty"", ""0.25"", ""--bb-size-penalty"", ""0.01"", ""--bb-pattern-top-fraction"", ""0.2"", ""--bb-pattern-min-support"", ""2"", ""--bb-refine-fraction"", ""0.2"", ""--bb-accept-equal-sparser"", ""true"", ""--bb-shuffle-blocks"", ""true"", ""--bb-signed-repair-probability"", ""0.75"", ""--pre-lr-explore"", ""false"", ""--pre-lr-mutation-multiplier"", ""3.0"", ""--pre-lr-immigrant-rate"", ""0.1"", ""--artifact-layout"", ""nested"", ""--write-aggregate-outputs"", ""false"", ""--lr-expected-edges"", ""60"", ""--lr-refit-expected-edges"", ""30"", ""--bb-gawll-update-interval"", ""10"", ""--bb-max-refine-trials"", ""10"", ""--repeat-id"", ""2"", ""--outer-fold-id"", ""2""]"
83,warpPIE10P_asu,2,0,2,3,..\Results\results_fs_uniform_positive_medium_highdim\warpPIE10P_asu\standard_ga,"[""warpPIE10P_asu"", ""2"", ""0"", ""--data-dir"", ""../Dataset/prepared_feature_selection"", ""--output-dir"", ""..\\Results\\results_fs_uniform_positive_medium_highdim\\warpPIE10P_asu\\standard_ga"", ""--outer-folds"", ""4"", ""--inner-folds"", ""4"", ""--repeats"", ""3"", ""--seed"", ""1"", ""--shuffle"", ""true"", ""--popsize"", ""100"", ""--p-cross"", ""0.4"", ""--tournament-size"", ""3"", ""--tau-reset"", ""50"", ""--resetpop-rate"", ""0.99"", ""--local-search"", ""false"", ""--stop"", ""gen"", ""--max-gen"", ""100"", ""--edge-epsilon"", ""1e-06"", ""--save-generation-trace"", ""true"", ""--save-linkage-events"", ""false"", ""--save-graph-snapshots"", ""false"", ""--graph-snapshot-interval"", ""1"", ""--graph-snapshot-min-weight"", ""0.0"", ""--lr-gap-gen"", ""1"", ""--lr-min-samples"", ""10"", ""--lr-sparse-alpha"", ""0.001"", ""--lr-auto-alpha"", ""true"", ""--lr-alpha-c"", ""0.2"", ""--lr-delta"", ""0.05"", ""--lr-auto-min-samples"", ""true"", ""--lr-min-samples-c"", ""2.0"", ""--lr-stability-subsamples"", ""0"", ""--lr-stability-fraction"", ""0.75"", ""--lr-edge-min-weight"", ""0.0"", ""--lr-encoding"", ""binary"", ""--lr-solver"", ""auto"", ""--lr-matrix-free-threshold"", ""700"", ""--lr-matrix-free-max-iter"", ""8"", ""--lr-matrix-free-tol"", ""0.0001"", ""--lr-matrix-free-step-scale"", ""0.5"", ""--lr-matrix-free-dtype"", ""float32"", ""--build-building-blocks"", ""false"", ""--bb-weight-mode"", ""positive"", ""--bb-search-mode"", ""none"", ""--bb-min-block-size"", ""2"", ""--bb-max-blocks"", ""20"", ""--bb-snapshot-interval"", ""1"", ""--bb-external-penalty"", ""0.25"", ""--bb-size-penalty"", ""0.01"", ""--bb-pattern-top-fraction"", ""0.2"", ""--bb-pattern-min-support"", ""2"", ""--bb-refine-fraction"", ""0.2"", ""--bb-accept-equal-sparser"", ""true"", ""--bb-shuffle-blocks"", ""true"", ""--bb-signed-repair-probability"", ""0.75"", ""--pre-lr-explore"", ""false"", ""--pre-lr-mutation-multiplier"", ""3.0"", ""--pre-lr-immigrant-rate"", ""0.1"", ""--artifact-layout"", ""nested"", ""--write-aggregate-outputs"", ""false"", ""--lr-expected-edges"", ""60"", ""--lr-refit-expected-edges"", ""30"", ""--bb-gawll-update-interval"", ""10"", ""--bb-max-refine-trials"", ""10"", ""--repeat-id"", ""2"", ""--outer-fold-id"", ""3""]"
84,lung_discrete_asu,2,1,0,0,..\Results\results_fs_uniform_positive_medium_highdim\lung_discrete_asu\empirical_linkage_legacy_uniform_positive,"[""lung_discrete_asu"", ""2"", ""1"", ""--data-dir"", ""../Dataset/prepared_feature_selection"", ""--output-dir"", ""..\\Results\\results_fs_uniform_positive_medium_highdim\\lung_discrete_asu\\empirical_linkage_legacy_uniform_positive"", ""--outer-folds"", ""4"", ""--inner-folds"", ""4"", ""--repeats"", ""3"", ""--seed"", ""1"", ""--shuffle"", ""true"", ""--popsize"", ""100"", ""--p-cross"", ""0.4"", ""--tournament-size"", ""3"", ""--tau-reset"", ""50"", ""--resetpop-rate"", ""0.99"", ""--local-search"", ""false"", ""--stop"", ""gen"", ""--max-gen"", ""100"", ""--edge-epsilon"", ""1e-06"", ""--save-generation-trace"", ""true"", ""--save-linkage-events"", ""false"", ""--save-graph-snapshots"", ""false"", ""--graph-snapshot-interval"", ""1"", ""--graph-snapshot-min-weight"", ""0.0"", ""--lr-gap-gen"", ""1"", ""--lr-min-samples"", ""10"", ""--lr-sparse-alpha"", ""0.001"", ""--lr-auto-alpha"", ""true"", ""--lr-alpha-c"", ""0.2"", ""--lr-delta"", ""0.05"", ""--lr-auto-min-samples"", ""true"", ""--lr-min-samples-c"", ""2.0"", ""--lr-stability-subsamples"", ""0"", ""--lr-stability-fraction"", ""0.75"", ""--lr-edge-min-weight"", ""0.0"", ""--lr-encoding"", ""binary"", ""--lr-solver"", ""auto"", ""--lr-matrix-free-threshold"", ""700"", ""--lr-matrix-free-max-iter"", ""8"", ""--lr-matrix-free-tol"", ""0.0001"", ""--lr-matrix-free-step-scale"", ""0.5"", ""--lr-matrix-free-dtype"", ""float32"", ""--build-building-blocks"", ""true"", ""--bb-weight-mode"", ""positive"", ""--bb-search-mode"", ""uniform"", ""--bb-min-block-size"", ""2"", ""--bb-max-blocks"", ""20"", ""--bb-snapshot-interval"", ""1"", ""--bb-external-penalty"", ""0.25"", ""--bb-size-penalty"", ""0.01"", ""--bb-pattern-top-fraction"", ""0.2"", ""--bb-pattern-min-support"", ""2"", ""--bb-refine-fraction"", ""0.2"", ""--bb-accept-equal-sparser"", ""true"", ""--bb-shuffle-blocks"", ""true"", ""--bb-signed-repair-probability"", ""0.75"", ""--pre-lr-explore"", ""false"", ""--pre-lr-mutation-multiplier"", ""3.0"", ""--pre-lr-immigrant-rate"", ""0.1"", ""--artifact-layout"", ""nested"", ""--write-aggregate-outputs"", ""false"", ""--lr-expected-edges"", ""60"", ""--lr-refit-expected-edges"", ""30"", ""--bb-gawll-update-interval"", ""10"", ""--bb-max-refine-trials"", ""10"", ""--repeat-id"", ""0"", ""--outer-fold-id"", ""0""]"
85,lung_discrete_asu,2,1,0,1,..\Results\results_fs_uniform_positive_medium_highdim\lung_discrete_asu\empirical_linkage_legacy_uniform_positive,"[""lung_discrete_asu"", ""2"", ""1"", ""--data-dir"", ""../Dataset/prepared_feature_selection"", ""--output-dir"", ""..\\Results\\results_fs_uniform_positive_medium_highdim\\lung_discrete_asu\\empirical_linkage_legacy_uniform_positive"", ""--outer-folds"", ""4"", ""--inner-folds"", ""4"", ""--repeats"", ""3"", ""--seed"", ""1"", ""--shuffle"", ""true"", ""--popsize"", ""100"", ""--p-cross"", ""0.4"", ""--tournament-size"", ""3"", ""--tau-reset"", ""50"", ""--resetpop-rate"", ""0.99"", ""--local-search"", ""false"", ""--stop"", ""gen"", ""--max-gen"", ""100"", ""--edge-epsilon"", ""1e-06"", ""--save-generation-trace"", ""true"", ""--save-linkage-events"", ""false"", ""--save-graph-snapshots"", ""false"", ""--graph-snapshot-interval"", ""1"", ""--graph-snapshot-min-weight"", ""0.0"", ""--lr-gap-gen"", ""1"", ""--lr-min-samples"", ""10"", ""--lr-sparse-alpha"", ""0.001"", ""--lr-auto-alpha"", ""true"", ""--lr-alpha-c"", ""0.2"", ""--lr-delta"", ""0.05"", ""--lr-auto-min-samples"", ""true"", ""--lr-min-samples-c"", ""2.0"", ""--lr-stability-subsamples"", ""0"", ""--lr-stability-fraction"", ""0.75"", ""--lr-edge-min-weight"", ""0.0"", ""--lr-encoding"", ""binary"", ""--lr-solver"", ""auto"", ""--lr-matrix-free-threshold"", ""700"", ""--lr-matrix-free-max-iter"", ""8"", ""--lr-matrix-free-tol"", ""0.0001"", ""--lr-matrix-free-step-scale"", ""0.5"", ""--lr-matrix-free-dtype"", ""float32"", ""--build-building-blocks"", ""true"", ""--bb-weight-mode"", ""positive"", ""--bb-search-mode"", ""uniform"", ""--bb-min-block-size"", ""2"", ""--bb-max-blocks"", ""20"", ""--bb-snapshot-interval"", ""1"", ""--bb-external-penalty"", ""0.25"", ""--bb-size-penalty"", ""0.01"", ""--bb-pattern-top-fraction"", ""0.2"", ""--bb-pattern-min-support"", ""2"", ""--bb-refine-fraction"", ""0.2"", ""--bb-accept-equal-sparser"", ""true"", ""--bb-shuffle-blocks"", ""true"", ""--bb-signed-repair-probability"", ""0.75"", ""--pre-lr-explore"", ""false"", ""--pre-lr-mutation-multiplier"", ""3.0"", ""--pre-lr-immigrant-rate"", ""0.1"", ""--artifact-layout"", ""nested"", ""--write-aggregate-outputs"", ""false"", ""--lr-expected-edges"", ""60"", ""--lr-refit-expected-edges"", ""30"", ""--bb-gawll-update-interval"", ""10"", ""--bb-max-refine-trials"", ""10"", ""--repeat-id"", ""0"", ""--outer-fold-id"", ""1""]"
86,lung_discrete_asu,2,1,0,2,..\Results\results_fs_uniform_positive_medium_highdim\lung_discrete_asu\empirical_linkage_legacy_uniform_positive,"[""lung_discrete_asu"", ""2"", ""1"", ""--data-dir"", ""../Dataset/prepared_feature_selection"", ""--output-dir"", ""..\\Results\\results_fs_uniform_positive_medium_highdim\\lung_discrete_asu\\empirical_linkage_legacy_uniform_positive"", ""--outer-folds"", ""4"", ""--inner-folds"", ""4"", ""--repeats"", ""3"", ""--seed"", ""1"", ""--shuffle"", ""true"", ""--popsize"", ""100"", ""--p-cross"", ""0.4"", ""--tournament-size"", ""3"", ""--tau-reset"", ""50"", ""--resetpop-rate"", ""0.99"", ""--local-search"", ""false"", ""--stop"", ""gen"", ""--max-gen"", ""100"", ""--edge-epsilon"", ""1e-06"", ""--save-generation-trace"", ""true"", ""--save-linkage-events"", ""false"", ""--save-graph-snapshots"", ""false"", ""--graph-snapshot-interval"", ""1"", ""--graph-snapshot-min-weight"", ""0.0"", ""--lr-gap-gen"", ""1"", ""--lr-min-samples"", ""10"", ""--lr-sparse-alpha"", ""0.001"", ""--lr-auto-alpha"", ""true"", ""--lr-alpha-c"", ""0.2"", ""--lr-delta"", ""0.05"", ""--lr-auto-min-samples"", ""true"", ""--lr-min-samples-c"", ""2.0"", ""--lr-stability-subsamples"", ""0"", ""--lr-stability-fraction"", ""0.75"", ""--lr-edge-min-weight"", ""0.0"", ""--lr-encoding"", ""binary"", ""--lr-solver"", ""auto"", ""--lr-matrix-free-threshold"", ""700"", ""--lr-matrix-free-max-iter"", ""8"", ""--lr-matrix-free-tol"", ""0.0001"", ""--lr-matrix-free-step-scale"", ""0.5"", ""--lr-matrix-free-dtype"", ""float32"", ""--build-building-blocks"", ""true"", ""--bb-weight-mode"", ""positive"", ""--bb-search-mode"", ""uniform"", ""--bb-min-block-size"", ""2"", ""--bb-max-blocks"", ""20"", ""--bb-snapshot-interval"", ""1"", ""--bb-external-penalty"", ""0.25"", ""--bb-size-penalty"", ""0.01"", ""--bb-pattern-top-fraction"", ""0.2"", ""--bb-pattern-min-support"", ""2"", ""--bb-refine-fraction"", ""0.2"", ""--bb-accept-equal-sparser"", ""true"", ""--bb-shuffle-blocks"", ""true"", ""--bb-signed-repair-probability"", ""0.75"", ""--pre-lr-explore"", ""false"", ""--pre-lr-mutation-multiplier"", ""3.0"", ""--pre-lr-immigrant-rate"", ""0.1"", ""--artifact-layout"", ""nested"", ""--write-aggregate-outputs"", ""false"", ""--lr-expected-edges"", ""60"", ""--lr-refit-expected-edges"", ""30"", ""--bb-gawll-update-interval"", ""10"", ""--bb-max-refine-trials"", ""10"", ""--repeat-id"", ""0"", ""--outer-fold-id"", ""2""]"
87,lung_discrete_asu,2,1,0,3,..\Results\results_fs_uniform_positive_medium_highdim\lung_discrete_asu\empirical_linkage_legacy_uniform_positive,"[""lung_discrete_asu"", ""2"", ""1"", ""--data-dir"", ""../Dataset/prepared_feature_selection"", ""--output-dir"", ""..\\Results\\results_fs_uniform_positive_medium_highdim\\lung_discrete_asu\\empirical_linkage_legacy_uniform_positive"", ""--outer-folds"", ""4"", ""--inner-folds"", ""4"", ""--repeats"", ""3"", ""--seed"", ""1"", ""--shuffle"", ""true"", ""--popsize"", ""100"", ""--p-cross"", ""0.4"", ""--tournament-size"", ""3"", ""--tau-reset"", ""50"", ""--resetpop-rate"", ""0.99"", ""--local-search"", ""false"", ""--stop"", ""gen"", ""--max-gen"", ""100"", ""--edge-epsilon"", ""1e-06"", ""--save-generation-trace"", ""true"", ""--save-linkage-events"", ""false"", ""--save-graph-snapshots"", ""false"", ""--graph-snapshot-interval"", ""1"", ""--graph-snapshot-min-weight"", ""0.0"", ""--lr-gap-gen"", ""1"", ""--lr-min-samples"", ""10"", ""--lr-sparse-alpha"", ""0.001"", ""--lr-auto-alpha"", ""true"", ""--lr-alpha-c"", ""0.2"", ""--lr-delta"", ""0.05"", ""--lr-auto-min-samples"", ""true"", ""--lr-min-samples-c"", ""2.0"", ""--lr-stability-subsamples"", ""0"", ""--lr-stability-fraction"", ""0.75"", ""--lr-edge-min-weight"", ""0.0"", ""--lr-encoding"", ""binary"", ""--lr-solver"", ""auto"", ""--lr-matrix-free-threshold"", ""700"", ""--lr-matrix-free-max-iter"", ""8"", ""--lr-matrix-free-tol"", ""0.0001"", ""--lr-matrix-free-step-scale"", ""0.5"", ""--lr-matrix-free-dtype"", ""float32"", ""--build-building-blocks"", ""true"", ""--bb-weight-mode"", ""positive"", ""--bb-search-mode"", ""uniform"", ""--bb-min-block-size"", ""2"", ""--bb-max-blocks"", ""20"", ""--bb-snapshot-interval"", ""1"", ""--bb-external-penalty"", ""0.25"", ""--bb-size-penalty"", ""0.01"", ""--bb-pattern-top-fraction"", ""0.2"", ""--bb-pattern-min-support"", ""2"", ""--bb-refine-fraction"", ""0.2"", ""--bb-accept-equal-sparser"", ""true"", ""--bb-shuffle-blocks"", ""true"", ""--bb-signed-repair-probability"", ""0.75"", ""--pre-lr-explore"", ""false"", ""--pre-lr-mutation-multiplier"", ""3.0"", ""--pre-lr-immigrant-rate"", ""0.1"", ""--artifact-layout"", ""nested"", ""--write-aggregate-outputs"", ""false"", ""--lr-expected-edges"", ""60"", ""--lr-refit-expected-edges"", ""30"", ""--bb-gawll-update-interval"", ""10"", ""--bb-max-refine-trials"", ""10"", ""--repeat-id"", ""0"", ""--outer-fold-id"", ""3""]"
88,lung_discrete_asu,2,1,1,0,..\Results\results_fs_uniform_positive_medium_highdim\lung_discrete_asu\empirical_linkage_legacy_uniform_positive,"[""lung_discrete_asu"", ""2"", ""1"", ""--data-dir"", ""../Dataset/prepared_feature_selection"", ""--output-dir"", ""..\\Results\\results_fs_uniform_positive_medium_highdim\\lung_discrete_asu\\empirical_linkage_legacy_uniform_positive"", ""--outer-folds"", ""4"", ""--inner-folds"", ""4"", ""--repeats"", ""3"", ""--seed"", ""1"", ""--shuffle"", ""true"", ""--popsize"", ""100"", ""--p-cross"", ""0.4"", ""--tournament-size"", ""3"", ""--tau-reset"", ""50"", ""--resetpop-rate"", ""0.99"", ""--local-search"", ""false"", ""--stop"", ""gen"", ""--max-gen"", ""100"", ""--edge-epsilon"", ""1e-06"", ""--save-generation-trace"", ""true"", ""--save-linkage-events"", ""false"", ""--save-graph-snapshots"", ""false"", ""--graph-snapshot-interval"", ""1"", ""--graph-snapshot-min-weight"", ""0.0"", ""--lr-gap-gen"", ""1"", ""--lr-min-samples"", ""10"", ""--lr-sparse-alpha"", ""0.001"", ""--lr-auto-alpha"", ""true"", ""--lr-alpha-c"", ""0.2"", ""--lr-delta"", ""0.05"", ""--lr-auto-min-samples"", ""true"", ""--lr-min-samples-c"", ""2.0"", ""--lr-stability-subsamples"", ""0"", ""--lr-stability-fraction"", ""0.75"", ""--lr-edge-min-weight"", ""0.0"", ""--lr-encoding"", ""binary"", ""--lr-solver"", ""auto"", ""--lr-matrix-free-threshold"", ""700"", ""--lr-matrix-free-max-iter"", ""8"", ""--lr-matrix-free-tol"", ""0.0001"", ""--lr-matrix-free-step-scale"", ""0.5"", ""--lr-matrix-free-dtype"", ""float32"", ""--build-building-blocks"", ""true"", ""--bb-weight-mode"", ""positive"", ""--bb-search-mode"", ""uniform"", ""--bb-min-block-size"", ""2"", ""--bb-max-blocks"", ""20"", ""--bb-snapshot-interval"", ""1"", ""--bb-external-penalty"", ""0.25"", ""--bb-size-penalty"", ""0.01"", ""--bb-pattern-top-fraction"", ""0.2"", ""--bb-pattern-min-support"", ""2"", ""--bb-refine-fraction"", ""0.2"", ""--bb-accept-equal-sparser"", ""true"", ""--bb-shuffle-blocks"", ""true"", ""--bb-signed-repair-probability"", ""0.75"", ""--pre-lr-explore"", ""false"", ""--pre-lr-mutation-multiplier"", ""3.0"", ""--pre-lr-immigrant-rate"", ""0.1"", ""--artifact-layout"", ""nested"", ""--write-aggregate-outputs"", ""false"", ""--lr-expected-edges"", ""60"", ""--lr-refit-expected-edges"", ""30"", ""--bb-gawll-update-interval"", ""10"", ""--bb-max-refine-trials"", ""10"", ""--repeat-id"", ""1"", ""--outer-fold-id"", ""0""]"
89,lung_discrete_asu,2,1,1,1,..\Results\results_fs_uniform_positive_medium_highdim\lung_discrete_asu\empirical_linkage_legacy_uniform_positive,"[""lung_discrete_asu"", ""2"", ""1"", ""--data-dir"", ""../Dataset/prepared_feature_selection"", ""--output-dir"", ""..\\Results\\results_fs_uniform_positive_medium_highdim\\lung_discrete_asu\\empirical_linkage_legacy_uniform_positive"", ""--outer-folds"", ""4"", ""--inner-folds"", ""4"", ""--repeats"", ""3"", ""--seed"", ""1"", ""--shuffle"", ""true"", ""--popsize"", ""100"", ""--p-cross"", ""0.4"", ""--tournament-size"", ""3"", ""--tau-reset"", ""50"", ""--resetpop-rate"", ""0.99"", ""--local-search"", ""false"", ""--stop"", ""gen"", ""--max-gen"", ""100"", ""--edge-epsilon"", ""1e-06"", ""--save-generation-trace"", ""true"", ""--save-linkage-events"", ""false"", ""--save-graph-snapshots"", ""false"", ""--graph-snapshot-interval"", ""1"", ""--graph-snapshot-min-weight"", ""0.0"", ""--lr-gap-gen"", ""1"", ""--lr-min-samples"", ""10"", ""--lr-sparse-alpha"", ""0.001"", ""--lr-auto-alpha"", ""true"", ""--lr-alpha-c"", ""0.2"", ""--lr-delta"", ""0.05"", ""--lr-auto-min-samples"", ""true"", ""--lr-min-samples-c"", ""2.0"", ""--lr-stability-subsamples"", ""0"", ""--lr-stability-fraction"", ""0.75"", ""--lr-edge-min-weight"", ""0.0"", ""--lr-encoding"", ""binary"", ""--lr-solver"", ""auto"", ""--lr-matrix-free-threshold"", ""700"", ""--lr-matrix-free-max-iter"", ""8"", ""--lr-matrix-free-tol"", ""0.0001"", ""--lr-matrix-free-step-scale"", ""0.5"", ""--lr-matrix-free-dtype"", ""float32"", ""--build-building-blocks"", ""true"", ""--bb-weight-mode"", ""positive"", ""--bb-search-mode"", ""uniform"", ""--bb-min-block-size"", ""2"", ""--bb-max-blocks"", ""20"", ""--bb-snapshot-interval"", ""1"", ""--bb-external-penalty"", ""0.25"", ""--bb-size-penalty"", ""0.01"", ""--bb-pattern-top-fraction"", ""0.2"", ""--bb-pattern-min-support"", ""2"", ""--bb-refine-fraction"", ""0.2"", ""--bb-accept-equal-sparser"", ""true"", ""--bb-shuffle-blocks"", ""true"", ""--bb-signed-repair-probability"", ""0.75"", ""--pre-lr-explore"", ""false"", ""--pre-lr-mutation-multiplier"", ""3.0"", ""--pre-lr-immigrant-rate"", ""0.1"", ""--artifact-layout"", ""nested"", ""--write-aggregate-outputs"", ""false"", ""--lr-expected-edges"", ""60"", ""--lr-refit-expected-edges"", ""30"", ""--bb-gawll-update-interval"", ""10"", ""--bb-max-refine-trials"", ""10"", ""--repeat-id"", ""1"", ""--outer-fold-id"", ""1""]"
90,lung_discrete_asu,2,1,1,2,..\Results\results_fs_uniform_positive_medium_highdim\lung_discrete_asu\empirical_linkage_legacy_uniform_positive,"[""lung_discrete_asu"", ""2"", ""1"", ""--data-dir"", ""../Dataset/prepared_feature_selection"", ""--output-dir"", ""..\\Results\\results_fs_uniform_positive_medium_highdim\\lung_discrete_asu\\empirical_linkage_legacy_uniform_positive"", ""--outer-folds"", ""4"", ""--inner-folds"", ""4"", ""--repeats"", ""3"", ""--seed"", ""1"", ""--shuffle"", ""true"", ""--popsize"", ""100"", ""--p-cross"", ""0.4"", ""--tournament-size"", ""3"", ""--tau-reset"", ""50"", ""--resetpop-rate"", ""0.99"", ""--local-search"", ""false"", ""--stop"", ""gen"", ""--max-gen"", ""100"", ""--edge-epsilon"", ""1e-06"", ""--save-generation-trace"", ""true"", ""--save-linkage-events"", ""false"", ""--save-graph-snapshots"", ""false"", ""--graph-snapshot-interval"", ""1"", ""--graph-snapshot-min-weight"", ""0.0"", ""--lr-gap-gen"", ""1"", ""--lr-min-samples"", ""10"", ""--lr-sparse-alpha"", ""0.001"", ""--lr-auto-alpha"", ""true"", ""--lr-alpha-c"", ""0.2"", ""--lr-delta"", ""0.05"", ""--lr-auto-min-samples"", ""true"", ""--lr-min-samples-c"", ""2.0"", ""--lr-stability-subsamples"", ""0"", ""--lr-stability-fraction"", ""0.75"", ""--lr-edge-min-weight"", ""0.0"", ""--lr-encoding"", ""binary"", ""--lr-solver"", ""auto"", ""--lr-matrix-free-threshold"", ""700"", ""--lr-matrix-free-max-iter"", ""8"", ""--lr-matrix-free-tol"", ""0.0001"", ""--lr-matrix-free-step-scale"", ""0.5"", ""--lr-matrix-free-dtype"", ""float32"", ""--build-building-blocks"", ""true"", ""--bb-weight-mode"", ""positive"", ""--bb-search-mode"", ""uniform"", ""--bb-min-block-size"", ""2"", ""--bb-max-blocks"", ""20"", ""--bb-snapshot-interval"", ""1"", ""--bb-external-penalty"", ""0.25"", ""--bb-size-penalty"", ""0.01"", ""--bb-pattern-top-fraction"", ""0.2"", ""--bb-pattern-min-support"", ""2"", ""--bb-refine-fraction"", ""0.2"", ""--bb-accept-equal-sparser"", ""true"", ""--bb-shuffle-blocks"", ""true"", ""--bb-signed-repair-probability"", ""0.75"", ""--pre-lr-explore"", ""false"", ""--pre-lr-mutation-multiplier"", ""3.0"", ""--pre-lr-immigrant-rate"", ""0.1"", ""--artifact-layout"", ""nested"", ""--write-aggregate-outputs"", ""false"", ""--lr-expected-edges"", ""60"", ""--lr-refit-expected-edges"", ""30"", ""--bb-gawll-update-interval"", ""10"", ""--bb-max-refine-trials"", ""10"", ""--repeat-id"", ""1"", ""--outer-fold-id"", ""2""]"
91,lung_discrete_asu,2,1,1,3,..\Results\results_fs_uniform_positive_medium_highdim\lung_discrete_asu\empirical_linkage_legacy_uniform_positive,"[""lung_discrete_asu"", ""2"", ""1"", ""--data-dir"", ""../Dataset/prepared_feature_selection"", ""--output-dir"", ""..\\Results\\results_fs_uniform_positive_medium_highdim\\lung_discrete_asu\\empirical_linkage_legacy_uniform_positive"", ""--outer-folds"", ""4"", ""--inner-folds"", ""4"", ""--repeats"", ""3"", ""--seed"", ""1"", ""--shuffle"", ""true"", ""--popsize"", ""100"", ""--p-cross"", ""0.4"", ""--tournament-size"", ""3"", ""--tau-reset"", ""50"", ""--resetpop-rate"", ""0.99"", ""--local-search"", ""false"", ""--stop"", ""gen"", ""--max-gen"", ""100"", ""--edge-epsilon"", ""1e-06"", ""--save-generation-trace"", ""true"", ""--save-linkage-events"", ""false"", ""--save-graph-snapshots"", ""false"", ""--graph-snapshot-interval"", ""1"", ""--graph-snapshot-min-weight"", ""0.0"", ""--lr-gap-gen"", ""1"", ""--lr-min-samples"", ""10"", ""--lr-sparse-alpha"", ""0.001"", ""--lr-auto-alpha"", ""true"", ""--lr-alpha-c"", ""0.2"", ""--lr-delta"", ""0.05"", ""--lr-auto-min-samples"", ""true"", ""--lr-min-samples-c"", ""2.0"", ""--lr-stability-subsamples"", ""0"", ""--lr-stability-fraction"", ""0.75"", ""--lr-edge-min-weight"", ""0.0"", ""--lr-encoding"", ""binary"", ""--lr-solver"", ""auto"", ""--lr-matrix-free-threshold"", ""700"", ""--lr-matrix-free-max-iter"", ""8"", ""--lr-matrix-free-tol"", ""0.0001"", ""--lr-matrix-free-step-scale"", ""0.5"", ""--lr-matrix-free-dtype"", ""float32"", ""--build-building-blocks"", ""true"", ""--bb-weight-mode"", ""positive"", ""--bb-search-mode"", ""uniform"", ""--bb-min-block-size"", ""2"", ""--bb-max-blocks"", ""20"", ""--bb-snapshot-interval"", ""1"", ""--bb-external-penalty"", ""0.25"", ""--bb-size-penalty"", ""0.01"", ""--bb-pattern-top-fraction"", ""0.2"", ""--bb-pattern-min-support"", ""2"", ""--bb-refine-fraction"", ""0.2"", ""--bb-accept-equal-sparser"", ""true"", ""--bb-shuffle-blocks"", ""true"", ""--bb-signed-repair-probability"", ""0.75"", ""--pre-lr-explore"", ""false"", ""--pre-lr-mutation-multiplier"", ""3.0"", ""--pre-lr-immigrant-rate"", ""0.1"", ""--artifact-layout"", ""nested"", ""--write-aggregate-outputs"", ""false"", ""--lr-expected-edges"", ""60"", ""--lr-refit-expected-edges"", ""30"", ""--bb-gawll-update-interval"", ""10"", ""--bb-max-refine-trials"", ""10"", ""--repeat-id"", ""1"", ""--outer-fold-id"", ""3""]"
92,lung_discrete_asu,2,1,2,0,..\Results\results_fs_uniform_positive_medium_highdim\lung_discrete_asu\empirical_linkage_legacy_uniform_positive,"[""lung_discrete_asu"", ""2"", ""1"", ""--data-dir"", ""../Dataset/prepared_feature_selection"", ""--output-dir"", ""..\\Results\\results_fs_uniform_positive_medium_highdim\\lung_discrete_asu\\empirical_linkage_legacy_uniform_positive"", ""--outer-folds"", ""4"", ""--inner-folds"", ""4"", ""--repeats"", ""3"", ""--seed"", ""1"", ""--shuffle"", ""true"", ""--popsize"", ""100"", ""--p-cross"", ""0.4"", ""--tournament-size"", ""3"", ""--tau-reset"", ""50"", ""--resetpop-rate"", ""0.99"", ""--local-search"", ""false"", ""--stop"", ""gen"", ""--max-gen"", ""100"", ""--edge-epsilon"", ""1e-06"", ""--save-generation-trace"", ""true"", ""--save-linkage-events"", ""false"", ""--save-graph-snapshots"", ""false"", ""--graph-snapshot-interval"", ""1"", ""--graph-snapshot-min-weight"", ""0.0"", ""--lr-gap-gen"", ""1"", ""--lr-min-samples"", ""10"", ""--lr-sparse-alpha"", ""0.001"", ""--lr-auto-alpha"", ""true"", ""--lr-alpha-c"", ""0.2"", ""--lr-delta"", ""0.05"", ""--lr-auto-min-samples"", ""true"", ""--lr-min-samples-c"", ""2.0"", ""--lr-stability-subsamples"", ""0"", ""--lr-stability-fraction"", ""0.75"", ""--lr-edge-min-weight"", ""0.0"", ""--lr-encoding"", ""binary"", ""--lr-solver"", ""auto"", ""--lr-matrix-free-threshold"", ""700"", ""--lr-matrix-free-max-iter"", ""8"", ""--lr-matrix-free-tol"", ""0.0001"", ""--lr-matrix-free-step-scale"", ""0.5"", ""--lr-matrix-free-dtype"", ""float32"", ""--build-building-blocks"", ""true"", ""--bb-weight-mode"", ""positive"", ""--bb-search-mode"", ""uniform"", ""--bb-min-block-size"", ""2"", ""--bb-max-blocks"", ""20"", ""--bb-snapshot-interval"", ""1"", ""--bb-external-penalty"", ""0.25"", ""--bb-size-penalty"", ""0.01"", ""--bb-pattern-top-fraction"", ""0.2"", ""--bb-pattern-min-support"", ""2"", ""--bb-refine-fraction"", ""0.2"", ""--bb-accept-equal-sparser"", ""true"", ""--bb-shuffle-blocks"", ""true"", ""--bb-signed-repair-probability"", ""0.75"", ""--pre-lr-explore"", ""false"", ""--pre-lr-mutation-multiplier"", ""3.0"", ""--pre-lr-immigrant-rate"", ""0.1"", ""--artifact-layout"", ""nested"", ""--write-aggregate-outputs"", ""false"", ""--lr-expected-edges"", ""60"", ""--lr-refit-expected-edges"", ""30"", ""--bb-gawll-update-interval"", ""10"", ""--bb-max-refine-trials"", ""10"", ""--repeat-id"", ""2"", ""--outer-fold-id"", ""0""]"
93,lung_discrete_asu,2,1,2,1,..\Results\results_fs_uniform_positive_medium_highdim\lung_discrete_asu\empirical_linkage_legacy_uniform_positive,"[""lung_discrete_asu"", ""2"", ""1"", ""--data-dir"", ""../Dataset/prepared_feature_selection"", ""--output-dir"", ""..\\Results\\results_fs_uniform_positive_medium_highdim\\lung_discrete_asu\\empirical_linkage_legacy_uniform_positive"", ""--outer-folds"", ""4"", ""--inner-folds"", ""4"", ""--repeats"", ""3"", ""--seed"", ""1"", ""--shuffle"", ""true"", ""--popsize"", ""100"", ""--p-cross"", ""0.4"", ""--tournament-size"", ""3"", ""--tau-reset"", ""50"", ""--resetpop-rate"", ""0.99"", ""--local-search"", ""false"", ""--stop"", ""gen"", ""--max-gen"", ""100"", ""--edge-epsilon"", ""1e-06"", ""--save-generation-trace"", ""true"", ""--save-linkage-events"", ""false"", ""--save-graph-snapshots"", ""false"", ""--graph-snapshot-interval"", ""1"", ""--graph-snapshot-min-weight"", ""0.0"", ""--lr-gap-gen"", ""1"", ""--lr-min-samples"", ""10"", ""--lr-sparse-alpha"", ""0.001"", ""--lr-auto-alpha"", ""true"", ""--lr-alpha-c"", ""0.2"", ""--lr-delta"", ""0.05"", ""--lr-auto-min-samples"", ""true"", ""--lr-min-samples-c"", ""2.0"", ""--lr-stability-subsamples"", ""0"", ""--lr-stability-fraction"", ""0.75"", ""--lr-edge-min-weight"", ""0.0"", ""--lr-encoding"", ""binary"", ""--lr-solver"", ""auto"", ""--lr-matrix-free-threshold"", ""700"", ""--lr-matrix-free-max-iter"", ""8"", ""--lr-matrix-free-tol"", ""0.0001"", ""--lr-matrix-free-step-scale"", ""0.5"", ""--lr-matrix-free-dtype"", ""float32"", ""--build-building-blocks"", ""true"", ""--bb-weight-mode"", ""positive"", ""--bb-search-mode"", ""uniform"", ""--bb-min-block-size"", ""2"", ""--bb-max-blocks"", ""20"", ""--bb-snapshot-interval"", ""1"", ""--bb-external-penalty"", ""0.25"", ""--bb-size-penalty"", ""0.01"", ""--bb-pattern-top-fraction"", ""0.2"", ""--bb-pattern-min-support"", ""2"", ""--bb-refine-fraction"", ""0.2"", ""--bb-accept-equal-sparser"", ""true"", ""--bb-shuffle-blocks"", ""true"", ""--bb-signed-repair-probability"", ""0.75"", ""--pre-lr-explore"", ""false"", ""--pre-lr-mutation-multiplier"", ""3.0"", ""--pre-lr-immigrant-rate"", ""0.1"", ""--artifact-layout"", ""nested"", ""--write-aggregate-outputs"", ""false"", ""--lr-expected-edges"", ""60"", ""--lr-refit-expected-edges"", ""30"", ""--bb-gawll-update-interval"", ""10"", ""--bb-max-refine-trials"", ""10"", ""--repeat-id"", ""2"", ""--outer-fold-id"", ""1""]"
94,lung_discrete_asu,2,1,2,2,..\Results\results_fs_uniform_positive_medium_highdim\lung_discrete_asu\empirical_linkage_legacy_uniform_positive,"[""lung_discrete_asu"", ""2"", ""1"", ""--data-dir"", ""../Dataset/prepared_feature_selection"", ""--output-dir"", ""..\\Results\\results_fs_uniform_positive_medium_highdim\\lung_discrete_asu\\empirical_linkage_legacy_uniform_positive"", ""--outer-folds"", ""4"", ""--inner-folds"", ""4"", ""--repeats"", ""3"", ""--seed"", ""1"", ""--shuffle"", ""true"", ""--popsize"", ""100"", ""--p-cross"", ""0.4"", ""--tournament-size"", ""3"", ""--tau-reset"", ""50"", ""--resetpop-rate"", ""0.99"", ""--local-search"", ""false"", ""--stop"", ""gen"", ""--max-gen"", ""100"", ""--edge-epsilon"", ""1e-06"", ""--save-generation-trace"", ""true"", ""--save-linkage-events"", ""false"", ""--save-graph-snapshots"", ""false"", ""--graph-snapshot-interval"", ""1"", ""--graph-snapshot-min-weight"", ""0.0"", ""--lr-gap-gen"", ""1"", ""--lr-min-samples"", ""10"", ""--lr-sparse-alpha"", ""0.001"", ""--lr-auto-alpha"", ""true"", ""--lr-alpha-c"", ""0.2"", ""--lr-delta"", ""0.05"", ""--lr-auto-min-samples"", ""true"", ""--lr-min-samples-c"", ""2.0"", ""--lr-stability-subsamples"", ""0"", ""--lr-stability-fraction"", ""0.75"", ""--lr-edge-min-weight"", ""0.0"", ""--lr-encoding"", ""binary"", ""--lr-solver"", ""auto"", ""--lr-matrix-free-threshold"", ""700"", ""--lr-matrix-free-max-iter"", ""8"", ""--lr-matrix-free-tol"", ""0.0001"", ""--lr-matrix-free-step-scale"", ""0.5"", ""--lr-matrix-free-dtype"", ""float32"", ""--build-building-blocks"", ""true"", ""--bb-weight-mode"", ""positive"", ""--bb-search-mode"", ""uniform"", ""--bb-min-block-size"", ""2"", ""--bb-max-blocks"", ""20"", ""--bb-snapshot-interval"", ""1"", ""--bb-external-penalty"", ""0.25"", ""--bb-size-penalty"", ""0.01"", ""--bb-pattern-top-fraction"", ""0.2"", ""--bb-pattern-min-support"", ""2"", ""--bb-refine-fraction"", ""0.2"", ""--bb-accept-equal-sparser"", ""true"", ""--bb-shuffle-blocks"", ""true"", ""--bb-signed-repair-probability"", ""0.75"", ""--pre-lr-explore"", ""false"", ""--pre-lr-mutation-multiplier"", ""3.0"", ""--pre-lr-immigrant-rate"", ""0.1"", ""--artifact-layout"", ""nested"", ""--write-aggregate-outputs"", ""false"", ""--lr-expected-edges"", ""60"", ""--lr-refit-expected-edges"", ""30"", ""--bb-gawll-update-interval"", ""10"", ""--bb-max-refine-trials"", ""10"", ""--repeat-id"", ""2"", ""--outer-fold-id"", ""2""]"
95,lung_discrete_asu,2,1,2,3,..\Results\results_fs_uniform_positive_medium_highdim\lung_discrete_asu\empirical_linkage_legacy_uniform_positive,"[""lung_discrete_asu"", ""2"", ""1"", ""--data-dir"", ""../Dataset/prepared_feature_selection"", ""--output-dir"", ""..\\Results\\results_fs_uniform_positive_medium_highdim\\lung_discrete_asu\\empirical_linkage_legacy_uniform_positive"", ""--outer-folds"", ""4"", ""--inner-folds"", ""4"", ""--repeats"", ""3"", ""--seed"", ""1"", ""--shuffle"", ""true"", ""--popsize"", ""100"", ""--p-cross"", ""0.4"", ""--tournament-size"", ""3"", ""--tau-reset"", ""50"", ""--resetpop-rate"", ""0.99"", ""--local-search"", ""false"", ""--stop"", ""gen"", ""--max-gen"", ""100"", ""--edge-epsilon"", ""1e-06"", ""--save-generation-trace"", ""true"", ""--save-linkage-events"", ""false"", ""--save-graph-snapshots"", ""false"", ""--graph-snapshot-interval"", ""1"", ""--graph-snapshot-min-weight"", ""0.0"", ""--lr-gap-gen"", ""1"", ""--lr-min-samples"", ""10"", ""--lr-sparse-alpha"", ""0.001"", ""--lr-auto-alpha"", ""true"", ""--lr-alpha-c"", ""0.2"", ""--lr-delta"", ""0.05"", ""--lr-auto-min-samples"", ""true"", ""--lr-min-samples-c"", ""2.0"", ""--lr-stability-subsamples"", ""0"", ""--lr-stability-fraction"", ""0.75"", ""--lr-edge-min-weight"", ""0.0"", ""--lr-encoding"", ""binary"", ""--lr-solver"", ""auto"", ""--lr-matrix-free-threshold"", ""700"", ""--lr-matrix-free-max-iter"", ""8"", ""--lr-matrix-free-tol"", ""0.0001"", ""--lr-matrix-free-step-scale"", ""0.5"", ""--lr-matrix-free-dtype"", ""float32"", ""--build-building-blocks"", ""true"", ""--bb-weight-mode"", ""positive"", ""--bb-search-mode"", ""uniform"", ""--bb-min-block-size"", ""2"", ""--bb-max-blocks"", ""20"", ""--bb-snapshot-interval"", ""1"", ""--bb-external-penalty"", ""0.25"", ""--bb-size-penalty"", ""0.01"", ""--bb-pattern-top-fraction"", ""0.2"", ""--bb-pattern-min-support"", ""2"", ""--bb-refine-fraction"", ""0.2"", ""--bb-accept-equal-sparser"", ""true"", ""--bb-shuffle-blocks"", ""true"", ""--bb-signed-repair-probability"", ""0.75"", ""--pre-lr-explore"", ""false"", ""--pre-lr-mutation-multiplier"", ""3.0"", ""--pre-lr-immigrant-rate"", ""0.1"", ""--artifact-layout"", ""nested"", ""--write-aggregate-outputs"", ""false"", ""--lr-expected-edges"", ""60"", ""--lr-refit-expected-edges"", ""30"", ""--bb-gawll-update-interval"", ""10"", ""--bb-max-refine-trials"", ""10"", ""--repeat-id"", ""2"", ""--outer-fold-id"", ""3""]"
96,Isolet_asu,2,1,0,0,..\Results\results_fs_uniform_positive_medium_highdim\Isolet_asu\empirical_linkage_legacy_uniform_positive,"[""Isolet_asu"", ""2"", ""1"", ""--data-dir"", ""../Dataset/prepared_feature_selection"", ""--output-dir"", ""..\\Results\\results_fs_uniform_positive_medium_highdim\\Isolet_asu\\empirical_linkage_legacy_uniform_positive"", ""--outer-folds"", ""4"", ""--inner-folds"", ""4"", ""--repeats"", ""3"", ""--seed"", ""1"", ""--shuffle"", ""true"", ""--popsize"", ""100"", ""--p-cross"", ""0.4"", ""--tournament-size"", ""3"", ""--tau-reset"", ""50"", ""--resetpop-rate"", ""0.99"", ""--local-search"", ""false"", ""--stop"", ""gen"", ""--max-gen"", ""100"", ""--edge-epsilon"", ""1e-06"", ""--save-generation-trace"", ""true"", ""--save-linkage-events"", ""false"", ""--save-graph-snapshots"", ""false"", ""--graph-snapshot-interval"", ""1"", ""--graph-snapshot-min-weight"", ""0.0"", ""--lr-gap-gen"", ""1"", ""--lr-min-samples"", ""10"", ""--lr-sparse-alpha"", ""0.001"", ""--lr-auto-alpha"", ""true"", ""--lr-alpha-c"", ""0.2"", ""--lr-delta"", ""0.05"", ""--lr-auto-min-samples"", ""true"", ""--lr-min-samples-c"", ""2.0"", ""--lr-stability-subsamples"", ""0"", ""--lr-stability-fraction"", ""0.75"", ""--lr-edge-min-weight"", ""0.0"", ""--lr-encoding"", ""binary"", ""--lr-solver"", ""auto"", ""--lr-matrix-free-threshold"", ""700"", ""--lr-matrix-free-max-iter"", ""8"", ""--lr-matrix-free-tol"", ""0.0001"", ""--lr-matrix-free-step-scale"", ""0.5"", ""--lr-matrix-free-dtype"", ""float32"", ""--build-building-blocks"", ""true"", ""--bb-weight-mode"", ""positive"", ""--bb-search-mode"", ""uniform"", ""--bb-min-block-size"", ""2"", ""--bb-max-blocks"", ""20"", ""--bb-snapshot-interval"", ""1"", ""--bb-external-penalty"", ""0.25"", ""--bb-size-penalty"", ""0.01"", ""--bb-pattern-top-fraction"", ""0.2"", ""--bb-pattern-min-support"", ""2"", ""--bb-refine-fraction"", ""0.2"", ""--bb-accept-equal-sparser"", ""true"", ""--bb-shuffle-blocks"", ""true"", ""--bb-signed-repair-probability"", ""0.75"", ""--pre-lr-explore"", ""false"", ""--pre-lr-mutation-multiplier"", ""3.0"", ""--pre-lr-immigrant-rate"", ""0.1"", ""--artifact-layout"", ""nested"", ""--write-aggregate-outputs"", ""false"", ""--lr-expected-edges"", ""60"", ""--lr-refit-expected-edges"", ""30"", ""--bb-gawll-update-interval"", ""10"", ""--bb-max-refine-trials"", ""10"", ""--repeat-id"", ""0"", ""--outer-fold-id"", ""0""]"
97,Isolet_asu,2,1,0,1,..\Results\results_fs_uniform_positive_medium_highdim\Isolet_asu\empirical_linkage_legacy_uniform_positive,"[""Isolet_asu"", ""2"", ""1"", ""--data-dir"", ""../Dataset/prepared_feature_selection"", ""--output-dir"", ""..\\Results\\results_fs_uniform_positive_medium_highdim\\Isolet_asu\\empirical_linkage_legacy_uniform_positive"", ""--outer-folds"", ""4"", ""--inner-folds"", ""4"", ""--repeats"", ""3"", ""--seed"", ""1"", ""--shuffle"", ""true"", ""--popsize"", ""100"", ""--p-cross"", ""0.4"", ""--tournament-size"", ""3"", ""--tau-reset"", ""50"", ""--resetpop-rate"", ""0.99"", ""--local-search"", ""false"", ""--stop"", ""gen"", ""--max-gen"", ""100"", ""--edge-epsilon"", ""1e-06"", ""--save-generation-trace"", ""true"", ""--save-linkage-events"", ""false"", ""--save-graph-snapshots"", ""false"", ""--graph-snapshot-interval"", ""1"", ""--graph-snapshot-min-weight"", ""0.0"", ""--lr-gap-gen"", ""1"", ""--lr-min-samples"", ""10"", ""--lr-sparse-alpha"", ""0.001"", ""--lr-auto-alpha"", ""true"", ""--lr-alpha-c"", ""0.2"", ""--lr-delta"", ""0.05"", ""--lr-auto-min-samples"", ""true"", ""--lr-min-samples-c"", ""2.0"", ""--lr-stability-subsamples"", ""0"", ""--lr-stability-fraction"", ""0.75"", ""--lr-edge-min-weight"", ""0.0"", ""--lr-encoding"", ""binary"", ""--lr-solver"", ""auto"", ""--lr-matrix-free-threshold"", ""700"", ""--lr-matrix-free-max-iter"", ""8"", ""--lr-matrix-free-tol"", ""0.0001"", ""--lr-matrix-free-step-scale"", ""0.5"", ""--lr-matrix-free-dtype"", ""float32"", ""--build-building-blocks"", ""true"", ""--bb-weight-mode"", ""positive"", ""--bb-search-mode"", ""uniform"", ""--bb-min-block-size"", ""2"", ""--bb-max-blocks"", ""20"", ""--bb-snapshot-interval"", ""1"", ""--bb-external-penalty"", ""0.25"", ""--bb-size-penalty"", ""0.01"", ""--bb-pattern-top-fraction"", ""0.2"", ""--bb-pattern-min-support"", ""2"", ""--bb-refine-fraction"", ""0.2"", ""--bb-accept-equal-sparser"", ""true"", ""--bb-shuffle-blocks"", ""true"", ""--bb-signed-repair-probability"", ""0.75"", ""--pre-lr-explore"", ""false"", ""--pre-lr-mutation-multiplier"", ""3.0"", ""--pre-lr-immigrant-rate"", ""0.1"", ""--artifact-layout"", ""nested"", ""--write-aggregate-outputs"", ""false"", ""--lr-expected-edges"", ""60"", ""--lr-refit-expected-edges"", ""30"", ""--bb-gawll-update-interval"", ""10"", ""--bb-max-refine-trials"", ""10"", ""--repeat-id"", ""0"", ""--outer-fold-id"", ""1""]"
98,Isolet_asu,2,1,0,2,..\Results\results_fs_uniform_positive_medium_highdim\Isolet_asu\empirical_linkage_legacy_uniform_positive,"[""Isolet_asu"", ""2"", ""1"", ""--data-dir"", ""../Dataset/prepared_feature_selection"", ""--output-dir"", ""..\\Results\\results_fs_uniform_positive_medium_highdim\\Isolet_asu\\empirical_linkage_legacy_uniform_positive"", ""--outer-folds"", ""4"", ""--inner-folds"", ""4"", ""--repeats"", ""3"", ""--seed"", ""1"", ""--shuffle"", ""true"", ""--popsize"", ""100"", ""--p-cross"", ""0.4"", ""--tournament-size"", ""3"", ""--tau-reset"", ""50"", ""--resetpop-rate"", ""0.99"", ""--local-search"", ""false"", ""--stop"", ""gen"", ""--max-gen"", ""100"", ""--edge-epsilon"", ""1e-06"", ""--save-generation-trace"", ""true"", ""--save-linkage-events"", ""false"", ""--save-graph-snapshots"", ""false"", ""--graph-snapshot-interval"", ""1"", ""--graph-snapshot-min-weight"", ""0.0"", ""--lr-gap-gen"", ""1"", ""--lr-min-samples"", ""10"", ""--lr-sparse-alpha"", ""0.001"", ""--lr-auto-alpha"", ""true"", ""--lr-alpha-c"", ""0.2"", ""--lr-delta"", ""0.05"", ""--lr-auto-min-samples"", ""true"", ""--lr-min-samples-c"", ""2.0"", ""--lr-stability-subsamples"", ""0"", ""--lr-stability-fraction"", ""0.75"", ""--lr-edge-min-weight"", ""0.0"", ""--lr-encoding"", ""binary"", ""--lr-solver"", ""auto"", ""--lr-matrix-free-threshold"", ""700"", ""--lr-matrix-free-max-iter"", ""8"", ""--lr-matrix-free-tol"", ""0.0001"", ""--lr-matrix-free-step-scale"", ""0.5"", ""--lr-matrix-free-dtype"", ""float32"", ""--build-building-blocks"", ""true"", ""--bb-weight-mode"", ""positive"", ""--bb-search-mode"", ""uniform"", ""--bb-min-block-size"", ""2"", ""--bb-max-blocks"", ""20"", ""--bb-snapshot-interval"", ""1"", ""--bb-external-penalty"", ""0.25"", ""--bb-size-penalty"", ""0.01"", ""--bb-pattern-top-fraction"", ""0.2"", ""--bb-pattern-min-support"", ""2"", ""--bb-refine-fraction"", ""0.2"", ""--bb-accept-equal-sparser"", ""true"", ""--bb-shuffle-blocks"", ""true"", ""--bb-signed-repair-probability"", ""0.75"", ""--pre-lr-explore"", ""false"", ""--pre-lr-mutation-multiplier"", ""3.0"", ""--pre-lr-immigrant-rate"", ""0.1"", ""--artifact-layout"", ""nested"", ""--write-aggregate-outputs"", ""false"", ""--lr-expected-edges"", ""60"", ""--lr-refit-expected-edges"", ""30"", ""--bb-gawll-update-interval"", ""10"", ""--bb-max-refine-trials"", ""10"", ""--repeat-id"", ""0"", ""--outer-fold-id"", ""2""]"
99,Isolet_asu,2,1,0,3,..\Results\results_fs_uniform_positive_medium_highdim\Isolet_asu\empirical_linkage_legacy_uniform_positive,"[""Isolet_asu"", ""2"", ""1"", ""--data-dir"", ""../Dataset/prepared_feature_selection"", ""--output-dir"", ""..\\Results\\results_fs_uniform_positive_medium_highdim\\Isolet_asu\\empirical_linkage_legacy_uniform_positive"", ""--outer-folds"", ""4"", ""--inner-folds"", ""4"", ""--repeats"", ""3"", ""--seed"", ""1"", ""--shuffle"", ""true"", ""--popsize"", ""100"", ""--p-cross"", ""0.4"", ""--tournament-size"", ""3"", ""--tau-reset"", ""50"", ""--resetpop-rate"", ""0.99"", ""--local-search"", ""false"", ""--stop"", ""gen"", ""--max-gen"", ""100"", ""--edge-epsilon"", ""1e-06"", ""--save-generation-trace"", ""true"", ""--save-linkage-events"", ""false"", ""--save-graph-snapshots"", ""false"", ""--graph-snapshot-interval"", ""1"", ""--graph-snapshot-min-weight"", ""0.0"", ""--lr-gap-gen"", ""1"", ""--lr-min-samples"", ""10"", ""--lr-sparse-alpha"", ""0.001"", ""--lr-auto-alpha"", ""true"", ""--lr-alpha-c"", ""0.2"", ""--lr-delta"", ""0.05"", ""--lr-auto-min-samples"", ""true"", ""--lr-min-samples-c"", ""2.0"", ""--lr-stability-subsamples"", ""0"", ""--lr-stability-fraction"", ""0.75"", ""--lr-edge-min-weight"", ""0.0"", ""--lr-encoding"", ""binary"", ""--lr-solver"", ""auto"", ""--lr-matrix-free-threshold"", ""700"", ""--lr-matrix-free-max-iter"", ""8"", ""--lr-matrix-free-tol"", ""0.0001"", ""--lr-matrix-free-step-scale"", ""0.5"", ""--lr-matrix-free-dtype"", ""float32"", ""--build-building-blocks"", ""true"", ""--bb-weight-mode"", ""positive"", ""--bb-search-mode"", ""uniform"", ""--bb-min-block-size"", ""2"", ""--bb-max-blocks"", ""20"", ""--bb-snapshot-interval"", ""1"", ""--bb-external-penalty"", ""0.25"", ""--bb-size-penalty"", ""0.01"", ""--bb-pattern-top-fraction"", ""0.2"", ""--bb-pattern-min-support"", ""2"", ""--bb-refine-fraction"", ""0.2"", ""--bb-accept-equal-sparser"", ""true"", ""--bb-shuffle-blocks"", ""true"", ""--bb-signed-repair-probability"", ""0.75"", ""--pre-lr-explore"", ""false"", ""--pre-lr-mutation-multiplier"", ""3.0"", ""--pre-lr-immigrant-rate"", ""0.1"", ""--artifact-layout"", ""nested"", ""--write-aggregate-outputs"", ""false"", ""--lr-expected-edges"", ""60"", ""--lr-refit-expected-edges"", ""30"", ""--bb-gawll-update-interval"", ""10"", ""--bb-max-refine-trials"", ""10"", ""--repeat-id"", ""0"", ""--outer-fold-id"", ""3""]"
100,Isolet_asu,2,1,1,0,..\Results\results_fs_uniform_positive_medium_highdim\Isolet_asu\empirical_linkage_legacy_uniform_positive,"[""Isolet_asu"", ""2"", ""1"", ""--data-dir"", ""../Dataset/prepared_feature_selection"", ""--output-dir"", ""..\\Results\\results_fs_uniform_positive_medium_highdim\\Isolet_asu\\empirical_linkage_legacy_uniform_positive"", ""--outer-folds"", ""4"", ""--inner-folds"", ""4"", ""--repeats"", ""3"", ""--seed"", ""1"", ""--shuffle"", ""true"", ""--popsize"", ""100"", ""--p-cross"", ""0.4"", ""--tournament-size"", ""3"", ""--tau-reset"", ""50"", ""--resetpop-rate"", ""0.99"", ""--local-search"", ""false"", ""--stop"", ""gen"", ""--max-gen"", ""100"", ""--edge-epsilon"", ""1e-06"", ""--save-generation-trace"", ""true"", ""--save-linkage-events"", ""false"", ""--save-graph-snapshots"", ""false"", ""--graph-snapshot-interval"", ""1"", ""--graph-snapshot-min-weight"", ""0.0"", ""--lr-gap-gen"", ""1"", ""--lr-min-samples"", ""10"", ""--lr-sparse-alpha"", ""0.001"", ""--lr-auto-alpha"", ""true"", ""--lr-alpha-c"", ""0.2"", ""--lr-delta"", ""0.05"", ""--lr-auto-min-samples"", ""true"", ""--lr-min-samples-c"", ""2.0"", ""--lr-stability-subsamples"", ""0"", ""--lr-stability-fraction"", ""0.75"", ""--lr-edge-min-weight"", ""0.0"", ""--lr-encoding"", ""binary"", ""--lr-solver"", ""auto"", ""--lr-matrix-free-threshold"", ""700"", ""--lr-matrix-free-max-iter"", ""8"", ""--lr-matrix-free-tol"", ""0.0001"", ""--lr-matrix-free-step-scale"", ""0.5"", ""--lr-matrix-free-dtype"", ""float32"", ""--build-building-blocks"", ""true"", ""--bb-weight-mode"", ""positive"", ""--bb-search-mode"", ""uniform"", ""--bb-min-block-size"", ""2"", ""--bb-max-blocks"", ""20"", ""--bb-snapshot-interval"", ""1"", ""--bb-external-penalty"", ""0.25"", ""--bb-size-penalty"", ""0.01"", ""--bb-pattern-top-fraction"", ""0.2"", ""--bb-pattern-min-support"", ""2"", ""--bb-refine-fraction"", ""0.2"", ""--bb-accept-equal-sparser"", ""true"", ""--bb-shuffle-blocks"", ""true"", ""--bb-signed-repair-probability"", ""0.75"", ""--pre-lr-explore"", ""false"", ""--pre-lr-mutation-multiplier"", ""3.0"", ""--pre-lr-immigrant-rate"", ""0.1"", ""--artifact-layout"", ""nested"", ""--write-aggregate-outputs"", ""false"", ""--lr-expected-edges"", ""60"", ""--lr-refit-expected-edges"", ""30"", ""--bb-gawll-update-interval"", ""10"", ""--bb-max-refine-trials"", ""10"", ""--repeat-id"", ""1"", ""--outer-fold-id"", ""0""]"
101,Isolet_asu,2,1,1,1,..\Results\results_fs_uniform_positive_medium_highdim\Isolet_asu\empirical_linkage_legacy_uniform_positive,"[""Isolet_asu"", ""2"", ""1"", ""--data-dir"", ""../Dataset/prepared_feature_selection"", ""--output-dir"", ""..\\Results\\results_fs_uniform_positive_medium_highdim\\Isolet_asu\\empirical_linkage_legacy_uniform_positive"", ""--outer-folds"", ""4"", ""--inner-folds"", ""4"", ""--repeats"", ""3"", ""--seed"", ""1"", ""--shuffle"", ""true"", ""--popsize"", ""100"", ""--p-cross"", ""0.4"", ""--tournament-size"", ""3"", ""--tau-reset"", ""50"", ""--resetpop-rate"", ""0.99"", ""--local-search"", ""false"", ""--stop"", ""gen"", ""--max-gen"", ""100"", ""--edge-epsilon"", ""1e-06"", ""--save-generation-trace"", ""true"", ""--save-linkage-events"", ""false"", ""--save-graph-snapshots"", ""false"", ""--graph-snapshot-interval"", ""1"", ""--graph-snapshot-min-weight"", ""0.0"", ""--lr-gap-gen"", ""1"", ""--lr-min-samples"", ""10"", ""--lr-sparse-alpha"", ""0.001"", ""--lr-auto-alpha"", ""true"", ""--lr-alpha-c"", ""0.2"", ""--lr-delta"", ""0.05"", ""--lr-auto-min-samples"", ""true"", ""--lr-min-samples-c"", ""2.0"", ""--lr-stability-subsamples"", ""0"", ""--lr-stability-fraction"", ""0.75"", ""--lr-edge-min-weight"", ""0.0"", ""--lr-encoding"", ""binary"", ""--lr-solver"", ""auto"", ""--lr-matrix-free-threshold"", ""700"", ""--lr-matrix-free-max-iter"", ""8"", ""--lr-matrix-free-tol"", ""0.0001"", ""--lr-matrix-free-step-scale"", ""0.5"", ""--lr-matrix-free-dtype"", ""float32"", ""--build-building-blocks"", ""true"", ""--bb-weight-mode"", ""positive"", ""--bb-search-mode"", ""uniform"", ""--bb-min-block-size"", ""2"", ""--bb-max-blocks"", ""20"", ""--bb-snapshot-interval"", ""1"", ""--bb-external-penalty"", ""0.25"", ""--bb-size-penalty"", ""0.01"", ""--bb-pattern-top-fraction"", ""0.2"", ""--bb-pattern-min-support"", ""2"", ""--bb-refine-fraction"", ""0.2"", ""--bb-accept-equal-sparser"", ""true"", ""--bb-shuffle-blocks"", ""true"", ""--bb-signed-repair-probability"", ""0.75"", ""--pre-lr-explore"", ""false"", ""--pre-lr-mutation-multiplier"", ""3.0"", ""--pre-lr-immigrant-rate"", ""0.1"", ""--artifact-layout"", ""nested"", ""--write-aggregate-outputs"", ""false"", ""--lr-expected-edges"", ""60"", ""--lr-refit-expected-edges"", ""30"", ""--bb-gawll-update-interval"", ""10"", ""--bb-max-refine-trials"", ""10"", ""--repeat-id"", ""1"", ""--outer-fold-id"", ""1""]"
102,Isolet_asu,2,1,1,2,..\Results\results_fs_uniform_positive_medium_highdim\Isolet_asu\empirical_linkage_legacy_uniform_positive,"[""Isolet_asu"", ""2"", ""1"", ""--data-dir"", ""../Dataset/prepared_feature_selection"", ""--output-dir"", ""..\\Results\\results_fs_uniform_positive_medium_highdim\\Isolet_asu\\empirical_linkage_legacy_uniform_positive"", ""--outer-folds"", ""4"", ""--inner-folds"", ""4"", ""--repeats"", ""3"", ""--seed"", ""1"", ""--shuffle"", ""true"", ""--popsize"", ""100"", ""--p-cross"", ""0.4"", ""--tournament-size"", ""3"", ""--tau-reset"", ""50"", ""--resetpop-rate"", ""0.99"", ""--local-search"", ""false"", ""--stop"", ""gen"", ""--max-gen"", ""100"", ""--edge-epsilon"", ""1e-06"", ""--save-generation-trace"", ""true"", ""--save-linkage-events"", ""false"", ""--save-graph-snapshots"", ""false"", ""--graph-snapshot-interval"", ""1"", ""--graph-snapshot-min-weight"", ""0.0"", ""--lr-gap-gen"", ""1"", ""--lr-min-samples"", ""10"", ""--lr-sparse-alpha"", ""0.001"", ""--lr-auto-alpha"", ""true"", ""--lr-alpha-c"", ""0.2"", ""--lr-delta"", ""0.05"", ""--lr-auto-min-samples"", ""true"", ""--lr-min-samples-c"", ""2.0"", ""--lr-stability-subsamples"", ""0"", ""--lr-stability-fraction"", ""0.75"", ""--lr-edge-min-weight"", ""0.0"", ""--lr-encoding"", ""binary"", ""--lr-solver"", ""auto"", ""--lr-matrix-free-threshold"", ""700"", ""--lr-matrix-free-max-iter"", ""8"", ""--lr-matrix-free-tol"", ""0.0001"", ""--lr-matrix-free-step-scale"", ""0.5"", ""--lr-matrix-free-dtype"", ""float32"", ""--build-building-blocks"", ""true"", ""--bb-weight-mode"", ""positive"", ""--bb-search-mode"", ""uniform"", ""--bb-min-block-size"", ""2"", ""--bb-max-blocks"", ""20"", ""--bb-snapshot-interval"", ""1"", ""--bb-external-penalty"", ""0.25"", ""--bb-size-penalty"", ""0.01"", ""--bb-pattern-top-fraction"", ""0.2"", ""--bb-pattern-min-support"", ""2"", ""--bb-refine-fraction"", ""0.2"", ""--bb-accept-equal-sparser"", ""true"", ""--bb-shuffle-blocks"", ""true"", ""--bb-signed-repair-probability"", ""0.75"", ""--pre-lr-explore"", ""false"", ""--pre-lr-mutation-multiplier"", ""3.0"", ""--pre-lr-immigrant-rate"", ""0.1"", ""--artifact-layout"", ""nested"", ""--write-aggregate-outputs"", ""false"", ""--lr-expected-edges"", ""60"", ""--lr-refit-expected-edges"", ""30"", ""--bb-gawll-update-interval"", ""10"", ""--bb-max-refine-trials"", ""10"", ""--repeat-id"", ""1"", ""--outer-fold-id"", ""2""]"
103,Isolet_asu,2,1,1,3,..\Results\results_fs_uniform_positive_medium_highdim\Isolet_asu\empirical_linkage_legacy_uniform_positive,"[""Isolet_asu"", ""2"", ""1"", ""--data-dir"", ""../Dataset/prepared_feature_selection"", ""--output-dir"", ""..\\Results\\results_fs_uniform_positive_medium_highdim\\Isolet_asu\\empirical_linkage_legacy_uniform_positive"", ""--outer-folds"", ""4"", ""--inner-folds"", ""4"", ""--repeats"", ""3"", ""--seed"", ""1"", ""--shuffle"", ""true"", ""--popsize"", ""100"", ""--p-cross"", ""0.4"", ""--tournament-size"", ""3"", ""--tau-reset"", ""50"", ""--resetpop-rate"", ""0.99"", ""--local-search"", ""false"", ""--stop"", ""gen"", ""--max-gen"", ""100"", ""--edge-epsilon"", ""1e-06"", ""--save-generation-trace"", ""true"", ""--save-linkage-events"", ""false"", ""--save-graph-snapshots"", ""false"", ""--graph-snapshot-interval"", ""1"", ""--graph-snapshot-min-weight"", ""0.0"", ""--lr-gap-gen"", ""1"", ""--lr-min-samples"", ""10"", ""--lr-sparse-alpha"", ""0.001"", ""--lr-auto-alpha"", ""true"", ""--lr-alpha-c"", ""0.2"", ""--lr-delta"", ""0.05"", ""--lr-auto-min-samples"", ""true"", ""--lr-min-samples-c"", ""2.0"", ""--lr-stability-subsamples"", ""0"", ""--lr-stability-fraction"", ""0.75"", ""--lr-edge-min-weight"", ""0.0"", ""--lr-encoding"", ""binary"", ""--lr-solver"", ""auto"", ""--lr-matrix-free-threshold"", ""700"", ""--lr-matrix-free-max-iter"", ""8"", ""--lr-matrix-free-tol"", ""0.0001"", ""--lr-matrix-free-step-scale"", ""0.5"", ""--lr-matrix-free-dtype"", ""float32"", ""--build-building-blocks"", ""true"", ""--bb-weight-mode"", ""positive"", ""--bb-search-mode"", ""uniform"", ""--bb-min-block-size"", ""2"", ""--bb-max-blocks"", ""20"", ""--bb-snapshot-interval"", ""1"", ""--bb-external-penalty"", ""0.25"", ""--bb-size-penalty"", ""0.01"", ""--bb-pattern-top-fraction"", ""0.2"", ""--bb-pattern-min-support"", ""2"", ""--bb-refine-fraction"", ""0.2"", ""--bb-accept-equal-sparser"", ""true"", ""--bb-shuffle-blocks"", ""true"", ""--bb-signed-repair-probability"", ""0.75"", ""--pre-lr-explore"", ""false"", ""--pre-lr-mutation-multiplier"", ""3.0"", ""--pre-lr-immigrant-rate"", ""0.1"", ""--artifact-layout"", ""nested"", ""--write-aggregate-outputs"", ""false"", ""--lr-expected-edges"", ""60"", ""--lr-refit-expected-edges"", ""30"", ""--bb-gawll-update-interval"", ""10"", ""--bb-max-refine-trials"", ""10"", ""--repeat-id"", ""1"", ""--outer-fold-id"", ""3""]"
104,Isolet_asu,2,1,2,0,..\Results\results_fs_uniform_positive_medium_highdim\Isolet_asu\empirical_linkage_legacy_uniform_positive,"[""Isolet_asu"", ""2"", ""1"", ""--data-dir"", ""../Dataset/prepared_feature_selection"", ""--output-dir"", ""..\\Results\\results_fs_uniform_positive_medium_highdim\\Isolet_asu\\empirical_linkage_legacy_uniform_positive"", ""--outer-folds"", ""4"", ""--inner-folds"", ""4"", ""--repeats"", ""3"", ""--seed"", ""1"", ""--shuffle"", ""true"", ""--popsize"", ""100"", ""--p-cross"", ""0.4"", ""--tournament-size"", ""3"", ""--tau-reset"", ""50"", ""--resetpop-rate"", ""0.99"", ""--local-search"", ""false"", ""--stop"", ""gen"", ""--max-gen"", ""100"", ""--edge-epsilon"", ""1e-06"", ""--save-generation-trace"", ""true"", ""--save-linkage-events"", ""false"", ""--save-graph-snapshots"", ""false"", ""--graph-snapshot-interval"", ""1"", ""--graph-snapshot-min-weight"", ""0.0"", ""--lr-gap-gen"", ""1"", ""--lr-min-samples"", ""10"", ""--lr-sparse-alpha"", ""0.001"", ""--lr-auto-alpha"", ""true"", ""--lr-alpha-c"", ""0.2"", ""--lr-delta"", ""0.05"", ""--lr-auto-min-samples"", ""true"", ""--lr-min-samples-c"", ""2.0"", ""--lr-stability-subsamples"", ""0"", ""--lr-stability-fraction"", ""0.75"", ""--lr-edge-min-weight"", ""0.0"", ""--lr-encoding"", ""binary"", ""--lr-solver"", ""auto"", ""--lr-matrix-free-threshold"", ""700"", ""--lr-matrix-free-max-iter"", ""8"", ""--lr-matrix-free-tol"", ""0.0001"", ""--lr-matrix-free-step-scale"", ""0.5"", ""--lr-matrix-free-dtype"", ""float32"", ""--build-building-blocks"", ""true"", ""--bb-weight-mode"", ""positive"", ""--bb-search-mode"", ""uniform"", ""--bb-min-block-size"", ""2"", ""--bb-max-blocks"", ""20"", ""--bb-snapshot-interval"", ""1"", ""--bb-external-penalty"", ""0.25"", ""--bb-size-penalty"", ""0.01"", ""--bb-pattern-top-fraction"", ""0.2"", ""--bb-pattern-min-support"", ""2"", ""--bb-refine-fraction"", ""0.2"", ""--bb-accept-equal-sparser"", ""true"", ""--bb-shuffle-blocks"", ""true"", ""--bb-signed-repair-probability"", ""0.75"", ""--pre-lr-explore"", ""false"", ""--pre-lr-mutation-multiplier"", ""3.0"", ""--pre-lr-immigrant-rate"", ""0.1"", ""--artifact-layout"", ""nested"", ""--write-aggregate-outputs"", ""false"", ""--lr-expected-edges"", ""60"", ""--lr-refit-expected-edges"", ""30"", ""--bb-gawll-update-interval"", ""10"", ""--bb-max-refine-trials"", ""10"", ""--repeat-id"", ""2"", ""--outer-fold-id"", ""0""]"
105,Isolet_asu,2,1,2,1,..\Results\results_fs_uniform_positive_medium_highdim\Isolet_asu\empirical_linkage_legacy_uniform_positive,"[""Isolet_asu"", ""2"", ""1"", ""--data-dir"", ""../Dataset/prepared_feature_selection"", ""--output-dir"", ""..\\Results\\results_fs_uniform_positive_medium_highdim\\Isolet_asu\\empirical_linkage_legacy_uniform_positive"", ""--outer-folds"", ""4"", ""--inner-folds"", ""4"", ""--repeats"", ""3"", ""--seed"", ""1"", ""--shuffle"", ""true"", ""--popsize"", ""100"", ""--p-cross"", ""0.4"", ""--tournament-size"", ""3"", ""--tau-reset"", ""50"", ""--resetpop-rate"", ""0.99"", ""--local-search"", ""false"", ""--stop"", ""gen"", ""--max-gen"", ""100"", ""--edge-epsilon"", ""1e-06"", ""--save-generation-trace"", ""true"", ""--save-linkage-events"", ""false"", ""--save-graph-snapshots"", ""false"", ""--graph-snapshot-interval"", ""1"", ""--graph-snapshot-min-weight"", ""0.0"", ""--lr-gap-gen"", ""1"", ""--lr-min-samples"", ""10"", ""--lr-sparse-alpha"", ""0.001"", ""--lr-auto-alpha"", ""true"", ""--lr-alpha-c"", ""0.2"", ""--lr-delta"", ""0.05"", ""--lr-auto-min-samples"", ""true"", ""--lr-min-samples-c"", ""2.0"", ""--lr-stability-subsamples"", ""0"", ""--lr-stability-fraction"", ""0.75"", ""--lr-edge-min-weight"", ""0.0"", ""--lr-encoding"", ""binary"", ""--lr-solver"", ""auto"", ""--lr-matrix-free-threshold"", ""700"", ""--lr-matrix-free-max-iter"", ""8"", ""--lr-matrix-free-tol"", ""0.0001"", ""--lr-matrix-free-step-scale"", ""0.5"", ""--lr-matrix-free-dtype"", ""float32"", ""--build-building-blocks"", ""true"", ""--bb-weight-mode"", ""positive"", ""--bb-search-mode"", ""uniform"", ""--bb-min-block-size"", ""2"", ""--bb-max-blocks"", ""20"", ""--bb-snapshot-interval"", ""1"", ""--bb-external-penalty"", ""0.25"", ""--bb-size-penalty"", ""0.01"", ""--bb-pattern-top-fraction"", ""0.2"", ""--bb-pattern-min-support"", ""2"", ""--bb-refine-fraction"", ""0.2"", ""--bb-accept-equal-sparser"", ""true"", ""--bb-shuffle-blocks"", ""true"", ""--bb-signed-repair-probability"", ""0.75"", ""--pre-lr-explore"", ""false"", ""--pre-lr-mutation-multiplier"", ""3.0"", ""--pre-lr-immigrant-rate"", ""0.1"", ""--artifact-layout"", ""nested"", ""--write-aggregate-outputs"", ""false"", ""--lr-expected-edges"", ""60"", ""--lr-refit-expected-edges"", ""30"", ""--bb-gawll-update-interval"", ""10"", ""--bb-max-refine-trials"", ""10"", ""--repeat-id"", ""2"", ""--outer-fold-id"", ""1""]"
106,Isolet_asu,2,1,2,2,..\Results\results_fs_uniform_positive_medium_highdim\Isolet_asu\empirical_linkage_legacy_uniform_positive,"[""Isolet_asu"", ""2"", ""1"", ""--data-dir"", ""../Dataset/prepared_feature_selection"", ""--output-dir"", ""..\\Results\\results_fs_uniform_positive_medium_highdim\\Isolet_asu\\empirical_linkage_legacy_uniform_positive"", ""--outer-folds"", ""4"", ""--inner-folds"", ""4"", ""--repeats"", ""3"", ""--seed"", ""1"", ""--shuffle"", ""true"", ""--popsize"", ""100"", ""--p-cross"", ""0.4"", ""--tournament-size"", ""3"", ""--tau-reset"", ""50"", ""--resetpop-rate"", ""0.99"", ""--local-search"", ""false"", ""--stop"", ""gen"", ""--max-gen"", ""100"", ""--edge-epsilon"", ""1e-06"", ""--save-generation-trace"", ""true"", ""--save-linkage-events"", ""false"", ""--save-graph-snapshots"", ""false"", ""--graph-snapshot-interval"", ""1"", ""--graph-snapshot-min-weight"", ""0.0"", ""--lr-gap-gen"", ""1"", ""--lr-min-samples"", ""10"", ""--lr-sparse-alpha"", ""0.001"", ""--lr-auto-alpha"", ""true"", ""--lr-alpha-c"", ""0.2"", ""--lr-delta"", ""0.05"", ""--lr-auto-min-samples"", ""true"", ""--lr-min-samples-c"", ""2.0"", ""--lr-stability-subsamples"", ""0"", ""--lr-stability-fraction"", ""0.75"", ""--lr-edge-min-weight"", ""0.0"", ""--lr-encoding"", ""binary"", ""--lr-solver"", ""auto"", ""--lr-matrix-free-threshold"", ""700"", ""--lr-matrix-free-max-iter"", ""8"", ""--lr-matrix-free-tol"", ""0.0001"", ""--lr-matrix-free-step-scale"", ""0.5"", ""--lr-matrix-free-dtype"", ""float32"", ""--build-building-blocks"", ""true"", ""--bb-weight-mode"", ""positive"", ""--bb-search-mode"", ""uniform"", ""--bb-min-block-size"", ""2"", ""--bb-max-blocks"", ""20"", ""--bb-snapshot-interval"", ""1"", ""--bb-external-penalty"", ""0.25"", ""--bb-size-penalty"", ""0.01"", ""--bb-pattern-top-fraction"", ""0.2"", ""--bb-pattern-min-support"", ""2"", ""--bb-refine-fraction"", ""0.2"", ""--bb-accept-equal-sparser"", ""true"", ""--bb-shuffle-blocks"", ""true"", ""--bb-signed-repair-probability"", ""0.75"", ""--pre-lr-explore"", ""false"", ""--pre-lr-mutation-multiplier"", ""3.0"", ""--pre-lr-immigrant-rate"", ""0.1"", ""--artifact-layout"", ""nested"", ""--write-aggregate-outputs"", ""false"", ""--lr-expected-edges"", ""60"", ""--lr-refit-expected-edges"", ""30"", ""--bb-gawll-update-interval"", ""10"", ""--bb-max-refine-trials"", ""10"", ""--repeat-id"", ""2"", ""--outer-fold-id"", ""2""]"
107,Isolet_asu,2,1,2,3,..\Results\results_fs_uniform_positive_medium_highdim\Isolet_asu\empirical_linkage_legacy_uniform_positive,"[""Isolet_asu"", ""2"", ""1"", ""--data-dir"", ""../Dataset/prepared_feature_selection"", ""--output-dir"", ""..\\Results\\results_fs_uniform_positive_medium_highdim\\Isolet_asu\\empirical_linkage_legacy_uniform_positive"", ""--outer-folds"", ""4"", ""--inner-folds"", ""4"", ""--repeats"", ""3"", ""--seed"", ""1"", ""--shuffle"", ""true"", ""--popsize"", ""100"", ""--p-cross"", ""0.4"", ""--tournament-size"", ""3"", ""--tau-reset"", ""50"", ""--resetpop-rate"", ""0.99"", ""--local-search"", ""false"", ""--stop"", ""gen"", ""--max-gen"", ""100"", ""--edge-epsilon"", ""1e-06"", ""--save-generation-trace"", ""true"", ""--save-linkage-events"", ""false"", ""--save-graph-snapshots"", ""false"", ""--graph-snapshot-interval"", ""1"", ""--graph-snapshot-min-weight"", ""0.0"", ""--lr-gap-gen"", ""1"", ""--lr-min-samples"", ""10"", ""--lr-sparse-alpha"", ""0.001"", ""--lr-auto-alpha"", ""true"", ""--lr-alpha-c"", ""0.2"", ""--lr-delta"", ""0.05"", ""--lr-auto-min-samples"", ""true"", ""--lr-min-samples-c"", ""2.0"", ""--lr-stability-subsamples"", ""0"", ""--lr-stability-fraction"", ""0.75"", ""--lr-edge-min-weight"", ""0.0"", ""--lr-encoding"", ""binary"", ""--lr-solver"", ""auto"", ""--lr-matrix-free-threshold"", ""700"", ""--lr-matrix-free-max-iter"", ""8"", ""--lr-matrix-free-tol"", ""0.0001"", ""--lr-matrix-free-step-scale"", ""0.5"", ""--lr-matrix-free-dtype"", ""float32"", ""--build-building-blocks"", ""true"", ""--bb-weight-mode"", ""positive"", ""--bb-search-mode"", ""uniform"", ""--bb-min-block-size"", ""2"", ""--bb-max-blocks"", ""20"", ""--bb-snapshot-interval"", ""1"", ""--bb-external-penalty"", ""0.25"", ""--bb-size-penalty"", ""0.01"", ""--bb-pattern-top-fraction"", ""0.2"", ""--bb-pattern-min-support"", ""2"", ""--bb-refine-fraction"", ""0.2"", ""--bb-accept-equal-sparser"", ""true"", ""--bb-shuffle-blocks"", ""true"", ""--bb-signed-repair-probability"", ""0.75"", ""--pre-lr-explore"", ""false"", ""--pre-lr-mutation-multiplier"", ""3.0"", ""--pre-lr-immigrant-rate"", ""0.1"", ""--artifact-layout"", ""nested"", ""--write-aggregate-outputs"", ""false"", ""--lr-expected-edges"", ""60"", ""--lr-refit-expected-edges"", ""30"", ""--bb-gawll-update-interval"", ""10"", ""--bb-max-refine-trials"", ""10"", ""--repeat-id"", ""2"", ""--outer-fold-id"", ""3""]"
108,ORL_asu,2,1,0,0,..\Results\results_fs_uniform_positive_medium_highdim\ORL_asu\empirical_linkage_legacy_uniform_positive,"[""ORL_asu"", ""2"", ""1"", ""--data-dir"", ""../Dataset/prepared_feature_selection"", ""--output-dir"", ""..\\Results\\results_fs_uniform_positive_medium_highdim\\ORL_asu\\empirical_linkage_legacy_uniform_positive"", ""--outer-folds"", ""4"", ""--inner-folds"", ""4"", ""--repeats"", ""3"", ""--seed"", ""1"", ""--shuffle"", ""true"", ""--popsize"", ""100"", ""--p-cross"", ""0.4"", ""--tournament-size"", ""3"", ""--tau-reset"", ""50"", ""--resetpop-rate"", ""0.99"", ""--local-search"", ""false"", ""--stop"", ""gen"", ""--max-gen"", ""100"", ""--edge-epsilon"", ""1e-06"", ""--save-generation-trace"", ""true"", ""--save-linkage-events"", ""false"", ""--save-graph-snapshots"", ""false"", ""--graph-snapshot-interval"", ""1"", ""--graph-snapshot-min-weight"", ""0.0"", ""--lr-gap-gen"", ""1"", ""--lr-min-samples"", ""10"", ""--lr-sparse-alpha"", ""0.001"", ""--lr-auto-alpha"", ""true"", ""--lr-alpha-c"", ""0.2"", ""--lr-delta"", ""0.05"", ""--lr-auto-min-samples"", ""true"", ""--lr-min-samples-c"", ""2.0"", ""--lr-stability-subsamples"", ""0"", ""--lr-stability-fraction"", ""0.75"", ""--lr-edge-min-weight"", ""0.0"", ""--lr-encoding"", ""binary"", ""--lr-solver"", ""auto"", ""--lr-matrix-free-threshold"", ""700"", ""--lr-matrix-free-max-iter"", ""8"", ""--lr-matrix-free-tol"", ""0.0001"", ""--lr-matrix-free-step-scale"", ""0.5"", ""--lr-matrix-free-dtype"", ""float32"", ""--build-building-blocks"", ""true"", ""--bb-weight-mode"", ""positive"", ""--bb-search-mode"", ""uniform"", ""--bb-min-block-size"", ""2"", ""--bb-max-blocks"", ""20"", ""--bb-snapshot-interval"", ""1"", ""--bb-external-penalty"", ""0.25"", ""--bb-size-penalty"", ""0.01"", ""--bb-pattern-top-fraction"", ""0.2"", ""--bb-pattern-min-support"", ""2"", ""--bb-refine-fraction"", ""0.2"", ""--bb-accept-equal-sparser"", ""true"", ""--bb-shuffle-blocks"", ""true"", ""--bb-signed-repair-probability"", ""0.75"", ""--pre-lr-explore"", ""false"", ""--pre-lr-mutation-multiplier"", ""3.0"", ""--pre-lr-immigrant-rate"", ""0.1"", ""--artifact-layout"", ""nested"", ""--write-aggregate-outputs"", ""false"", ""--lr-expected-edges"", ""60"", ""--lr-refit-expected-edges"", ""30"", ""--bb-gawll-update-interval"", ""10"", ""--bb-max-refine-trials"", ""10"", ""--repeat-id"", ""0"", ""--outer-fold-id"", ""0""]"
109,ORL_asu,2,1,0,1,..\Results\results_fs_uniform_positive_medium_highdim\ORL_asu\empirical_linkage_legacy_uniform_positive,"[""ORL_asu"", ""2"", ""1"", ""--data-dir"", ""../Dataset/prepared_feature_selection"", ""--output-dir"", ""..\\Results\\results_fs_uniform_positive_medium_highdim\\ORL_asu\\empirical_linkage_legacy_uniform_positive"", ""--outer-folds"", ""4"", ""--inner-folds"", ""4"", ""--repeats"", ""3"", ""--seed"", ""1"", ""--shuffle"", ""true"", ""--popsize"", ""100"", ""--p-cross"", ""0.4"", ""--tournament-size"", ""3"", ""--tau-reset"", ""50"", ""--resetpop-rate"", ""0.99"", ""--local-search"", ""false"", ""--stop"", ""gen"", ""--max-gen"", ""100"", ""--edge-epsilon"", ""1e-06"", ""--save-generation-trace"", ""true"", ""--save-linkage-events"", ""false"", ""--save-graph-snapshots"", ""false"", ""--graph-snapshot-interval"", ""1"", ""--graph-snapshot-min-weight"", ""0.0"", ""--lr-gap-gen"", ""1"", ""--lr-min-samples"", ""10"", ""--lr-sparse-alpha"", ""0.001"", ""--lr-auto-alpha"", ""true"", ""--lr-alpha-c"", ""0.2"", ""--lr-delta"", ""0.05"", ""--lr-auto-min-samples"", ""true"", ""--lr-min-samples-c"", ""2.0"", ""--lr-stability-subsamples"", ""0"", ""--lr-stability-fraction"", ""0.75"", ""--lr-edge-min-weight"", ""0.0"", ""--lr-encoding"", ""binary"", ""--lr-solver"", ""auto"", ""--lr-matrix-free-threshold"", ""700"", ""--lr-matrix-free-max-iter"", ""8"", ""--lr-matrix-free-tol"", ""0.0001"", ""--lr-matrix-free-step-scale"", ""0.5"", ""--lr-matrix-free-dtype"", ""float32"", ""--build-building-blocks"", ""true"", ""--bb-weight-mode"", ""positive"", ""--bb-search-mode"", ""uniform"", ""--bb-min-block-size"", ""2"", ""--bb-max-blocks"", ""20"", ""--bb-snapshot-interval"", ""1"", ""--bb-external-penalty"", ""0.25"", ""--bb-size-penalty"", ""0.01"", ""--bb-pattern-top-fraction"", ""0.2"", ""--bb-pattern-min-support"", ""2"", ""--bb-refine-fraction"", ""0.2"", ""--bb-accept-equal-sparser"", ""true"", ""--bb-shuffle-blocks"", ""true"", ""--bb-signed-repair-probability"", ""0.75"", ""--pre-lr-explore"", ""false"", ""--pre-lr-mutation-multiplier"", ""3.0"", ""--pre-lr-immigrant-rate"", ""0.1"", ""--artifact-layout"", ""nested"", ""--write-aggregate-outputs"", ""false"", ""--lr-expected-edges"", ""60"", ""--lr-refit-expected-edges"", ""30"", ""--bb-gawll-update-interval"", ""10"", ""--bb-max-refine-trials"", ""10"", ""--repeat-id"", ""0"", ""--outer-fold-id"", ""1""]"
110,ORL_asu,2,1,0,2,..\Results\results_fs_uniform_positive_medium_highdim\ORL_asu\empirical_linkage_legacy_uniform_positive,"[""ORL_asu"", ""2"", ""1"", ""--data-dir"", ""../Dataset/prepared_feature_selection"", ""--output-dir"", ""..\\Results\\results_fs_uniform_positive_medium_highdim\\ORL_asu\\empirical_linkage_legacy_uniform_positive"", ""--outer-folds"", ""4"", ""--inner-folds"", ""4"", ""--repeats"", ""3"", ""--seed"", ""1"", ""--shuffle"", ""true"", ""--popsize"", ""100"", ""--p-cross"", ""0.4"", ""--tournament-size"", ""3"", ""--tau-reset"", ""50"", ""--resetpop-rate"", ""0.99"", ""--local-search"", ""false"", ""--stop"", ""gen"", ""--max-gen"", ""100"", ""--edge-epsilon"", ""1e-06"", ""--save-generation-trace"", ""true"", ""--save-linkage-events"", ""false"", ""--save-graph-snapshots"", ""false"", ""--graph-snapshot-interval"", ""1"", ""--graph-snapshot-min-weight"", ""0.0"", ""--lr-gap-gen"", ""1"", ""--lr-min-samples"", ""10"", ""--lr-sparse-alpha"", ""0.001"", ""--lr-auto-alpha"", ""true"", ""--lr-alpha-c"", ""0.2"", ""--lr-delta"", ""0.05"", ""--lr-auto-min-samples"", ""true"", ""--lr-min-samples-c"", ""2.0"", ""--lr-stability-subsamples"", ""0"", ""--lr-stability-fraction"", ""0.75"", ""--lr-edge-min-weight"", ""0.0"", ""--lr-encoding"", ""binary"", ""--lr-solver"", ""auto"", ""--lr-matrix-free-threshold"", ""700"", ""--lr-matrix-free-max-iter"", ""8"", ""--lr-matrix-free-tol"", ""0.0001"", ""--lr-matrix-free-step-scale"", ""0.5"", ""--lr-matrix-free-dtype"", ""float32"", ""--build-building-blocks"", ""true"", ""--bb-weight-mode"", ""positive"", ""--bb-search-mode"", ""uniform"", ""--bb-min-block-size"", ""2"", ""--bb-max-blocks"", ""20"", ""--bb-snapshot-interval"", ""1"", ""--bb-external-penalty"", ""0.25"", ""--bb-size-penalty"", ""0.01"", ""--bb-pattern-top-fraction"", ""0.2"", ""--bb-pattern-min-support"", ""2"", ""--bb-refine-fraction"", ""0.2"", ""--bb-accept-equal-sparser"", ""true"", ""--bb-shuffle-blocks"", ""true"", ""--bb-signed-repair-probability"", ""0.75"", ""--pre-lr-explore"", ""false"", ""--pre-lr-mutation-multiplier"", ""3.0"", ""--pre-lr-immigrant-rate"", ""0.1"", ""--artifact-layout"", ""nested"", ""--write-aggregate-outputs"", ""false"", ""--lr-expected-edges"", ""60"", ""--lr-refit-expected-edges"", ""30"", ""--bb-gawll-update-interval"", ""10"", ""--bb-max-refine-trials"", ""10"", ""--repeat-id"", ""0"", ""--outer-fold-id"", ""2""]"
111,ORL_asu,2,1,0,3,..\Results\results_fs_uniform_positive_medium_highdim\ORL_asu\empirical_linkage_legacy_uniform_positive,"[""ORL_asu"", ""2"", ""1"", ""--data-dir"", ""../Dataset/prepared_feature_selection"", ""--output-dir"", ""..\\Results\\results_fs_uniform_positive_medium_highdim\\ORL_asu\\empirical_linkage_legacy_uniform_positive"", ""--outer-folds"", ""4"", ""--inner-folds"", ""4"", ""--repeats"", ""3"", ""--seed"", ""1"", ""--shuffle"", ""true"", ""--popsize"", ""100"", ""--p-cross"", ""0.4"", ""--tournament-size"", ""3"", ""--tau-reset"", ""50"", ""--resetpop-rate"", ""0.99"", ""--local-search"", ""false"", ""--stop"", ""gen"", ""--max-gen"", ""100"", ""--edge-epsilon"", ""1e-06"", ""--save-generation-trace"", ""true"", ""--save-linkage-events"", ""false"", ""--save-graph-snapshots"", ""false"", ""--graph-snapshot-interval"", ""1"", ""--graph-snapshot-min-weight"", ""0.0"", ""--lr-gap-gen"", ""1"", ""--lr-min-samples"", ""10"", ""--lr-sparse-alpha"", ""0.001"", ""--lr-auto-alpha"", ""true"", ""--lr-alpha-c"", ""0.2"", ""--lr-delta"", ""0.05"", ""--lr-auto-min-samples"", ""true"", ""--lr-min-samples-c"", ""2.0"", ""--lr-stability-subsamples"", ""0"", ""--lr-stability-fraction"", ""0.75"", ""--lr-edge-min-weight"", ""0.0"", ""--lr-encoding"", ""binary"", ""--lr-solver"", ""auto"", ""--lr-matrix-free-threshold"", ""700"", ""--lr-matrix-free-max-iter"", ""8"", ""--lr-matrix-free-tol"", ""0.0001"", ""--lr-matrix-free-step-scale"", ""0.5"", ""--lr-matrix-free-dtype"", ""float32"", ""--build-building-blocks"", ""true"", ""--bb-weight-mode"", ""positive"", ""--bb-search-mode"", ""uniform"", ""--bb-min-block-size"", ""2"", ""--bb-max-blocks"", ""20"", ""--bb-snapshot-interval"", ""1"", ""--bb-external-penalty"", ""0.25"", ""--bb-size-penalty"", ""0.01"", ""--bb-pattern-top-fraction"", ""0.2"", ""--bb-pattern-min-support"", ""2"", ""--bb-refine-fraction"", ""0.2"", ""--bb-accept-equal-sparser"", ""true"", ""--bb-shuffle-blocks"", ""true"", ""--bb-signed-repair-probability"", ""0.75"", ""--pre-lr-explore"", ""false"", ""--pre-lr-mutation-multiplier"", ""3.0"", ""--pre-lr-immigrant-rate"", ""0.1"", ""--artifact-layout"", ""nested"", ""--write-aggregate-outputs"", ""false"", ""--lr-expected-edges"", ""60"", ""--lr-refit-expected-edges"", ""30"", ""--bb-gawll-update-interval"", ""10"", ""--bb-max-refine-trials"", ""10"", ""--repeat-id"", ""0"", ""--outer-fold-id"", ""3""]"
112,ORL_asu,2,1,1,0,..\Results\results_fs_uniform_positive_medium_highdim\ORL_asu\empirical_linkage_legacy_uniform_positive,"[""ORL_asu"", ""2"", ""1"", ""--data-dir"", ""../Dataset/prepared_feature_selection"", ""--output-dir"", ""..\\Results\\results_fs_uniform_positive_medium_highdim\\ORL_asu\\empirical_linkage_legacy_uniform_positive"", ""--outer-folds"", ""4"", ""--inner-folds"", ""4"", ""--repeats"", ""3"", ""--seed"", ""1"", ""--shuffle"", ""true"", ""--popsize"", ""100"", ""--p-cross"", ""0.4"", ""--tournament-size"", ""3"", ""--tau-reset"", ""50"", ""--resetpop-rate"", ""0.99"", ""--local-search"", ""false"", ""--stop"", ""gen"", ""--max-gen"", ""100"", ""--edge-epsilon"", ""1e-06"", ""--save-generation-trace"", ""true"", ""--save-linkage-events"", ""false"", ""--save-graph-snapshots"", ""false"", ""--graph-snapshot-interval"", ""1"", ""--graph-snapshot-min-weight"", ""0.0"", ""--lr-gap-gen"", ""1"", ""--lr-min-samples"", ""10"", ""--lr-sparse-alpha"", ""0.001"", ""--lr-auto-alpha"", ""true"", ""--lr-alpha-c"", ""0.2"", ""--lr-delta"", ""0.05"", ""--lr-auto-min-samples"", ""true"", ""--lr-min-samples-c"", ""2.0"", ""--lr-stability-subsamples"", ""0"", ""--lr-stability-fraction"", ""0.75"", ""--lr-edge-min-weight"", ""0.0"", ""--lr-encoding"", ""binary"", ""--lr-solver"", ""auto"", ""--lr-matrix-free-threshold"", ""700"", ""--lr-matrix-free-max-iter"", ""8"", ""--lr-matrix-free-tol"", ""0.0001"", ""--lr-matrix-free-step-scale"", ""0.5"", ""--lr-matrix-free-dtype"", ""float32"", ""--build-building-blocks"", ""true"", ""--bb-weight-mode"", ""positive"", ""--bb-search-mode"", ""uniform"", ""--bb-min-block-size"", ""2"", ""--bb-max-blocks"", ""20"", ""--bb-snapshot-interval"", ""1"", ""--bb-external-penalty"", ""0.25"", ""--bb-size-penalty"", ""0.01"", ""--bb-pattern-top-fraction"", ""0.2"", ""--bb-pattern-min-support"", ""2"", ""--bb-refine-fraction"", ""0.2"", ""--bb-accept-equal-sparser"", ""true"", ""--bb-shuffle-blocks"", ""true"", ""--bb-signed-repair-probability"", ""0.75"", ""--pre-lr-explore"", ""false"", ""--pre-lr-mutation-multiplier"", ""3.0"", ""--pre-lr-immigrant-rate"", ""0.1"", ""--artifact-layout"", ""nested"", ""--write-aggregate-outputs"", ""false"", ""--lr-expected-edges"", ""60"", ""--lr-refit-expected-edges"", ""30"", ""--bb-gawll-update-interval"", ""10"", ""--bb-max-refine-trials"", ""10"", ""--repeat-id"", ""1"", ""--outer-fold-id"", ""0""]"
113,ORL_asu,2,1,1,1,..\Results\results_fs_uniform_positive_medium_highdim\ORL_asu\empirical_linkage_legacy_uniform_positive,"[""ORL_asu"", ""2"", ""1"", ""--data-dir"", ""../Dataset/prepared_feature_selection"", ""--output-dir"", ""..\\Results\\results_fs_uniform_positive_medium_highdim\\ORL_asu\\empirical_linkage_legacy_uniform_positive"", ""--outer-folds"", ""4"", ""--inner-folds"", ""4"", ""--repeats"", ""3"", ""--seed"", ""1"", ""--shuffle"", ""true"", ""--popsize"", ""100"", ""--p-cross"", ""0.4"", ""--tournament-size"", ""3"", ""--tau-reset"", ""50"", ""--resetpop-rate"", ""0.99"", ""--local-search"", ""false"", ""--stop"", ""gen"", ""--max-gen"", ""100"", ""--edge-epsilon"", ""1e-06"", ""--save-generation-trace"", ""true"", ""--save-linkage-events"", ""false"", ""--save-graph-snapshots"", ""false"", ""--graph-snapshot-interval"", ""1"", ""--graph-snapshot-min-weight"", ""0.0"", ""--lr-gap-gen"", ""1"", ""--lr-min-samples"", ""10"", ""--lr-sparse-alpha"", ""0.001"", ""--lr-auto-alpha"", ""true"", ""--lr-alpha-c"", ""0.2"", ""--lr-delta"", ""0.05"", ""--lr-auto-min-samples"", ""true"", ""--lr-min-samples-c"", ""2.0"", ""--lr-stability-subsamples"", ""0"", ""--lr-stability-fraction"", ""0.75"", ""--lr-edge-min-weight"", ""0.0"", ""--lr-encoding"", ""binary"", ""--lr-solver"", ""auto"", ""--lr-matrix-free-threshold"", ""700"", ""--lr-matrix-free-max-iter"", ""8"", ""--lr-matrix-free-tol"", ""0.0001"", ""--lr-matrix-free-step-scale"", ""0.5"", ""--lr-matrix-free-dtype"", ""float32"", ""--build-building-blocks"", ""true"", ""--bb-weight-mode"", ""positive"", ""--bb-search-mode"", ""uniform"", ""--bb-min-block-size"", ""2"", ""--bb-max-blocks"", ""20"", ""--bb-snapshot-interval"", ""1"", ""--bb-external-penalty"", ""0.25"", ""--bb-size-penalty"", ""0.01"", ""--bb-pattern-top-fraction"", ""0.2"", ""--bb-pattern-min-support"", ""2"", ""--bb-refine-fraction"", ""0.2"", ""--bb-accept-equal-sparser"", ""true"", ""--bb-shuffle-blocks"", ""true"", ""--bb-signed-repair-probability"", ""0.75"", ""--pre-lr-explore"", ""false"", ""--pre-lr-mutation-multiplier"", ""3.0"", ""--pre-lr-immigrant-rate"", ""0.1"", ""--artifact-layout"", ""nested"", ""--write-aggregate-outputs"", ""false"", ""--lr-expected-edges"", ""60"", ""--lr-refit-expected-edges"", ""30"", ""--bb-gawll-update-interval"", ""10"", ""--bb-max-refine-trials"", ""10"", ""--repeat-id"", ""1"", ""--outer-fold-id"", ""1""]"
114,ORL_asu,2,1,1,2,..\Results\results_fs_uniform_positive_medium_highdim\ORL_asu\empirical_linkage_legacy_uniform_positive,"[""ORL_asu"", ""2"", ""1"", ""--data-dir"", ""../Dataset/prepared_feature_selection"", ""--output-dir"", ""..\\Results\\results_fs_uniform_positive_medium_highdim\\ORL_asu\\empirical_linkage_legacy_uniform_positive"", ""--outer-folds"", ""4"", ""--inner-folds"", ""4"", ""--repeats"", ""3"", ""--seed"", ""1"", ""--shuffle"", ""true"", ""--popsize"", ""100"", ""--p-cross"", ""0.4"", ""--tournament-size"", ""3"", ""--tau-reset"", ""50"", ""--resetpop-rate"", ""0.99"", ""--local-search"", ""false"", ""--stop"", ""gen"", ""--max-gen"", ""100"", ""--edge-epsilon"", ""1e-06"", ""--save-generation-trace"", ""true"", ""--save-linkage-events"", ""false"", ""--save-graph-snapshots"", ""false"", ""--graph-snapshot-interval"", ""1"", ""--graph-snapshot-min-weight"", ""0.0"", ""--lr-gap-gen"", ""1"", ""--lr-min-samples"", ""10"", ""--lr-sparse-alpha"", ""0.001"", ""--lr-auto-alpha"", ""true"", ""--lr-alpha-c"", ""0.2"", ""--lr-delta"", ""0.05"", ""--lr-auto-min-samples"", ""true"", ""--lr-min-samples-c"", ""2.0"", ""--lr-stability-subsamples"", ""0"", ""--lr-stability-fraction"", ""0.75"", ""--lr-edge-min-weight"", ""0.0"", ""--lr-encoding"", ""binary"", ""--lr-solver"", ""auto"", ""--lr-matrix-free-threshold"", ""700"", ""--lr-matrix-free-max-iter"", ""8"", ""--lr-matrix-free-tol"", ""0.0001"", ""--lr-matrix-free-step-scale"", ""0.5"", ""--lr-matrix-free-dtype"", ""float32"", ""--build-building-blocks"", ""true"", ""--bb-weight-mode"", ""positive"", ""--bb-search-mode"", ""uniform"", ""--bb-min-block-size"", ""2"", ""--bb-max-blocks"", ""20"", ""--bb-snapshot-interval"", ""1"", ""--bb-external-penalty"", ""0.25"", ""--bb-size-penalty"", ""0.01"", ""--bb-pattern-top-fraction"", ""0.2"", ""--bb-pattern-min-support"", ""2"", ""--bb-refine-fraction"", ""0.2"", ""--bb-accept-equal-sparser"", ""true"", ""--bb-shuffle-blocks"", ""true"", ""--bb-signed-repair-probability"", ""0.75"", ""--pre-lr-explore"", ""false"", ""--pre-lr-mutation-multiplier"", ""3.0"", ""--pre-lr-immigrant-rate"", ""0.1"", ""--artifact-layout"", ""nested"", ""--write-aggregate-outputs"", ""false"", ""--lr-expected-edges"", ""60"", ""--lr-refit-expected-edges"", ""30"", ""--bb-gawll-update-interval"", ""10"", ""--bb-max-refine-trials"", ""10"", ""--repeat-id"", ""1"", ""--outer-fold-id"", ""2""]"
115,ORL_asu,2,1,1,3,..\Results\results_fs_uniform_positive_medium_highdim\ORL_asu\empirical_linkage_legacy_uniform_positive,"[""ORL_asu"", ""2"", ""1"", ""--data-dir"", ""../Dataset/prepared_feature_selection"", ""--output-dir"", ""..\\Results\\results_fs_uniform_positive_medium_highdim\\ORL_asu\\empirical_linkage_legacy_uniform_positive"", ""--outer-folds"", ""4"", ""--inner-folds"", ""4"", ""--repeats"", ""3"", ""--seed"", ""1"", ""--shuffle"", ""true"", ""--popsize"", ""100"", ""--p-cross"", ""0.4"", ""--tournament-size"", ""3"", ""--tau-reset"", ""50"", ""--resetpop-rate"", ""0.99"", ""--local-search"", ""false"", ""--stop"", ""gen"", ""--max-gen"", ""100"", ""--edge-epsilon"", ""1e-06"", ""--save-generation-trace"", ""true"", ""--save-linkage-events"", ""false"", ""--save-graph-snapshots"", ""false"", ""--graph-snapshot-interval"", ""1"", ""--graph-snapshot-min-weight"", ""0.0"", ""--lr-gap-gen"", ""1"", ""--lr-min-samples"", ""10"", ""--lr-sparse-alpha"", ""0.001"", ""--lr-auto-alpha"", ""true"", ""--lr-alpha-c"", ""0.2"", ""--lr-delta"", ""0.05"", ""--lr-auto-min-samples"", ""true"", ""--lr-min-samples-c"", ""2.0"", ""--lr-stability-subsamples"", ""0"", ""--lr-stability-fraction"", ""0.75"", ""--lr-edge-min-weight"", ""0.0"", ""--lr-encoding"", ""binary"", ""--lr-solver"", ""auto"", ""--lr-matrix-free-threshold"", ""700"", ""--lr-matrix-free-max-iter"", ""8"", ""--lr-matrix-free-tol"", ""0.0001"", ""--lr-matrix-free-step-scale"", ""0.5"", ""--lr-matrix-free-dtype"", ""float32"", ""--build-building-blocks"", ""true"", ""--bb-weight-mode"", ""positive"", ""--bb-search-mode"", ""uniform"", ""--bb-min-block-size"", ""2"", ""--bb-max-blocks"", ""20"", ""--bb-snapshot-interval"", ""1"", ""--bb-external-penalty"", ""0.25"", ""--bb-size-penalty"", ""0.01"", ""--bb-pattern-top-fraction"", ""0.2"", ""--bb-pattern-min-support"", ""2"", ""--bb-refine-fraction"", ""0.2"", ""--bb-accept-equal-sparser"", ""true"", ""--bb-shuffle-blocks"", ""true"", ""--bb-signed-repair-probability"", ""0.75"", ""--pre-lr-explore"", ""false"", ""--pre-lr-mutation-multiplier"", ""3.0"", ""--pre-lr-immigrant-rate"", ""0.1"", ""--artifact-layout"", ""nested"", ""--write-aggregate-outputs"", ""false"", ""--lr-expected-edges"", ""60"", ""--lr-refit-expected-edges"", ""30"", ""--bb-gawll-update-interval"", ""10"", ""--bb-max-refine-trials"", ""10"", ""--repeat-id"", ""1"", ""--outer-fold-id"", ""3""]"
116,ORL_asu,2,1,2,0,..\Results\results_fs_uniform_positive_medium_highdim\ORL_asu\empirical_linkage_legacy_uniform_positive,"[""ORL_asu"", ""2"", ""1"", ""--data-dir"", ""../Dataset/prepared_feature_selection"", ""--output-dir"", ""..\\Results\\results_fs_uniform_positive_medium_highdim\\ORL_asu\\empirical_linkage_legacy_uniform_positive"", ""--outer-folds"", ""4"", ""--inner-folds"", ""4"", ""--repeats"", ""3"", ""--seed"", ""1"", ""--shuffle"", ""true"", ""--popsize"", ""100"", ""--p-cross"", ""0.4"", ""--tournament-size"", ""3"", ""--tau-reset"", ""50"", ""--resetpop-rate"", ""0.99"", ""--local-search"", ""false"", ""--stop"", ""gen"", ""--max-gen"", ""100"", ""--edge-epsilon"", ""1e-06"", ""--save-generation-trace"", ""true"", ""--save-linkage-events"", ""false"", ""--save-graph-snapshots"", ""false"", ""--graph-snapshot-interval"", ""1"", ""--graph-snapshot-min-weight"", ""0.0"", ""--lr-gap-gen"", ""1"", ""--lr-min-samples"", ""10"", ""--lr-sparse-alpha"", ""0.001"", ""--lr-auto-alpha"", ""true"", ""--lr-alpha-c"", ""0.2"", ""--lr-delta"", ""0.05"", ""--lr-auto-min-samples"", ""true"", ""--lr-min-samples-c"", ""2.0"", ""--lr-stability-subsamples"", ""0"", ""--lr-stability-fraction"", ""0.75"", ""--lr-edge-min-weight"", ""0.0"", ""--lr-encoding"", ""binary"", ""--lr-solver"", ""auto"", ""--lr-matrix-free-threshold"", ""700"", ""--lr-matrix-free-max-iter"", ""8"", ""--lr-matrix-free-tol"", ""0.0001"", ""--lr-matrix-free-step-scale"", ""0.5"", ""--lr-matrix-free-dtype"", ""float32"", ""--build-building-blocks"", ""true"", ""--bb-weight-mode"", ""positive"", ""--bb-search-mode"", ""uniform"", ""--bb-min-block-size"", ""2"", ""--bb-max-blocks"", ""20"", ""--bb-snapshot-interval"", ""1"", ""--bb-external-penalty"", ""0.25"", ""--bb-size-penalty"", ""0.01"", ""--bb-pattern-top-fraction"", ""0.2"", ""--bb-pattern-min-support"", ""2"", ""--bb-refine-fraction"", ""0.2"", ""--bb-accept-equal-sparser"", ""true"", ""--bb-shuffle-blocks"", ""true"", ""--bb-signed-repair-probability"", ""0.75"", ""--pre-lr-explore"", ""false"", ""--pre-lr-mutation-multiplier"", ""3.0"", ""--pre-lr-immigrant-rate"", ""0.1"", ""--artifact-layout"", ""nested"", ""--write-aggregate-outputs"", ""false"", ""--lr-expected-edges"", ""60"", ""--lr-refit-expected-edges"", ""30"", ""--bb-gawll-update-interval"", ""10"", ""--bb-max-refine-trials"", ""10"", ""--repeat-id"", ""2"", ""--outer-fold-id"", ""0""]"
117,ORL_asu,2,1,2,1,..\Results\results_fs_uniform_positive_medium_highdim\ORL_asu\empirical_linkage_legacy_uniform_positive,"[""ORL_asu"", ""2"", ""1"", ""--data-dir"", ""../Dataset/prepared_feature_selection"", ""--output-dir"", ""..\\Results\\results_fs_uniform_positive_medium_highdim\\ORL_asu\\empirical_linkage_legacy_uniform_positive"", ""--outer-folds"", ""4"", ""--inner-folds"", ""4"", ""--repeats"", ""3"", ""--seed"", ""1"", ""--shuffle"", ""true"", ""--popsize"", ""100"", ""--p-cross"", ""0.4"", ""--tournament-size"", ""3"", ""--tau-reset"", ""50"", ""--resetpop-rate"", ""0.99"", ""--local-search"", ""false"", ""--stop"", ""gen"", ""--max-gen"", ""100"", ""--edge-epsilon"", ""1e-06"", ""--save-generation-trace"", ""true"", ""--save-linkage-events"", ""false"", ""--save-graph-snapshots"", ""false"", ""--graph-snapshot-interval"", ""1"", ""--graph-snapshot-min-weight"", ""0.0"", ""--lr-gap-gen"", ""1"", ""--lr-min-samples"", ""10"", ""--lr-sparse-alpha"", ""0.001"", ""--lr-auto-alpha"", ""true"", ""--lr-alpha-c"", ""0.2"", ""--lr-delta"", ""0.05"", ""--lr-auto-min-samples"", ""true"", ""--lr-min-samples-c"", ""2.0"", ""--lr-stability-subsamples"", ""0"", ""--lr-stability-fraction"", ""0.75"", ""--lr-edge-min-weight"", ""0.0"", ""--lr-encoding"", ""binary"", ""--lr-solver"", ""auto"", ""--lr-matrix-free-threshold"", ""700"", ""--lr-matrix-free-max-iter"", ""8"", ""--lr-matrix-free-tol"", ""0.0001"", ""--lr-matrix-free-step-scale"", ""0.5"", ""--lr-matrix-free-dtype"", ""float32"", ""--build-building-blocks"", ""true"", ""--bb-weight-mode"", ""positive"", ""--bb-search-mode"", ""uniform"", ""--bb-min-block-size"", ""2"", ""--bb-max-blocks"", ""20"", ""--bb-snapshot-interval"", ""1"", ""--bb-external-penalty"", ""0.25"", ""--bb-size-penalty"", ""0.01"", ""--bb-pattern-top-fraction"", ""0.2"", ""--bb-pattern-min-support"", ""2"", ""--bb-refine-fraction"", ""0.2"", ""--bb-accept-equal-sparser"", ""true"", ""--bb-shuffle-blocks"", ""true"", ""--bb-signed-repair-probability"", ""0.75"", ""--pre-lr-explore"", ""false"", ""--pre-lr-mutation-multiplier"", ""3.0"", ""--pre-lr-immigrant-rate"", ""0.1"", ""--artifact-layout"", ""nested"", ""--write-aggregate-outputs"", ""false"", ""--lr-expected-edges"", ""60"", ""--lr-refit-expected-edges"", ""30"", ""--bb-gawll-update-interval"", ""10"", ""--bb-max-refine-trials"", ""10"", ""--repeat-id"", ""2"", ""--outer-fold-id"", ""1""]"
118,ORL_asu,2,1,2,2,..\Results\results_fs_uniform_positive_medium_highdim\ORL_asu\empirical_linkage_legacy_uniform_positive,"[""ORL_asu"", ""2"", ""1"", ""--data-dir"", ""../Dataset/prepared_feature_selection"", ""--output-dir"", ""..\\Results\\results_fs_uniform_positive_medium_highdim\\ORL_asu\\empirical_linkage_legacy_uniform_positive"", ""--outer-folds"", ""4"", ""--inner-folds"", ""4"", ""--repeats"", ""3"", ""--seed"", ""1"", ""--shuffle"", ""true"", ""--popsize"", ""100"", ""--p-cross"", ""0.4"", ""--tournament-size"", ""3"", ""--tau-reset"", ""50"", ""--resetpop-rate"", ""0.99"", ""--local-search"", ""false"", ""--stop"", ""gen"", ""--max-gen"", ""100"", ""--edge-epsilon"", ""1e-06"", ""--save-generation-trace"", ""true"", ""--save-linkage-events"", ""false"", ""--save-graph-snapshots"", ""false"", ""--graph-snapshot-interval"", ""1"", ""--graph-snapshot-min-weight"", ""0.0"", ""--lr-gap-gen"", ""1"", ""--lr-min-samples"", ""10"", ""--lr-sparse-alpha"", ""0.001"", ""--lr-auto-alpha"", ""true"", ""--lr-alpha-c"", ""0.2"", ""--lr-delta"", ""0.05"", ""--lr-auto-min-samples"", ""true"", ""--lr-min-samples-c"", ""2.0"", ""--lr-stability-subsamples"", ""0"", ""--lr-stability-fraction"", ""0.75"", ""--lr-edge-min-weight"", ""0.0"", ""--lr-encoding"", ""binary"", ""--lr-solver"", ""auto"", ""--lr-matrix-free-threshold"", ""700"", ""--lr-matrix-free-max-iter"", ""8"", ""--lr-matrix-free-tol"", ""0.0001"", ""--lr-matrix-free-step-scale"", ""0.5"", ""--lr-matrix-free-dtype"", ""float32"", ""--build-building-blocks"", ""true"", ""--bb-weight-mode"", ""positive"", ""--bb-search-mode"", ""uniform"", ""--bb-min-block-size"", ""2"", ""--bb-max-blocks"", ""20"", ""--bb-snapshot-interval"", ""1"", ""--bb-external-penalty"", ""0.25"", ""--bb-size-penalty"", ""0.01"", ""--bb-pattern-top-fraction"", ""0.2"", ""--bb-pattern-min-support"", ""2"", ""--bb-refine-fraction"", ""0.2"", ""--bb-accept-equal-sparser"", ""true"", ""--bb-shuffle-blocks"", ""true"", ""--bb-signed-repair-probability"", ""0.75"", ""--pre-lr-explore"", ""false"", ""--pre-lr-mutation-multiplier"", ""3.0"", ""--pre-lr-immigrant-rate"", ""0.1"", ""--artifact-layout"", ""nested"", ""--write-aggregate-outputs"", ""false"", ""--lr-expected-edges"", ""60"", ""--lr-refit-expected-edges"", ""30"", ""--bb-gawll-update-interval"", ""10"", ""--bb-max-refine-trials"", ""10"", ""--repeat-id"", ""2"", ""--outer-fold-id"", ""2""]"
119,ORL_asu,2,1,2,3,..\Results\results_fs_uniform_positive_medium_highdim\ORL_asu\empirical_linkage_legacy_uniform_positive,"[""ORL_asu"", ""2"", ""1"", ""--data-dir"", ""../Dataset/prepared_feature_selection"", ""--output-dir"", ""..\\Results\\results_fs_uniform_positive_medium_highdim\\ORL_asu\\empirical_linkage_legacy_uniform_positive"", ""--outer-folds"", ""4"", ""--inner-folds"", ""4"", ""--repeats"", ""3"", ""--seed"", ""1"", ""--shuffle"", ""true"", ""--popsize"", ""100"", ""--p-cross"", ""0.4"", ""--tournament-size"", ""3"", ""--tau-reset"", ""50"", ""--resetpop-rate"", ""0.99"", ""--local-search"", ""false"", ""--stop"", ""gen"", ""--max-gen"", ""100"", ""--edge-epsilon"", ""1e-06"", ""--save-generation-trace"", ""true"", ""--save-linkage-events"", ""false"", ""--save-graph-snapshots"", ""false"", ""--graph-snapshot-interval"", ""1"", ""--graph-snapshot-min-weight"", ""0.0"", ""--lr-gap-gen"", ""1"", ""--lr-min-samples"", ""10"", ""--lr-sparse-alpha"", ""0.001"", ""--lr-auto-alpha"", ""true"", ""--lr-alpha-c"", ""0.2"", ""--lr-delta"", ""0.05"", ""--lr-auto-min-samples"", ""true"", ""--lr-min-samples-c"", ""2.0"", ""--lr-stability-subsamples"", ""0"", ""--lr-stability-fraction"", ""0.75"", ""--lr-edge-min-weight"", ""0.0"", ""--lr-encoding"", ""binary"", ""--lr-solver"", ""auto"", ""--lr-matrix-free-threshold"", ""700"", ""--lr-matrix-free-max-iter"", ""8"", ""--lr-matrix-free-tol"", ""0.0001"", ""--lr-matrix-free-step-scale"", ""0.5"", ""--lr-matrix-free-dtype"", ""float32"", ""--build-building-blocks"", ""true"", ""--bb-weight-mode"", ""positive"", ""--bb-search-mode"", ""uniform"", ""--bb-min-block-size"", ""2"", ""--bb-max-blocks"", ""20"", ""--bb-snapshot-interval"", ""1"", ""--bb-external-penalty"", ""0.25"", ""--bb-size-penalty"", ""0.01"", ""--bb-pattern-top-fraction"", ""0.2"", ""--bb-pattern-min-support"", ""2"", ""--bb-refine-fraction"", ""0.2"", ""--bb-accept-equal-sparser"", ""true"", ""--bb-shuffle-blocks"", ""true"", ""--bb-signed-repair-probability"", ""0.75"", ""--pre-lr-explore"", ""false"", ""--pre-lr-mutation-multiplier"", ""3.0"", ""--pre-lr-immigrant-rate"", ""0.1"", ""--artifact-layout"", ""nested"", ""--write-aggregate-outputs"", ""false"", ""--lr-expected-edges"", ""60"", ""--lr-refit-expected-edges"", ""30"", ""--bb-gawll-update-interval"", ""10"", ""--bb-max-refine-trials"", ""10"", ""--repeat-id"", ""2"", ""--outer-fold-id"", ""3""]"
120,hiva_agnostic_task363677,2,1,0,0,..\Results\results_fs_uniform_positive_medium_highdim\hiva_agnostic_task363677\empirical_linkage_legacy_uniform_positive,"[""hiva_agnostic_task363677"", ""2"", ""1"", ""--data-dir"", ""../Dataset/prepared_feature_selection"", ""--output-dir"", ""..\\Results\\results_fs_uniform_positive_medium_highdim\\hiva_agnostic_task363677\\empirical_linkage_legacy_uniform_positive"", ""--outer-folds"", ""4"", ""--inner-folds"", ""4"", ""--repeats"", ""3"", ""--seed"", ""1"", ""--shuffle"", ""true"", ""--popsize"", ""100"", ""--p-cross"", ""0.4"", ""--tournament-size"", ""3"", ""--tau-reset"", ""50"", ""--resetpop-rate"", ""0.99"", ""--local-search"", ""false"", ""--stop"", ""gen"", ""--max-gen"", ""100"", ""--edge-epsilon"", ""1e-06"", ""--save-generation-trace"", ""true"", ""--save-linkage-events"", ""false"", ""--save-graph-snapshots"", ""false"", ""--graph-snapshot-interval"", ""1"", ""--graph-snapshot-min-weight"", ""0.0"", ""--lr-gap-gen"", ""1"", ""--lr-min-samples"", ""10"", ""--lr-sparse-alpha"", ""0.001"", ""--lr-auto-alpha"", ""true"", ""--lr-alpha-c"", ""0.2"", ""--lr-delta"", ""0.05"", ""--lr-auto-min-samples"", ""true"", ""--lr-min-samples-c"", ""2.0"", ""--lr-stability-subsamples"", ""0"", ""--lr-stability-fraction"", ""0.75"", ""--lr-edge-min-weight"", ""0.0"", ""--lr-encoding"", ""binary"", ""--lr-solver"", ""auto"", ""--lr-matrix-free-threshold"", ""700"", ""--lr-matrix-free-max-iter"", ""8"", ""--lr-matrix-free-tol"", ""0.0001"", ""--lr-matrix-free-step-scale"", ""0.5"", ""--lr-matrix-free-dtype"", ""float32"", ""--build-building-blocks"", ""true"", ""--bb-weight-mode"", ""positive"", ""--bb-search-mode"", ""uniform"", ""--bb-min-block-size"", ""2"", ""--bb-max-blocks"", ""20"", ""--bb-snapshot-interval"", ""1"", ""--bb-external-penalty"", ""0.25"", ""--bb-size-penalty"", ""0.01"", ""--bb-pattern-top-fraction"", ""0.2"", ""--bb-pattern-min-support"", ""2"", ""--bb-refine-fraction"", ""0.2"", ""--bb-accept-equal-sparser"", ""true"", ""--bb-shuffle-blocks"", ""true"", ""--bb-signed-repair-probability"", ""0.75"", ""--pre-lr-explore"", ""false"", ""--pre-lr-mutation-multiplier"", ""3.0"", ""--pre-lr-immigrant-rate"", ""0.1"", ""--artifact-layout"", ""nested"", ""--write-aggregate-outputs"", ""false"", ""--lr-expected-edges"", ""60"", ""--lr-refit-expected-edges"", ""30"", ""--bb-gawll-update-interval"", ""10"", ""--bb-max-refine-trials"", ""10"", ""--repeat-id"", ""0"", ""--outer-fold-id"", ""0""]"
121,hiva_agnostic_task363677,2,1,0,1,..\Results\results_fs_uniform_positive_medium_highdim\hiva_agnostic_task363677\empirical_linkage_legacy_uniform_positive,"[""hiva_agnostic_task363677"", ""2"", ""1"", ""--data-dir"", ""../Dataset/prepared_feature_selection"", ""--output-dir"", ""..\\Results\\results_fs_uniform_positive_medium_highdim\\hiva_agnostic_task363677\\empirical_linkage_legacy_uniform_positive"", ""--outer-folds"", ""4"", ""--inner-folds"", ""4"", ""--repeats"", ""3"", ""--seed"", ""1"", ""--shuffle"", ""true"", ""--popsize"", ""100"", ""--p-cross"", ""0.4"", ""--tournament-size"", ""3"", ""--tau-reset"", ""50"", ""--resetpop-rate"", ""0.99"", ""--local-search"", ""false"", ""--stop"", ""gen"", ""--max-gen"", ""100"", ""--edge-epsilon"", ""1e-06"", ""--save-generation-trace"", ""true"", ""--save-linkage-events"", ""false"", ""--save-graph-snapshots"", ""false"", ""--graph-snapshot-interval"", ""1"", ""--graph-snapshot-min-weight"", ""0.0"", ""--lr-gap-gen"", ""1"", ""--lr-min-samples"", ""10"", ""--lr-sparse-alpha"", ""0.001"", ""--lr-auto-alpha"", ""true"", ""--lr-alpha-c"", ""0.2"", ""--lr-delta"", ""0.05"", ""--lr-auto-min-samples"", ""true"", ""--lr-min-samples-c"", ""2.0"", ""--lr-stability-subsamples"", ""0"", ""--lr-stability-fraction"", ""0.75"", ""--lr-edge-min-weight"", ""0.0"", ""--lr-encoding"", ""binary"", ""--lr-solver"", ""auto"", ""--lr-matrix-free-threshold"", ""700"", ""--lr-matrix-free-max-iter"", ""8"", ""--lr-matrix-free-tol"", ""0.0001"", ""--lr-matrix-free-step-scale"", ""0.5"", ""--lr-matrix-free-dtype"", ""float32"", ""--build-building-blocks"", ""true"", ""--bb-weight-mode"", ""positive"", ""--bb-search-mode"", ""uniform"", ""--bb-min-block-size"", ""2"", ""--bb-max-blocks"", ""20"", ""--bb-snapshot-interval"", ""1"", ""--bb-external-penalty"", ""0.25"", ""--bb-size-penalty"", ""0.01"", ""--bb-pattern-top-fraction"", ""0.2"", ""--bb-pattern-min-support"", ""2"", ""--bb-refine-fraction"", ""0.2"", ""--bb-accept-equal-sparser"", ""true"", ""--bb-shuffle-blocks"", ""true"", ""--bb-signed-repair-probability"", ""0.75"", ""--pre-lr-explore"", ""false"", ""--pre-lr-mutation-multiplier"", ""3.0"", ""--pre-lr-immigrant-rate"", ""0.1"", ""--artifact-layout"", ""nested"", ""--write-aggregate-outputs"", ""false"", ""--lr-expected-edges"", ""60"", ""--lr-refit-expected-edges"", ""30"", ""--bb-gawll-update-interval"", ""10"", ""--bb-max-refine-trials"", ""10"", ""--repeat-id"", ""0"", ""--outer-fold-id"", ""1""]"
122,hiva_agnostic_task363677,2,1,0,2,..\Results\results_fs_uniform_positive_medium_highdim\hiva_agnostic_task363677\empirical_linkage_legacy_uniform_positive,"[""hiva_agnostic_task363677"", ""2"", ""1"", ""--data-dir"", ""../Dataset/prepared_feature_selection"", ""--output-dir"", ""..\\Results\\results_fs_uniform_positive_medium_highdim\\hiva_agnostic_task363677\\empirical_linkage_legacy_uniform_positive"", ""--outer-folds"", ""4"", ""--inner-folds"", ""4"", ""--repeats"", ""3"", ""--seed"", ""1"", ""--shuffle"", ""true"", ""--popsize"", ""100"", ""--p-cross"", ""0.4"", ""--tournament-size"", ""3"", ""--tau-reset"", ""50"", ""--resetpop-rate"", ""0.99"", ""--local-search"", ""false"", ""--stop"", ""gen"", ""--max-gen"", ""100"", ""--edge-epsilon"", ""1e-06"", ""--save-generation-trace"", ""true"", ""--save-linkage-events"", ""false"", ""--save-graph-snapshots"", ""false"", ""--graph-snapshot-interval"", ""1"", ""--graph-snapshot-min-weight"", ""0.0"", ""--lr-gap-gen"", ""1"", ""--lr-min-samples"", ""10"", ""--lr-sparse-alpha"", ""0.001"", ""--lr-auto-alpha"", ""true"", ""--lr-alpha-c"", ""0.2"", ""--lr-delta"", ""0.05"", ""--lr-auto-min-samples"", ""true"", ""--lr-min-samples-c"", ""2.0"", ""--lr-stability-subsamples"", ""0"", ""--lr-stability-fraction"", ""0.75"", ""--lr-edge-min-weight"", ""0.0"", ""--lr-encoding"", ""binary"", ""--lr-solver"", ""auto"", ""--lr-matrix-free-threshold"", ""700"", ""--lr-matrix-free-max-iter"", ""8"", ""--lr-matrix-free-tol"", ""0.0001"", ""--lr-matrix-free-step-scale"", ""0.5"", ""--lr-matrix-free-dtype"", ""float32"", ""--build-building-blocks"", ""true"", ""--bb-weight-mode"", ""positive"", ""--bb-search-mode"", ""uniform"", ""--bb-min-block-size"", ""2"", ""--bb-max-blocks"", ""20"", ""--bb-snapshot-interval"", ""1"", ""--bb-external-penalty"", ""0.25"", ""--bb-size-penalty"", ""0.01"", ""--bb-pattern-top-fraction"", ""0.2"", ""--bb-pattern-min-support"", ""2"", ""--bb-refine-fraction"", ""0.2"", ""--bb-accept-equal-sparser"", ""true"", ""--bb-shuffle-blocks"", ""true"", ""--bb-signed-repair-probability"", ""0.75"", ""--pre-lr-explore"", ""false"", ""--pre-lr-mutation-multiplier"", ""3.0"", ""--pre-lr-immigrant-rate"", ""0.1"", ""--artifact-layout"", ""nested"", ""--write-aggregate-outputs"", ""false"", ""--lr-expected-edges"", ""60"", ""--lr-refit-expected-edges"", ""30"", ""--bb-gawll-update-interval"", ""10"", ""--bb-max-refine-trials"", ""10"", ""--repeat-id"", ""0"", ""--outer-fold-id"", ""2""]"
123,hiva_agnostic_task363677,2,1,0,3,..\Results\results_fs_uniform_positive_medium_highdim\hiva_agnostic_task363677\empirical_linkage_legacy_uniform_positive,"[""hiva_agnostic_task363677"", ""2"", ""1"", ""--data-dir"", ""../Dataset/prepared_feature_selection"", ""--output-dir"", ""..\\Results\\results_fs_uniform_positive_medium_highdim\\hiva_agnostic_task363677\\empirical_linkage_legacy_uniform_positive"", ""--outer-folds"", ""4"", ""--inner-folds"", ""4"", ""--repeats"", ""3"", ""--seed"", ""1"", ""--shuffle"", ""true"", ""--popsize"", ""100"", ""--p-cross"", ""0.4"", ""--tournament-size"", ""3"", ""--tau-reset"", ""50"", ""--resetpop-rate"", ""0.99"", ""--local-search"", ""false"", ""--stop"", ""gen"", ""--max-gen"", ""100"", ""--edge-epsilon"", ""1e-06"", ""--save-generation-trace"", ""true"", ""--save-linkage-events"", ""false"", ""--save-graph-snapshots"", ""false"", ""--graph-snapshot-interval"", ""1"", ""--graph-snapshot-min-weight"", ""0.0"", ""--lr-gap-gen"", ""1"", ""--lr-min-samples"", ""10"", ""--lr-sparse-alpha"", ""0.001"", ""--lr-auto-alpha"", ""true"", ""--lr-alpha-c"", ""0.2"", ""--lr-delta"", ""0.05"", ""--lr-auto-min-samples"", ""true"", ""--lr-min-samples-c"", ""2.0"", ""--lr-stability-subsamples"", ""0"", ""--lr-stability-fraction"", ""0.75"", ""--lr-edge-min-weight"", ""0.0"", ""--lr-encoding"", ""binary"", ""--lr-solver"", ""auto"", ""--lr-matrix-free-threshold"", ""700"", ""--lr-matrix-free-max-iter"", ""8"", ""--lr-matrix-free-tol"", ""0.0001"", ""--lr-matrix-free-step-scale"", ""0.5"", ""--lr-matrix-free-dtype"", ""float32"", ""--build-building-blocks"", ""true"", ""--bb-weight-mode"", ""positive"", ""--bb-search-mode"", ""uniform"", ""--bb-min-block-size"", ""2"", ""--bb-max-blocks"", ""20"", ""--bb-snapshot-interval"", ""1"", ""--bb-external-penalty"", ""0.25"", ""--bb-size-penalty"", ""0.01"", ""--bb-pattern-top-fraction"", ""0.2"", ""--bb-pattern-min-support"", ""2"", ""--bb-refine-fraction"", ""0.2"", ""--bb-accept-equal-sparser"", ""true"", ""--bb-shuffle-blocks"", ""true"", ""--bb-signed-repair-probability"", ""0.75"", ""--pre-lr-explore"", ""false"", ""--pre-lr-mutation-multiplier"", ""3.0"", ""--pre-lr-immigrant-rate"", ""0.1"", ""--artifact-layout"", ""nested"", ""--write-aggregate-outputs"", ""false"", ""--lr-expected-edges"", ""60"", ""--lr-refit-expected-edges"", ""30"", ""--bb-gawll-update-interval"", ""10"", ""--bb-max-refine-trials"", ""10"", ""--repeat-id"", ""0"", ""--outer-fold-id"", ""3""]"
124,hiva_agnostic_task363677,2,1,1,0,..\Results\results_fs_uniform_positive_medium_highdim\hiva_agnostic_task363677\empirical_linkage_legacy_uniform_positive,"[""hiva_agnostic_task363677"", ""2"", ""1"", ""--data-dir"", ""../Dataset/prepared_feature_selection"", ""--output-dir"", ""..\\Results\\results_fs_uniform_positive_medium_highdim\\hiva_agnostic_task363677\\empirical_linkage_legacy_uniform_positive"", ""--outer-folds"", ""4"", ""--inner-folds"", ""4"", ""--repeats"", ""3"", ""--seed"", ""1"", ""--shuffle"", ""true"", ""--popsize"", ""100"", ""--p-cross"", ""0.4"", ""--tournament-size"", ""3"", ""--tau-reset"", ""50"", ""--resetpop-rate"", ""0.99"", ""--local-search"", ""false"", ""--stop"", ""gen"", ""--max-gen"", ""100"", ""--edge-epsilon"", ""1e-06"", ""--save-generation-trace"", ""true"", ""--save-linkage-events"", ""false"", ""--save-graph-snapshots"", ""false"", ""--graph-snapshot-interval"", ""1"", ""--graph-snapshot-min-weight"", ""0.0"", ""--lr-gap-gen"", ""1"", ""--lr-min-samples"", ""10"", ""--lr-sparse-alpha"", ""0.001"", ""--lr-auto-alpha"", ""true"", ""--lr-alpha-c"", ""0.2"", ""--lr-delta"", ""0.05"", ""--lr-auto-min-samples"", ""true"", ""--lr-min-samples-c"", ""2.0"", ""--lr-stability-subsamples"", ""0"", ""--lr-stability-fraction"", ""0.75"", ""--lr-edge-min-weight"", ""0.0"", ""--lr-encoding"", ""binary"", ""--lr-solver"", ""auto"", ""--lr-matrix-free-threshold"", ""700"", ""--lr-matrix-free-max-iter"", ""8"", ""--lr-matrix-free-tol"", ""0.0001"", ""--lr-matrix-free-step-scale"", ""0.5"", ""--lr-matrix-free-dtype"", ""float32"", ""--build-building-blocks"", ""true"", ""--bb-weight-mode"", ""positive"", ""--bb-search-mode"", ""uniform"", ""--bb-min-block-size"", ""2"", ""--bb-max-blocks"", ""20"", ""--bb-snapshot-interval"", ""1"", ""--bb-external-penalty"", ""0.25"", ""--bb-size-penalty"", ""0.01"", ""--bb-pattern-top-fraction"", ""0.2"", ""--bb-pattern-min-support"", ""2"", ""--bb-refine-fraction"", ""0.2"", ""--bb-accept-equal-sparser"", ""true"", ""--bb-shuffle-blocks"", ""true"", ""--bb-signed-repair-probability"", ""0.75"", ""--pre-lr-explore"", ""false"", ""--pre-lr-mutation-multiplier"", ""3.0"", ""--pre-lr-immigrant-rate"", ""0.1"", ""--artifact-layout"", ""nested"", ""--write-aggregate-outputs"", ""false"", ""--lr-expected-edges"", ""60"", ""--lr-refit-expected-edges"", ""30"", ""--bb-gawll-update-interval"", ""10"", ""--bb-max-refine-trials"", ""10"", ""--repeat-id"", ""1"", ""--outer-fold-id"", ""0""]"
125,hiva_agnostic_task363677,2,1,1,1,..\Results\results_fs_uniform_positive_medium_highdim\hiva_agnostic_task363677\empirical_linkage_legacy_uniform_positive,"[""hiva_agnostic_task363677"", ""2"", ""1"", ""--data-dir"", ""../Dataset/prepared_feature_selection"", ""--output-dir"", ""..\\Results\\results_fs_uniform_positive_medium_highdim\\hiva_agnostic_task363677\\empirical_linkage_legacy_uniform_positive"", ""--outer-folds"", ""4"", ""--inner-folds"", ""4"", ""--repeats"", ""3"", ""--seed"", ""1"", ""--shuffle"", ""true"", ""--popsize"", ""100"", ""--p-cross"", ""0.4"", ""--tournament-size"", ""3"", ""--tau-reset"", ""50"", ""--resetpop-rate"", ""0.99"", ""--local-search"", ""false"", ""--stop"", ""gen"", ""--max-gen"", ""100"", ""--edge-epsilon"", ""1e-06"", ""--save-generation-trace"", ""true"", ""--save-linkage-events"", ""false"", ""--save-graph-snapshots"", ""false"", ""--graph-snapshot-interval"", ""1"", ""--graph-snapshot-min-weight"", ""0.0"", ""--lr-gap-gen"", ""1"", ""--lr-min-samples"", ""10"", ""--lr-sparse-alpha"", ""0.001"", ""--lr-auto-alpha"", ""true"", ""--lr-alpha-c"", ""0.2"", ""--lr-delta"", ""0.05"", ""--lr-auto-min-samples"", ""true"", ""--lr-min-samples-c"", ""2.0"", ""--lr-stability-subsamples"", ""0"", ""--lr-stability-fraction"", ""0.75"", ""--lr-edge-min-weight"", ""0.0"", ""--lr-encoding"", ""binary"", ""--lr-solver"", ""auto"", ""--lr-matrix-free-threshold"", ""700"", ""--lr-matrix-free-max-iter"", ""8"", ""--lr-matrix-free-tol"", ""0.0001"", ""--lr-matrix-free-step-scale"", ""0.5"", ""--lr-matrix-free-dtype"", ""float32"", ""--build-building-blocks"", ""true"", ""--bb-weight-mode"", ""positive"", ""--bb-search-mode"", ""uniform"", ""--bb-min-block-size"", ""2"", ""--bb-max-blocks"", ""20"", ""--bb-snapshot-interval"", ""1"", ""--bb-external-penalty"", ""0.25"", ""--bb-size-penalty"", ""0.01"", ""--bb-pattern-top-fraction"", ""0.2"", ""--bb-pattern-min-support"", ""2"", ""--bb-refine-fraction"", ""0.2"", ""--bb-accept-equal-sparser"", ""true"", ""--bb-shuffle-blocks"", ""true"", ""--bb-signed-repair-probability"", ""0.75"", ""--pre-lr-explore"", ""false"", ""--pre-lr-mutation-multiplier"", ""3.0"", ""--pre-lr-immigrant-rate"", ""0.1"", ""--artifact-layout"", ""nested"", ""--write-aggregate-outputs"", ""false"", ""--lr-expected-edges"", ""60"", ""--lr-refit-expected-edges"", ""30"", ""--bb-gawll-update-interval"", ""10"", ""--bb-max-refine-trials"", ""10"", ""--repeat-id"", ""1"", ""--outer-fold-id"", ""1""]"
126,hiva_agnostic_task363677,2,1,1,2,..\Results\results_fs_uniform_positive_medium_highdim\hiva_agnostic_task363677\empirical_linkage_legacy_uniform_positive,"[""hiva_agnostic_task363677"", ""2"", ""1"", ""--data-dir"", ""../Dataset/prepared_feature_selection"", ""--output-dir"", ""..\\Results\\results_fs_uniform_positive_medium_highdim\\hiva_agnostic_task363677\\empirical_linkage_legacy_uniform_positive"", ""--outer-folds"", ""4"", ""--inner-folds"", ""4"", ""--repeats"", ""3"", ""--seed"", ""1"", ""--shuffle"", ""true"", ""--popsize"", ""100"", ""--p-cross"", ""0.4"", ""--tournament-size"", ""3"", ""--tau-reset"", ""50"", ""--resetpop-rate"", ""0.99"", ""--local-search"", ""false"", ""--stop"", ""gen"", ""--max-gen"", ""100"", ""--edge-epsilon"", ""1e-06"", ""--save-generation-trace"", ""true"", ""--save-linkage-events"", ""false"", ""--save-graph-snapshots"", ""false"", ""--graph-snapshot-interval"", ""1"", ""--graph-snapshot-min-weight"", ""0.0"", ""--lr-gap-gen"", ""1"", ""--lr-min-samples"", ""10"", ""--lr-sparse-alpha"", ""0.001"", ""--lr-auto-alpha"", ""true"", ""--lr-alpha-c"", ""0.2"", ""--lr-delta"", ""0.05"", ""--lr-auto-min-samples"", ""true"", ""--lr-min-samples-c"", ""2.0"", ""--lr-stability-subsamples"", ""0"", ""--lr-stability-fraction"", ""0.75"", ""--lr-edge-min-weight"", ""0.0"", ""--lr-encoding"", ""binary"", ""--lr-solver"", ""auto"", ""--lr-matrix-free-threshold"", ""700"", ""--lr-matrix-free-max-iter"", ""8"", ""--lr-matrix-free-tol"", ""0.0001"", ""--lr-matrix-free-step-scale"", ""0.5"", ""--lr-matrix-free-dtype"", ""float32"", ""--build-building-blocks"", ""true"", ""--bb-weight-mode"", ""positive"", ""--bb-search-mode"", ""uniform"", ""--bb-min-block-size"", ""2"", ""--bb-max-blocks"", ""20"", ""--bb-snapshot-interval"", ""1"", ""--bb-external-penalty"", ""0.25"", ""--bb-size-penalty"", ""0.01"", ""--bb-pattern-top-fraction"", ""0.2"", ""--bb-pattern-min-support"", ""2"", ""--bb-refine-fraction"", ""0.2"", ""--bb-accept-equal-sparser"", ""true"", ""--bb-shuffle-blocks"", ""true"", ""--bb-signed-repair-probability"", ""0.75"", ""--pre-lr-explore"", ""false"", ""--pre-lr-mutation-multiplier"", ""3.0"", ""--pre-lr-immigrant-rate"", ""0.1"", ""--artifact-layout"", ""nested"", ""--write-aggregate-outputs"", ""false"", ""--lr-expected-edges"", ""60"", ""--lr-refit-expected-edges"", ""30"", ""--bb-gawll-update-interval"", ""10"", ""--bb-max-refine-trials"", ""10"", ""--repeat-id"", ""1"", ""--outer-fold-id"", ""2""]"
127,hiva_agnostic_task363677,2,1,1,3,..\Results\results_fs_uniform_positive_medium_highdim\hiva_agnostic_task363677\empirical_linkage_legacy_uniform_positive,"[""hiva_agnostic_task363677"", ""2"", ""1"", ""--data-dir"", ""../Dataset/prepared_feature_selection"", ""--output-dir"", ""..\\Results\\results_fs_uniform_positive_medium_highdim\\hiva_agnostic_task363677\\empirical_linkage_legacy_uniform_positive"", ""--outer-folds"", ""4"", ""--inner-folds"", ""4"", ""--repeats"", ""3"", ""--seed"", ""1"", ""--shuffle"", ""true"", ""--popsize"", ""100"", ""--p-cross"", ""0.4"", ""--tournament-size"", ""3"", ""--tau-reset"", ""50"", ""--resetpop-rate"", ""0.99"", ""--local-search"", ""false"", ""--stop"", ""gen"", ""--max-gen"", ""100"", ""--edge-epsilon"", ""1e-06"", ""--save-generation-trace"", ""true"", ""--save-linkage-events"", ""false"", ""--save-graph-snapshots"", ""false"", ""--graph-snapshot-interval"", ""1"", ""--graph-snapshot-min-weight"", ""0.0"", ""--lr-gap-gen"", ""1"", ""--lr-min-samples"", ""10"", ""--lr-sparse-alpha"", ""0.001"", ""--lr-auto-alpha"", ""true"", ""--lr-alpha-c"", ""0.2"", ""--lr-delta"", ""0.05"", ""--lr-auto-min-samples"", ""true"", ""--lr-min-samples-c"", ""2.0"", ""--lr-stability-subsamples"", ""0"", ""--lr-stability-fraction"", ""0.75"", ""--lr-edge-min-weight"", ""0.0"", ""--lr-encoding"", ""binary"", ""--lr-solver"", ""auto"", ""--lr-matrix-free-threshold"", ""700"", ""--lr-matrix-free-max-iter"", ""8"", ""--lr-matrix-free-tol"", ""0.0001"", ""--lr-matrix-free-step-scale"", ""0.5"", ""--lr-matrix-free-dtype"", ""float32"", ""--build-building-blocks"", ""true"", ""--bb-weight-mode"", ""positive"", ""--bb-search-mode"", ""uniform"", ""--bb-min-block-size"", ""2"", ""--bb-max-blocks"", ""20"", ""--bb-snapshot-interval"", ""1"", ""--bb-external-penalty"", ""0.25"", ""--bb-size-penalty"", ""0.01"", ""--bb-pattern-top-fraction"", ""0.2"", ""--bb-pattern-min-support"", ""2"", ""--bb-refine-fraction"", ""0.2"", ""--bb-accept-equal-sparser"", ""true"", ""--bb-shuffle-blocks"", ""true"", ""--bb-signed-repair-probability"", ""0.75"", ""--pre-lr-explore"", ""false"", ""--pre-lr-mutation-multiplier"", ""3.0"", ""--pre-lr-immigrant-rate"", ""0.1"", ""--artifact-layout"", ""nested"", ""--write-aggregate-outputs"", ""false"", ""--lr-expected-edges"", ""60"", ""--lr-refit-expected-edges"", ""30"", ""--bb-gawll-update-interval"", ""10"", ""--bb-max-refine-trials"", ""10"", ""--repeat-id"", ""1"", ""--outer-fold-id"", ""3""]"
128,hiva_agnostic_task363677,2,1,2,0,..\Results\results_fs_uniform_positive_medium_highdim\hiva_agnostic_task363677\empirical_linkage_legacy_uniform_positive,"[""hiva_agnostic_task363677"", ""2"", ""1"", ""--data-dir"", ""../Dataset/prepared_feature_selection"", ""--output-dir"", ""..\\Results\\results_fs_uniform_positive_medium_highdim\\hiva_agnostic_task363677\\empirical_linkage_legacy_uniform_positive"", ""--outer-folds"", ""4"", ""--inner-folds"", ""4"", ""--repeats"", ""3"", ""--seed"", ""1"", ""--shuffle"", ""true"", ""--popsize"", ""100"", ""--p-cross"", ""0.4"", ""--tournament-size"", ""3"", ""--tau-reset"", ""50"", ""--resetpop-rate"", ""0.99"", ""--local-search"", ""false"", ""--stop"", ""gen"", ""--max-gen"", ""100"", ""--edge-epsilon"", ""1e-06"", ""--save-generation-trace"", ""true"", ""--save-linkage-events"", ""false"", ""--save-graph-snapshots"", ""false"", ""--graph-snapshot-interval"", ""1"", ""--graph-snapshot-min-weight"", ""0.0"", ""--lr-gap-gen"", ""1"", ""--lr-min-samples"", ""10"", ""--lr-sparse-alpha"", ""0.001"", ""--lr-auto-alpha"", ""true"", ""--lr-alpha-c"", ""0.2"", ""--lr-delta"", ""0.05"", ""--lr-auto-min-samples"", ""true"", ""--lr-min-samples-c"", ""2.0"", ""--lr-stability-subsamples"", ""0"", ""--lr-stability-fraction"", ""0.75"", ""--lr-edge-min-weight"", ""0.0"", ""--lr-encoding"", ""binary"", ""--lr-solver"", ""auto"", ""--lr-matrix-free-threshold"", ""700"", ""--lr-matrix-free-max-iter"", ""8"", ""--lr-matrix-free-tol"", ""0.0001"", ""--lr-matrix-free-step-scale"", ""0.5"", ""--lr-matrix-free-dtype"", ""float32"", ""--build-building-blocks"", ""true"", ""--bb-weight-mode"", ""positive"", ""--bb-search-mode"", ""uniform"", ""--bb-min-block-size"", ""2"", ""--bb-max-blocks"", ""20"", ""--bb-snapshot-interval"", ""1"", ""--bb-external-penalty"", ""0.25"", ""--bb-size-penalty"", ""0.01"", ""--bb-pattern-top-fraction"", ""0.2"", ""--bb-pattern-min-support"", ""2"", ""--bb-refine-fraction"", ""0.2"", ""--bb-accept-equal-sparser"", ""true"", ""--bb-shuffle-blocks"", ""true"", ""--bb-signed-repair-probability"", ""0.75"", ""--pre-lr-explore"", ""false"", ""--pre-lr-mutation-multiplier"", ""3.0"", ""--pre-lr-immigrant-rate"", ""0.1"", ""--artifact-layout"", ""nested"", ""--write-aggregate-outputs"", ""false"", ""--lr-expected-edges"", ""60"", ""--lr-refit-expected-edges"", ""30"", ""--bb-gawll-update-interval"", ""10"", ""--bb-max-refine-trials"", ""10"", ""--repeat-id"", ""2"", ""--outer-fold-id"", ""0""]"
129,hiva_agnostic_task363677,2,1,2,1,..\Results\results_fs_uniform_positive_medium_highdim\hiva_agnostic_task363677\empirical_linkage_legacy_uniform_positive,"[""hiva_agnostic_task363677"", ""2"", ""1"", ""--data-dir"", ""../Dataset/prepared_feature_selection"", ""--output-dir"", ""..\\Results\\results_fs_uniform_positive_medium_highdim\\hiva_agnostic_task363677\\empirical_linkage_legacy_uniform_positive"", ""--outer-folds"", ""4"", ""--inner-folds"", ""4"", ""--repeats"", ""3"", ""--seed"", ""1"", ""--shuffle"", ""true"", ""--popsize"", ""100"", ""--p-cross"", ""0.4"", ""--tournament-size"", ""3"", ""--tau-reset"", ""50"", ""--resetpop-rate"", ""0.99"", ""--local-search"", ""false"", ""--stop"", ""gen"", ""--max-gen"", ""100"", ""--edge-epsilon"", ""1e-06"", ""--save-generation-trace"", ""true"", ""--save-linkage-events"", ""false"", ""--save-graph-snapshots"", ""false"", ""--graph-snapshot-interval"", ""1"", ""--graph-snapshot-min-weight"", ""0.0"", ""--lr-gap-gen"", ""1"", ""--lr-min-samples"", ""10"", ""--lr-sparse-alpha"", ""0.001"", ""--lr-auto-alpha"", ""true"", ""--lr-alpha-c"", ""0.2"", ""--lr-delta"", ""0.05"", ""--lr-auto-min-samples"", ""true"", ""--lr-min-samples-c"", ""2.0"", ""--lr-stability-subsamples"", ""0"", ""--lr-stability-fraction"", ""0.75"", ""--lr-edge-min-weight"", ""0.0"", ""--lr-encoding"", ""binary"", ""--lr-solver"", ""auto"", ""--lr-matrix-free-threshold"", ""700"", ""--lr-matrix-free-max-iter"", ""8"", ""--lr-matrix-free-tol"", ""0.0001"", ""--lr-matrix-free-step-scale"", ""0.5"", ""--lr-matrix-free-dtype"", ""float32"", ""--build-building-blocks"", ""true"", ""--bb-weight-mode"", ""positive"", ""--bb-search-mode"", ""uniform"", ""--bb-min-block-size"", ""2"", ""--bb-max-blocks"", ""20"", ""--bb-snapshot-interval"", ""1"", ""--bb-external-penalty"", ""0.25"", ""--bb-size-penalty"", ""0.01"", ""--bb-pattern-top-fraction"", ""0.2"", ""--bb-pattern-min-support"", ""2"", ""--bb-refine-fraction"", ""0.2"", ""--bb-accept-equal-sparser"", ""true"", ""--bb-shuffle-blocks"", ""true"", ""--bb-signed-repair-probability"", ""0.75"", ""--pre-lr-explore"", ""false"", ""--pre-lr-mutation-multiplier"", ""3.0"", ""--pre-lr-immigrant-rate"", ""0.1"", ""--artifact-layout"", ""nested"", ""--write-aggregate-outputs"", ""false"", ""--lr-expected-edges"", ""60"", ""--lr-refit-expected-edges"", ""30"", ""--bb-gawll-update-interval"", ""10"", ""--bb-max-refine-trials"", ""10"", ""--repeat-id"", ""2"", ""--outer-fold-id"", ""1""]"
130,hiva_agnostic_task363677,2,1,2,2,..\Results\results_fs_uniform_positive_medium_highdim\hiva_agnostic_task363677\empirical_linkage_legacy_uniform_positive,"[""hiva_agnostic_task363677"", ""2"", ""1"", ""--data-dir"", ""../Dataset/prepared_feature_selection"", ""--output-dir"", ""..\\Results\\results_fs_uniform_positive_medium_highdim\\hiva_agnostic_task363677\\empirical_linkage_legacy_uniform_positive"", ""--outer-folds"", ""4"", ""--inner-folds"", ""4"", ""--repeats"", ""3"", ""--seed"", ""1"", ""--shuffle"", ""true"", ""--popsize"", ""100"", ""--p-cross"", ""0.4"", ""--tournament-size"", ""3"", ""--tau-reset"", ""50"", ""--resetpop-rate"", ""0.99"", ""--local-search"", ""false"", ""--stop"", ""gen"", ""--max-gen"", ""100"", ""--edge-epsilon"", ""1e-06"", ""--save-generation-trace"", ""true"", ""--save-linkage-events"", ""false"", ""--save-graph-snapshots"", ""false"", ""--graph-snapshot-interval"", ""1"", ""--graph-snapshot-min-weight"", ""0.0"", ""--lr-gap-gen"", ""1"", ""--lr-min-samples"", ""10"", ""--lr-sparse-alpha"", ""0.001"", ""--lr-auto-alpha"", ""true"", ""--lr-alpha-c"", ""0.2"", ""--lr-delta"", ""0.05"", ""--lr-auto-min-samples"", ""true"", ""--lr-min-samples-c"", ""2.0"", ""--lr-stability-subsamples"", ""0"", ""--lr-stability-fraction"", ""0.75"", ""--lr-edge-min-weight"", ""0.0"", ""--lr-encoding"", ""binary"", ""--lr-solver"", ""auto"", ""--lr-matrix-free-threshold"", ""700"", ""--lr-matrix-free-max-iter"", ""8"", ""--lr-matrix-free-tol"", ""0.0001"", ""--lr-matrix-free-step-scale"", ""0.5"", ""--lr-matrix-free-dtype"", ""float32"", ""--build-building-blocks"", ""true"", ""--bb-weight-mode"", ""positive"", ""--bb-search-mode"", ""uniform"", ""--bb-min-block-size"", ""2"", ""--bb-max-blocks"", ""20"", ""--bb-snapshot-interval"", ""1"", ""--bb-external-penalty"", ""0.25"", ""--bb-size-penalty"", ""0.01"", ""--bb-pattern-top-fraction"", ""0.2"", ""--bb-pattern-min-support"", ""2"", ""--bb-refine-fraction"", ""0.2"", ""--bb-accept-equal-sparser"", ""true"", ""--bb-shuffle-blocks"", ""true"", ""--bb-signed-repair-probability"", ""0.75"", ""--pre-lr-explore"", ""false"", ""--pre-lr-mutation-multiplier"", ""3.0"", ""--pre-lr-immigrant-rate"", ""0.1"", ""--artifact-layout"", ""nested"", ""--write-aggregate-outputs"", ""false"", ""--lr-expected-edges"", ""60"", ""--lr-refit-expected-edges"", ""30"", ""--bb-gawll-update-interval"", ""10"", ""--bb-max-refine-trials"", ""10"", ""--repeat-id"", ""2"", ""--outer-fold-id"", ""2""]"
131,hiva_agnostic_task363677,2,1,2,3,..\Results\results_fs_uniform_positive_medium_highdim\hiva_agnostic_task363677\empirical_linkage_legacy_uniform_positive,"[""hiva_agnostic_task363677"", ""2"", ""1"", ""--data-dir"", ""../Dataset/prepared_feature_selection"", ""--output-dir"", ""..\\Results\\results_fs_uniform_positive_medium_highdim\\hiva_agnostic_task363677\\empirical_linkage_legacy_uniform_positive"", ""--outer-folds"", ""4"", ""--inner-folds"", ""4"", ""--repeats"", ""3"", ""--seed"", ""1"", ""--shuffle"", ""true"", ""--popsize"", ""100"", ""--p-cross"", ""0.4"", ""--tournament-size"", ""3"", ""--tau-reset"", ""50"", ""--resetpop-rate"", ""0.99"", ""--local-search"", ""false"", ""--stop"", ""gen"", ""--max-gen"", ""100"", ""--edge-epsilon"", ""1e-06"", ""--save-generation-trace"", ""true"", ""--save-linkage-events"", ""false"", ""--save-graph-snapshots"", ""false"", ""--graph-snapshot-interval"", ""1"", ""--graph-snapshot-min-weight"", ""0.0"", ""--lr-gap-gen"", ""1"", ""--lr-min-samples"", ""10"", ""--lr-sparse-alpha"", ""0.001"", ""--lr-auto-alpha"", ""true"", ""--lr-alpha-c"", ""0.2"", ""--lr-delta"", ""0.05"", ""--lr-auto-min-samples"", ""true"", ""--lr-min-samples-c"", ""2.0"", ""--lr-stability-subsamples"", ""0"", ""--lr-stability-fraction"", ""0.75"", ""--lr-edge-min-weight"", ""0.0"", ""--lr-encoding"", ""binary"", ""--lr-solver"", ""auto"", ""--lr-matrix-free-threshold"", ""700"", ""--lr-matrix-free-max-iter"", ""8"", ""--lr-matrix-free-tol"", ""0.0001"", ""--lr-matrix-free-step-scale"", ""0.5"", ""--lr-matrix-free-dtype"", ""float32"", ""--build-building-blocks"", ""true"", ""--bb-weight-mode"", ""positive"", ""--bb-search-mode"", ""uniform"", ""--bb-min-block-size"", ""2"", ""--bb-max-blocks"", ""20"", ""--bb-snapshot-interval"", ""1"", ""--bb-external-penalty"", ""0.25"", ""--bb-size-penalty"", ""0.01"", ""--bb-pattern-top-fraction"", ""0.2"", ""--bb-pattern-min-support"", ""2"", ""--bb-refine-fraction"", ""0.2"", ""--bb-accept-equal-sparser"", ""true"", ""--bb-shuffle-blocks"", ""true"", ""--bb-signed-repair-probability"", ""0.75"", ""--pre-lr-explore"", ""false"", ""--pre-lr-mutation-multiplier"", ""3.0"", ""--pre-lr-immigrant-rate"", ""0.1"", ""--artifact-layout"", ""nested"", ""--write-aggregate-outputs"", ""false"", ""--lr-expected-edges"", ""60"", ""--lr-refit-expected-edges"", ""30"", ""--bb-gawll-update-interval"", ""10"", ""--bb-max-refine-trials"", ""10"", ""--repeat-id"", ""2"", ""--outer-fold-id"", ""3""]"
132,Bioresponse_task363620,2,1,0,0,..\Results\results_fs_uniform_positive_medium_highdim\Bioresponse_task363620\empirical_linkage_legacy_uniform_positive,"[""Bioresponse_task363620"", ""2"", ""1"", ""--data-dir"", ""../Dataset/prepared_feature_selection"", ""--output-dir"", ""..\\Results\\results_fs_uniform_positive_medium_highdim\\Bioresponse_task363620\\empirical_linkage_legacy_uniform_positive"", ""--outer-folds"", ""4"", ""--inner-folds"", ""4"", ""--repeats"", ""3"", ""--seed"", ""1"", ""--shuffle"", ""true"", ""--popsize"", ""100"", ""--p-cross"", ""0.4"", ""--tournament-size"", ""3"", ""--tau-reset"", ""50"", ""--resetpop-rate"", ""0.99"", ""--local-search"", ""false"", ""--stop"", ""gen"", ""--max-gen"", ""100"", ""--edge-epsilon"", ""1e-06"", ""--save-generation-trace"", ""true"", ""--save-linkage-events"", ""false"", ""--save-graph-snapshots"", ""false"", ""--graph-snapshot-interval"", ""1"", ""--graph-snapshot-min-weight"", ""0.0"", ""--lr-gap-gen"", ""1"", ""--lr-min-samples"", ""10"", ""--lr-sparse-alpha"", ""0.001"", ""--lr-auto-alpha"", ""true"", ""--lr-alpha-c"", ""0.2"", ""--lr-delta"", ""0.05"", ""--lr-auto-min-samples"", ""true"", ""--lr-min-samples-c"", ""2.0"", ""--lr-stability-subsamples"", ""0"", ""--lr-stability-fraction"", ""0.75"", ""--lr-edge-min-weight"", ""0.0"", ""--lr-encoding"", ""binary"", ""--lr-solver"", ""auto"", ""--lr-matrix-free-threshold"", ""700"", ""--lr-matrix-free-max-iter"", ""8"", ""--lr-matrix-free-tol"", ""0.0001"", ""--lr-matrix-free-step-scale"", ""0.5"", ""--lr-matrix-free-dtype"", ""float32"", ""--build-building-blocks"", ""true"", ""--bb-weight-mode"", ""positive"", ""--bb-search-mode"", ""uniform"", ""--bb-min-block-size"", ""2"", ""--bb-max-blocks"", ""20"", ""--bb-snapshot-interval"", ""1"", ""--bb-external-penalty"", ""0.25"", ""--bb-size-penalty"", ""0.01"", ""--bb-pattern-top-fraction"", ""0.2"", ""--bb-pattern-min-support"", ""2"", ""--bb-refine-fraction"", ""0.2"", ""--bb-accept-equal-sparser"", ""true"", ""--bb-shuffle-blocks"", ""true"", ""--bb-signed-repair-probability"", ""0.75"", ""--pre-lr-explore"", ""false"", ""--pre-lr-mutation-multiplier"", ""3.0"", ""--pre-lr-immigrant-rate"", ""0.1"", ""--artifact-layout"", ""nested"", ""--write-aggregate-outputs"", ""false"", ""--lr-expected-edges"", ""60"", ""--lr-refit-expected-edges"", ""30"", ""--bb-gawll-update-interval"", ""10"", ""--bb-max-refine-trials"", ""10"", ""--repeat-id"", ""0"", ""--outer-fold-id"", ""0""]"
133,Bioresponse_task363620,2,1,0,1,..\Results\results_fs_uniform_positive_medium_highdim\Bioresponse_task363620\empirical_linkage_legacy_uniform_positive,"[""Bioresponse_task363620"", ""2"", ""1"", ""--data-dir"", ""../Dataset/prepared_feature_selection"", ""--output-dir"", ""..\\Results\\results_fs_uniform_positive_medium_highdim\\Bioresponse_task363620\\empirical_linkage_legacy_uniform_positive"", ""--outer-folds"", ""4"", ""--inner-folds"", ""4"", ""--repeats"", ""3"", ""--seed"", ""1"", ""--shuffle"", ""true"", ""--popsize"", ""100"", ""--p-cross"", ""0.4"", ""--tournament-size"", ""3"", ""--tau-reset"", ""50"", ""--resetpop-rate"", ""0.99"", ""--local-search"", ""false"", ""--stop"", ""gen"", ""--max-gen"", ""100"", ""--edge-epsilon"", ""1e-06"", ""--save-generation-trace"", ""true"", ""--save-linkage-events"", ""false"", ""--save-graph-snapshots"", ""false"", ""--graph-snapshot-interval"", ""1"", ""--graph-snapshot-min-weight"", ""0.0"", ""--lr-gap-gen"", ""1"", ""--lr-min-samples"", ""10"", ""--lr-sparse-alpha"", ""0.001"", ""--lr-auto-alpha"", ""true"", ""--lr-alpha-c"", ""0.2"", ""--lr-delta"", ""0.05"", ""--lr-auto-min-samples"", ""true"", ""--lr-min-samples-c"", ""2.0"", ""--lr-stability-subsamples"", ""0"", ""--lr-stability-fraction"", ""0.75"", ""--lr-edge-min-weight"", ""0.0"", ""--lr-encoding"", ""binary"", ""--lr-solver"", ""auto"", ""--lr-matrix-free-threshold"", ""700"", ""--lr-matrix-free-max-iter"", ""8"", ""--lr-matrix-free-tol"", ""0.0001"", ""--lr-matrix-free-step-scale"", ""0.5"", ""--lr-matrix-free-dtype"", ""float32"", ""--build-building-blocks"", ""true"", ""--bb-weight-mode"", ""positive"", ""--bb-search-mode"", ""uniform"", ""--bb-min-block-size"", ""2"", ""--bb-max-blocks"", ""20"", ""--bb-snapshot-interval"", ""1"", ""--bb-external-penalty"", ""0.25"", ""--bb-size-penalty"", ""0.01"", ""--bb-pattern-top-fraction"", ""0.2"", ""--bb-pattern-min-support"", ""2"", ""--bb-refine-fraction"", ""0.2"", ""--bb-accept-equal-sparser"", ""true"", ""--bb-shuffle-blocks"", ""true"", ""--bb-signed-repair-probability"", ""0.75"", ""--pre-lr-explore"", ""false"", ""--pre-lr-mutation-multiplier"", ""3.0"", ""--pre-lr-immigrant-rate"", ""0.1"", ""--artifact-layout"", ""nested"", ""--write-aggregate-outputs"", ""false"", ""--lr-expected-edges"", ""60"", ""--lr-refit-expected-edges"", ""30"", ""--bb-gawll-update-interval"", ""10"", ""--bb-max-refine-trials"", ""10"", ""--repeat-id"", ""0"", ""--outer-fold-id"", ""1""]"
134,Bioresponse_task363620,2,1,0,2,..\Results\results_fs_uniform_positive_medium_highdim\Bioresponse_task363620\empirical_linkage_legacy_uniform_positive,"[""Bioresponse_task363620"", ""2"", ""1"", ""--data-dir"", ""../Dataset/prepared_feature_selection"", ""--output-dir"", ""..\\Results\\results_fs_uniform_positive_medium_highdim\\Bioresponse_task363620\\empirical_linkage_legacy_uniform_positive"", ""--outer-folds"", ""4"", ""--inner-folds"", ""4"", ""--repeats"", ""3"", ""--seed"", ""1"", ""--shuffle"", ""true"", ""--popsize"", ""100"", ""--p-cross"", ""0.4"", ""--tournament-size"", ""3"", ""--tau-reset"", ""50"", ""--resetpop-rate"", ""0.99"", ""--local-search"", ""false"", ""--stop"", ""gen"", ""--max-gen"", ""100"", ""--edge-epsilon"", ""1e-06"", ""--save-generation-trace"", ""true"", ""--save-linkage-events"", ""false"", ""--save-graph-snapshots"", ""false"", ""--graph-snapshot-interval"", ""1"", ""--graph-snapshot-min-weight"", ""0.0"", ""--lr-gap-gen"", ""1"", ""--lr-min-samples"", ""10"", ""--lr-sparse-alpha"", ""0.001"", ""--lr-auto-alpha"", ""true"", ""--lr-alpha-c"", ""0.2"", ""--lr-delta"", ""0.05"", ""--lr-auto-min-samples"", ""true"", ""--lr-min-samples-c"", ""2.0"", ""--lr-stability-subsamples"", ""0"", ""--lr-stability-fraction"", ""0.75"", ""--lr-edge-min-weight"", ""0.0"", ""--lr-encoding"", ""binary"", ""--lr-solver"", ""auto"", ""--lr-matrix-free-threshold"", ""700"", ""--lr-matrix-free-max-iter"", ""8"", ""--lr-matrix-free-tol"", ""0.0001"", ""--lr-matrix-free-step-scale"", ""0.5"", ""--lr-matrix-free-dtype"", ""float32"", ""--build-building-blocks"", ""true"", ""--bb-weight-mode"", ""positive"", ""--bb-search-mode"", ""uniform"", ""--bb-min-block-size"", ""2"", ""--bb-max-blocks"", ""20"", ""--bb-snapshot-interval"", ""1"", ""--bb-external-penalty"", ""0.25"", ""--bb-size-penalty"", ""0.01"", ""--bb-pattern-top-fraction"", ""0.2"", ""--bb-pattern-min-support"", ""2"", ""--bb-refine-fraction"", ""0.2"", ""--bb-accept-equal-sparser"", ""true"", ""--bb-shuffle-blocks"", ""true"", ""--bb-signed-repair-probability"", ""0.75"", ""--pre-lr-explore"", ""false"", ""--pre-lr-mutation-multiplier"", ""3.0"", ""--pre-lr-immigrant-rate"", ""0.1"", ""--artifact-layout"", ""nested"", ""--write-aggregate-outputs"", ""false"", ""--lr-expected-edges"", ""60"", ""--lr-refit-expected-edges"", ""30"", ""--bb-gawll-update-interval"", ""10"", ""--bb-max-refine-trials"", ""10"", ""--repeat-id"", ""0"", ""--outer-fold-id"", ""2""]"
135,Bioresponse_task363620,2,1,0,3,..\Results\results_fs_uniform_positive_medium_highdim\Bioresponse_task363620\empirical_linkage_legacy_uniform_positive,"[""Bioresponse_task363620"", ""2"", ""1"", ""--data-dir"", ""../Dataset/prepared_feature_selection"", ""--output-dir"", ""..\\Results\\results_fs_uniform_positive_medium_highdim\\Bioresponse_task363620\\empirical_linkage_legacy_uniform_positive"", ""--outer-folds"", ""4"", ""--inner-folds"", ""4"", ""--repeats"", ""3"", ""--seed"", ""1"", ""--shuffle"", ""true"", ""--popsize"", ""100"", ""--p-cross"", ""0.4"", ""--tournament-size"", ""3"", ""--tau-reset"", ""50"", ""--resetpop-rate"", ""0.99"", ""--local-search"", ""false"", ""--stop"", ""gen"", ""--max-gen"", ""100"", ""--edge-epsilon"", ""1e-06"", ""--save-generation-trace"", ""true"", ""--save-linkage-events"", ""false"", ""--save-graph-snapshots"", ""false"", ""--graph-snapshot-interval"", ""1"", ""--graph-snapshot-min-weight"", ""0.0"", ""--lr-gap-gen"", ""1"", ""--lr-min-samples"", ""10"", ""--lr-sparse-alpha"", ""0.001"", ""--lr-auto-alpha"", ""true"", ""--lr-alpha-c"", ""0.2"", ""--lr-delta"", ""0.05"", ""--lr-auto-min-samples"", ""true"", ""--lr-min-samples-c"", ""2.0"", ""--lr-stability-subsamples"", ""0"", ""--lr-stability-fraction"", ""0.75"", ""--lr-edge-min-weight"", ""0.0"", ""--lr-encoding"", ""binary"", ""--lr-solver"", ""auto"", ""--lr-matrix-free-threshold"", ""700"", ""--lr-matrix-free-max-iter"", ""8"", ""--lr-matrix-free-tol"", ""0.0001"", ""--lr-matrix-free-step-scale"", ""0.5"", ""--lr-matrix-free-dtype"", ""float32"", ""--build-building-blocks"", ""true"", ""--bb-weight-mode"", ""positive"", ""--bb-search-mode"", ""uniform"", ""--bb-min-block-size"", ""2"", ""--bb-max-blocks"", ""20"", ""--bb-snapshot-interval"", ""1"", ""--bb-external-penalty"", ""0.25"", ""--bb-size-penalty"", ""0.01"", ""--bb-pattern-top-fraction"", ""0.2"", ""--bb-pattern-min-support"", ""2"", ""--bb-refine-fraction"", ""0.2"", ""--bb-accept-equal-sparser"", ""true"", ""--bb-shuffle-blocks"", ""true"", ""--bb-signed-repair-probability"", ""0.75"", ""--pre-lr-explore"", ""false"", ""--pre-lr-mutation-multiplier"", ""3.0"", ""--pre-lr-immigrant-rate"", ""0.1"", ""--artifact-layout"", ""nested"", ""--write-aggregate-outputs"", ""false"", ""--lr-expected-edges"", ""60"", ""--lr-refit-expected-edges"", ""30"", ""--bb-gawll-update-interval"", ""10"", ""--bb-max-refine-trials"", ""10"", ""--repeat-id"", ""0"", ""--outer-fold-id"", ""3""]"
136,Bioresponse_task363620,2,1,1,0,..\Results\results_fs_uniform_positive_medium_highdim\Bioresponse_task363620\empirical_linkage_legacy_uniform_positive,"[""Bioresponse_task363620"", ""2"", ""1"", ""--data-dir"", ""../Dataset/prepared_feature_selection"", ""--output-dir"", ""..\\Results\\results_fs_uniform_positive_medium_highdim\\Bioresponse_task363620\\empirical_linkage_legacy_uniform_positive"", ""--outer-folds"", ""4"", ""--inner-folds"", ""4"", ""--repeats"", ""3"", ""--seed"", ""1"", ""--shuffle"", ""true"", ""--popsize"", ""100"", ""--p-cross"", ""0.4"", ""--tournament-size"", ""3"", ""--tau-reset"", ""50"", ""--resetpop-rate"", ""0.99"", ""--local-search"", ""false"", ""--stop"", ""gen"", ""--max-gen"", ""100"", ""--edge-epsilon"", ""1e-06"", ""--save-generation-trace"", ""true"", ""--save-linkage-events"", ""false"", ""--save-graph-snapshots"", ""false"", ""--graph-snapshot-interval"", ""1"", ""--graph-snapshot-min-weight"", ""0.0"", ""--lr-gap-gen"", ""1"", ""--lr-min-samples"", ""10"", ""--lr-sparse-alpha"", ""0.001"", ""--lr-auto-alpha"", ""true"", ""--lr-alpha-c"", ""0.2"", ""--lr-delta"", ""0.05"", ""--lr-auto-min-samples"", ""true"", ""--lr-min-samples-c"", ""2.0"", ""--lr-stability-subsamples"", ""0"", ""--lr-stability-fraction"", ""0.75"", ""--lr-edge-min-weight"", ""0.0"", ""--lr-encoding"", ""binary"", ""--lr-solver"", ""auto"", ""--lr-matrix-free-threshold"", ""700"", ""--lr-matrix-free-max-iter"", ""8"", ""--lr-matrix-free-tol"", ""0.0001"", ""--lr-matrix-free-step-scale"", ""0.5"", ""--lr-matrix-free-dtype"", ""float32"", ""--build-building-blocks"", ""true"", ""--bb-weight-mode"", ""positive"", ""--bb-search-mode"", ""uniform"", ""--bb-min-block-size"", ""2"", ""--bb-max-blocks"", ""20"", ""--bb-snapshot-interval"", ""1"", ""--bb-external-penalty"", ""0.25"", ""--bb-size-penalty"", ""0.01"", ""--bb-pattern-top-fraction"", ""0.2"", ""--bb-pattern-min-support"", ""2"", ""--bb-refine-fraction"", ""0.2"", ""--bb-accept-equal-sparser"", ""true"", ""--bb-shuffle-blocks"", ""true"", ""--bb-signed-repair-probability"", ""0.75"", ""--pre-lr-explore"", ""false"", ""--pre-lr-mutation-multiplier"", ""3.0"", ""--pre-lr-immigrant-rate"", ""0.1"", ""--artifact-layout"", ""nested"", ""--write-aggregate-outputs"", ""false"", ""--lr-expected-edges"", ""60"", ""--lr-refit-expected-edges"", ""30"", ""--bb-gawll-update-interval"", ""10"", ""--bb-max-refine-trials"", ""10"", ""--repeat-id"", ""1"", ""--outer-fold-id"", ""0""]"
137,Bioresponse_task363620,2,1,1,1,..\Results\results_fs_uniform_positive_medium_highdim\Bioresponse_task363620\empirical_linkage_legacy_uniform_positive,"[""Bioresponse_task363620"", ""2"", ""1"", ""--data-dir"", ""../Dataset/prepared_feature_selection"", ""--output-dir"", ""..\\Results\\results_fs_uniform_positive_medium_highdim\\Bioresponse_task363620\\empirical_linkage_legacy_uniform_positive"", ""--outer-folds"", ""4"", ""--inner-folds"", ""4"", ""--repeats"", ""3"", ""--seed"", ""1"", ""--shuffle"", ""true"", ""--popsize"", ""100"", ""--p-cross"", ""0.4"", ""--tournament-size"", ""3"", ""--tau-reset"", ""50"", ""--resetpop-rate"", ""0.99"", ""--local-search"", ""false"", ""--stop"", ""gen"", ""--max-gen"", ""100"", ""--edge-epsilon"", ""1e-06"", ""--save-generation-trace"", ""true"", ""--save-linkage-events"", ""false"", ""--save-graph-snapshots"", ""false"", ""--graph-snapshot-interval"", ""1"", ""--graph-snapshot-min-weight"", ""0.0"", ""--lr-gap-gen"", ""1"", ""--lr-min-samples"", ""10"", ""--lr-sparse-alpha"", ""0.001"", ""--lr-auto-alpha"", ""true"", ""--lr-alpha-c"", ""0.2"", ""--lr-delta"", ""0.05"", ""--lr-auto-min-samples"", ""true"", ""--lr-min-samples-c"", ""2.0"", ""--lr-stability-subsamples"", ""0"", ""--lr-stability-fraction"", ""0.75"", ""--lr-edge-min-weight"", ""0.0"", ""--lr-encoding"", ""binary"", ""--lr-solver"", ""auto"", ""--lr-matrix-free-threshold"", ""700"", ""--lr-matrix-free-max-iter"", ""8"", ""--lr-matrix-free-tol"", ""0.0001"", ""--lr-matrix-free-step-scale"", ""0.5"", ""--lr-matrix-free-dtype"", ""float32"", ""--build-building-blocks"", ""true"", ""--bb-weight-mode"", ""positive"", ""--bb-search-mode"", ""uniform"", ""--bb-min-block-size"", ""2"", ""--bb-max-blocks"", ""20"", ""--bb-snapshot-interval"", ""1"", ""--bb-external-penalty"", ""0.25"", ""--bb-size-penalty"", ""0.01"", ""--bb-pattern-top-fraction"", ""0.2"", ""--bb-pattern-min-support"", ""2"", ""--bb-refine-fraction"", ""0.2"", ""--bb-accept-equal-sparser"", ""true"", ""--bb-shuffle-blocks"", ""true"", ""--bb-signed-repair-probability"", ""0.75"", ""--pre-lr-explore"", ""false"", ""--pre-lr-mutation-multiplier"", ""3.0"", ""--pre-lr-immigrant-rate"", ""0.1"", ""--artifact-layout"", ""nested"", ""--write-aggregate-outputs"", ""false"", ""--lr-expected-edges"", ""60"", ""--lr-refit-expected-edges"", ""30"", ""--bb-gawll-update-interval"", ""10"", ""--bb-max-refine-trials"", ""10"", ""--repeat-id"", ""1"", ""--outer-fold-id"", ""1""]"
138,Bioresponse_task363620,2,1,1,2,..\Results\results_fs_uniform_positive_medium_highdim\Bioresponse_task363620\empirical_linkage_legacy_uniform_positive,"[""Bioresponse_task363620"", ""2"", ""1"", ""--data-dir"", ""../Dataset/prepared_feature_selection"", ""--output-dir"", ""..\\Results\\results_fs_uniform_positive_medium_highdim\\Bioresponse_task363620\\empirical_linkage_legacy_uniform_positive"", ""--outer-folds"", ""4"", ""--inner-folds"", ""4"", ""--repeats"", ""3"", ""--seed"", ""1"", ""--shuffle"", ""true"", ""--popsize"", ""100"", ""--p-cross"", ""0.4"", ""--tournament-size"", ""3"", ""--tau-reset"", ""50"", ""--resetpop-rate"", ""0.99"", ""--local-search"", ""false"", ""--stop"", ""gen"", ""--max-gen"", ""100"", ""--edge-epsilon"", ""1e-06"", ""--save-generation-trace"", ""true"", ""--save-linkage-events"", ""false"", ""--save-graph-snapshots"", ""false"", ""--graph-snapshot-interval"", ""1"", ""--graph-snapshot-min-weight"", ""0.0"", ""--lr-gap-gen"", ""1"", ""--lr-min-samples"", ""10"", ""--lr-sparse-alpha"", ""0.001"", ""--lr-auto-alpha"", ""true"", ""--lr-alpha-c"", ""0.2"", ""--lr-delta"", ""0.05"", ""--lr-auto-min-samples"", ""true"", ""--lr-min-samples-c"", ""2.0"", ""--lr-stability-subsamples"", ""0"", ""--lr-stability-fraction"", ""0.75"", ""--lr-edge-min-weight"", ""0.0"", ""--lr-encoding"", ""binary"", ""--lr-solver"", ""auto"", ""--lr-matrix-free-threshold"", ""700"", ""--lr-matrix-free-max-iter"", ""8"", ""--lr-matrix-free-tol"", ""0.0001"", ""--lr-matrix-free-step-scale"", ""0.5"", ""--lr-matrix-free-dtype"", ""float32"", ""--build-building-blocks"", ""true"", ""--bb-weight-mode"", ""positive"", ""--bb-search-mode"", ""uniform"", ""--bb-min-block-size"", ""2"", ""--bb-max-blocks"", ""20"", ""--bb-snapshot-interval"", ""1"", ""--bb-external-penalty"", ""0.25"", ""--bb-size-penalty"", ""0.01"", ""--bb-pattern-top-fraction"", ""0.2"", ""--bb-pattern-min-support"", ""2"", ""--bb-refine-fraction"", ""0.2"", ""--bb-accept-equal-sparser"", ""true"", ""--bb-shuffle-blocks"", ""true"", ""--bb-signed-repair-probability"", ""0.75"", ""--pre-lr-explore"", ""false"", ""--pre-lr-mutation-multiplier"", ""3.0"", ""--pre-lr-immigrant-rate"", ""0.1"", ""--artifact-layout"", ""nested"", ""--write-aggregate-outputs"", ""false"", ""--lr-expected-edges"", ""60"", ""--lr-refit-expected-edges"", ""30"", ""--bb-gawll-update-interval"", ""10"", ""--bb-max-refine-trials"", ""10"", ""--repeat-id"", ""1"", ""--outer-fold-id"", ""2""]"
139,Bioresponse_task363620,2,1,1,3,..\Results\results_fs_uniform_positive_medium_highdim\Bioresponse_task363620\empirical_linkage_legacy_uniform_positive,"[""Bioresponse_task363620"", ""2"", ""1"", ""--data-dir"", ""../Dataset/prepared_feature_selection"", ""--output-dir"", ""..\\Results\\results_fs_uniform_positive_medium_highdim\\Bioresponse_task363620\\empirical_linkage_legacy_uniform_positive"", ""--outer-folds"", ""4"", ""--inner-folds"", ""4"", ""--repeats"", ""3"", ""--seed"", ""1"", ""--shuffle"", ""true"", ""--popsize"", ""100"", ""--p-cross"", ""0.4"", ""--tournament-size"", ""3"", ""--tau-reset"", ""50"", ""--resetpop-rate"", ""0.99"", ""--local-search"", ""false"", ""--stop"", ""gen"", ""--max-gen"", ""100"", ""--edge-epsilon"", ""1e-06"", ""--save-generation-trace"", ""true"", ""--save-linkage-events"", ""false"", ""--save-graph-snapshots"", ""false"", ""--graph-snapshot-interval"", ""1"", ""--graph-snapshot-min-weight"", ""0.0"", ""--lr-gap-gen"", ""1"", ""--lr-min-samples"", ""10"", ""--lr-sparse-alpha"", ""0.001"", ""--lr-auto-alpha"", ""true"", ""--lr-alpha-c"", ""0.2"", ""--lr-delta"", ""0.05"", ""--lr-auto-min-samples"", ""true"", ""--lr-min-samples-c"", ""2.0"", ""--lr-stability-subsamples"", ""0"", ""--lr-stability-fraction"", ""0.75"", ""--lr-edge-min-weight"", ""0.0"", ""--lr-encoding"", ""binary"", ""--lr-solver"", ""auto"", ""--lr-matrix-free-threshold"", ""700"", ""--lr-matrix-free-max-iter"", ""8"", ""--lr-matrix-free-tol"", ""0.0001"", ""--lr-matrix-free-step-scale"", ""0.5"", ""--lr-matrix-free-dtype"", ""float32"", ""--build-building-blocks"", ""true"", ""--bb-weight-mode"", ""positive"", ""--bb-search-mode"", ""uniform"", ""--bb-min-block-size"", ""2"", ""--bb-max-blocks"", ""20"", ""--bb-snapshot-interval"", ""1"", ""--bb-external-penalty"", ""0.25"", ""--bb-size-penalty"", ""0.01"", ""--bb-pattern-top-fraction"", ""0.2"", ""--bb-pattern-min-support"", ""2"", ""--bb-refine-fraction"", ""0.2"", ""--bb-accept-equal-sparser"", ""true"", ""--bb-shuffle-blocks"", ""true"", ""--bb-signed-repair-probability"", ""0.75"", ""--pre-lr-explore"", ""false"", ""--pre-lr-mutation-multiplier"", ""3.0"", ""--pre-lr-immigrant-rate"", ""0.1"", ""--artifact-layout"", ""nested"", ""--write-aggregate-outputs"", ""false"", ""--lr-expected-edges"", ""60"", ""--lr-refit-expected-edges"", ""30"", ""--bb-gawll-update-interval"", ""10"", ""--bb-max-refine-trials"", ""10"", ""--repeat-id"", ""1"", ""--outer-fold-id"", ""3""]"
140,Bioresponse_task363620,2,1,2,0,..\Results\results_fs_uniform_positive_medium_highdim\Bioresponse_task363620\empirical_linkage_legacy_uniform_positive,"[""Bioresponse_task363620"", ""2"", ""1"", ""--data-dir"", ""../Dataset/prepared_feature_selection"", ""--output-dir"", ""..\\Results\\results_fs_uniform_positive_medium_highdim\\Bioresponse_task363620\\empirical_linkage_legacy_uniform_positive"", ""--outer-folds"", ""4"", ""--inner-folds"", ""4"", ""--repeats"", ""3"", ""--seed"", ""1"", ""--shuffle"", ""true"", ""--popsize"", ""100"", ""--p-cross"", ""0.4"", ""--tournament-size"", ""3"", ""--tau-reset"", ""50"", ""--resetpop-rate"", ""0.99"", ""--local-search"", ""false"", ""--stop"", ""gen"", ""--max-gen"", ""100"", ""--edge-epsilon"", ""1e-06"", ""--save-generation-trace"", ""true"", ""--save-linkage-events"", ""false"", ""--save-graph-snapshots"", ""false"", ""--graph-snapshot-interval"", ""1"", ""--graph-snapshot-min-weight"", ""0.0"", ""--lr-gap-gen"", ""1"", ""--lr-min-samples"", ""10"", ""--lr-sparse-alpha"", ""0.001"", ""--lr-auto-alpha"", ""true"", ""--lr-alpha-c"", ""0.2"", ""--lr-delta"", ""0.05"", ""--lr-auto-min-samples"", ""true"", ""--lr-min-samples-c"", ""2.0"", ""--lr-stability-subsamples"", ""0"", ""--lr-stability-fraction"", ""0.75"", ""--lr-edge-min-weight"", ""0.0"", ""--lr-encoding"", ""binary"", ""--lr-solver"", ""auto"", ""--lr-matrix-free-threshold"", ""700"", ""--lr-matrix-free-max-iter"", ""8"", ""--lr-matrix-free-tol"", ""0.0001"", ""--lr-matrix-free-step-scale"", ""0.5"", ""--lr-matrix-free-dtype"", ""float32"", ""--build-building-blocks"", ""true"", ""--bb-weight-mode"", ""positive"", ""--bb-search-mode"", ""uniform"", ""--bb-min-block-size"", ""2"", ""--bb-max-blocks"", ""20"", ""--bb-snapshot-interval"", ""1"", ""--bb-external-penalty"", ""0.25"", ""--bb-size-penalty"", ""0.01"", ""--bb-pattern-top-fraction"", ""0.2"", ""--bb-pattern-min-support"", ""2"", ""--bb-refine-fraction"", ""0.2"", ""--bb-accept-equal-sparser"", ""true"", ""--bb-shuffle-blocks"", ""true"", ""--bb-signed-repair-probability"", ""0.75"", ""--pre-lr-explore"", ""false"", ""--pre-lr-mutation-multiplier"", ""3.0"", ""--pre-lr-immigrant-rate"", ""0.1"", ""--artifact-layout"", ""nested"", ""--write-aggregate-outputs"", ""false"", ""--lr-expected-edges"", ""60"", ""--lr-refit-expected-edges"", ""30"", ""--bb-gawll-update-interval"", ""10"", ""--bb-max-refine-trials"", ""10"", ""--repeat-id"", ""2"", ""--outer-fold-id"", ""0""]"
141,Bioresponse_task363620,2,1,2,1,..\Results\results_fs_uniform_positive_medium_highdim\Bioresponse_task363620\empirical_linkage_legacy_uniform_positive,"[""Bioresponse_task363620"", ""2"", ""1"", ""--data-dir"", ""../Dataset/prepared_feature_selection"", ""--output-dir"", ""..\\Results\\results_fs_uniform_positive_medium_highdim\\Bioresponse_task363620\\empirical_linkage_legacy_uniform_positive"", ""--outer-folds"", ""4"", ""--inner-folds"", ""4"", ""--repeats"", ""3"", ""--seed"", ""1"", ""--shuffle"", ""true"", ""--popsize"", ""100"", ""--p-cross"", ""0.4"", ""--tournament-size"", ""3"", ""--tau-reset"", ""50"", ""--resetpop-rate"", ""0.99"", ""--local-search"", ""false"", ""--stop"", ""gen"", ""--max-gen"", ""100"", ""--edge-epsilon"", ""1e-06"", ""--save-generation-trace"", ""true"", ""--save-linkage-events"", ""false"", ""--save-graph-snapshots"", ""false"", ""--graph-snapshot-interval"", ""1"", ""--graph-snapshot-min-weight"", ""0.0"", ""--lr-gap-gen"", ""1"", ""--lr-min-samples"", ""10"", ""--lr-sparse-alpha"", ""0.001"", ""--lr-auto-alpha"", ""true"", ""--lr-alpha-c"", ""0.2"", ""--lr-delta"", ""0.05"", ""--lr-auto-min-samples"", ""true"", ""--lr-min-samples-c"", ""2.0"", ""--lr-stability-subsamples"", ""0"", ""--lr-stability-fraction"", ""0.75"", ""--lr-edge-min-weight"", ""0.0"", ""--lr-encoding"", ""binary"", ""--lr-solver"", ""auto"", ""--lr-matrix-free-threshold"", ""700"", ""--lr-matrix-free-max-iter"", ""8"", ""--lr-matrix-free-tol"", ""0.0001"", ""--lr-matrix-free-step-scale"", ""0.5"", ""--lr-matrix-free-dtype"", ""float32"", ""--build-building-blocks"", ""true"", ""--bb-weight-mode"", ""positive"", ""--bb-search-mode"", ""uniform"", ""--bb-min-block-size"", ""2"", ""--bb-max-blocks"", ""20"", ""--bb-snapshot-interval"", ""1"", ""--bb-external-penalty"", ""0.25"", ""--bb-size-penalty"", ""0.01"", ""--bb-pattern-top-fraction"", ""0.2"", ""--bb-pattern-min-support"", ""2"", ""--bb-refine-fraction"", ""0.2"", ""--bb-accept-equal-sparser"", ""true"", ""--bb-shuffle-blocks"", ""true"", ""--bb-signed-repair-probability"", ""0.75"", ""--pre-lr-explore"", ""false"", ""--pre-lr-mutation-multiplier"", ""3.0"", ""--pre-lr-immigrant-rate"", ""0.1"", ""--artifact-layout"", ""nested"", ""--write-aggregate-outputs"", ""false"", ""--lr-expected-edges"", ""60"", ""--lr-refit-expected-edges"", ""30"", ""--bb-gawll-update-interval"", ""10"", ""--bb-max-refine-trials"", ""10"", ""--repeat-id"", ""2"", ""--outer-fold-id"", ""1""]"
142,Bioresponse_task363620,2,1,2,2,..\Results\results_fs_uniform_positive_medium_highdim\Bioresponse_task363620\empirical_linkage_legacy_uniform_positive,"[""Bioresponse_task363620"", ""2"", ""1"", ""--data-dir"", ""../Dataset/prepared_feature_selection"", ""--output-dir"", ""..\\Results\\results_fs_uniform_positive_medium_highdim\\Bioresponse_task363620\\empirical_linkage_legacy_uniform_positive"", ""--outer-folds"", ""4"", ""--inner-folds"", ""4"", ""--repeats"", ""3"", ""--seed"", ""1"", ""--shuffle"", ""true"", ""--popsize"", ""100"", ""--p-cross"", ""0.4"", ""--tournament-size"", ""3"", ""--tau-reset"", ""50"", ""--resetpop-rate"", ""0.99"", ""--local-search"", ""false"", ""--stop"", ""gen"", ""--max-gen"", ""100"", ""--edge-epsilon"", ""1e-06"", ""--save-generation-trace"", ""true"", ""--save-linkage-events"", ""false"", ""--save-graph-snapshots"", ""false"", ""--graph-snapshot-interval"", ""1"", ""--graph-snapshot-min-weight"", ""0.0"", ""--lr-gap-gen"", ""1"", ""--lr-min-samples"", ""10"", ""--lr-sparse-alpha"", ""0.001"", ""--lr-auto-alpha"", ""true"", ""--lr-alpha-c"", ""0.2"", ""--lr-delta"", ""0.05"", ""--lr-auto-min-samples"", ""true"", ""--lr-min-samples-c"", ""2.0"", ""--lr-stability-subsamples"", ""0"", ""--lr-stability-fraction"", ""0.75"", ""--lr-edge-min-weight"", ""0.0"", ""--lr-encoding"", ""binary"", ""--lr-solver"", ""auto"", ""--lr-matrix-free-threshold"", ""700"", ""--lr-matrix-free-max-iter"", ""8"", ""--lr-matrix-free-tol"", ""0.0001"", ""--lr-matrix-free-step-scale"", ""0.5"", ""--lr-matrix-free-dtype"", ""float32"", ""--build-building-blocks"", ""true"", ""--bb-weight-mode"", ""positive"", ""--bb-search-mode"", ""uniform"", ""--bb-min-block-size"", ""2"", ""--bb-max-blocks"", ""20"", ""--bb-snapshot-interval"", ""1"", ""--bb-external-penalty"", ""0.25"", ""--bb-size-penalty"", ""0.01"", ""--bb-pattern-top-fraction"", ""0.2"", ""--bb-pattern-min-support"", ""2"", ""--bb-refine-fraction"", ""0.2"", ""--bb-accept-equal-sparser"", ""true"", ""--bb-shuffle-blocks"", ""true"", ""--bb-signed-repair-probability"", ""0.75"", ""--pre-lr-explore"", ""false"", ""--pre-lr-mutation-multiplier"", ""3.0"", ""--pre-lr-immigrant-rate"", ""0.1"", ""--artifact-layout"", ""nested"", ""--write-aggregate-outputs"", ""false"", ""--lr-expected-edges"", ""60"", ""--lr-refit-expected-edges"", ""30"", ""--bb-gawll-update-interval"", ""10"", ""--bb-max-refine-trials"", ""10"", ""--repeat-id"", ""2"", ""--outer-fold-id"", ""2""]"
143,Bioresponse_task363620,2,1,2,3,..\Results\results_fs_uniform_positive_medium_highdim\Bioresponse_task363620\empirical_linkage_legacy_uniform_positive,"[""Bioresponse_task363620"", ""2"", ""1"", ""--data-dir"", ""../Dataset/prepared_feature_selection"", ""--output-dir"", ""..\\Results\\results_fs_uniform_positive_medium_highdim\\Bioresponse_task363620\\empirical_linkage_legacy_uniform_positive"", ""--outer-folds"", ""4"", ""--inner-folds"", ""4"", ""--repeats"", ""3"", ""--seed"", ""1"", ""--shuffle"", ""true"", ""--popsize"", ""100"", ""--p-cross"", ""0.4"", ""--tournament-size"", ""3"", ""--tau-reset"", ""50"", ""--resetpop-rate"", ""0.99"", ""--local-search"", ""false"", ""--stop"", ""gen"", ""--max-gen"", ""100"", ""--edge-epsilon"", ""1e-06"", ""--save-generation-trace"", ""true"", ""--save-linkage-events"", ""false"", ""--save-graph-snapshots"", ""false"", ""--graph-snapshot-interval"", ""1"", ""--graph-snapshot-min-weight"", ""0.0"", ""--lr-gap-gen"", ""1"", ""--lr-min-samples"", ""10"", ""--lr-sparse-alpha"", ""0.001"", ""--lr-auto-alpha"", ""true"", ""--lr-alpha-c"", ""0.2"", ""--lr-delta"", ""0.05"", ""--lr-auto-min-samples"", ""true"", ""--lr-min-samples-c"", ""2.0"", ""--lr-stability-subsamples"", ""0"", ""--lr-stability-fraction"", ""0.75"", ""--lr-edge-min-weight"", ""0.0"", ""--lr-encoding"", ""binary"", ""--lr-solver"", ""auto"", ""--lr-matrix-free-threshold"", ""700"", ""--lr-matrix-free-max-iter"", ""8"", ""--lr-matrix-free-tol"", ""0.0001"", ""--lr-matrix-free-step-scale"", ""0.5"", ""--lr-matrix-free-dtype"", ""float32"", ""--build-building-blocks"", ""true"", ""--bb-weight-mode"", ""positive"", ""--bb-search-mode"", ""uniform"", ""--bb-min-block-size"", ""2"", ""--bb-max-blocks"", ""20"", ""--bb-snapshot-interval"", ""1"", ""--bb-external-penalty"", ""0.25"", ""--bb-size-penalty"", ""0.01"", ""--bb-pattern-top-fraction"", ""0.2"", ""--bb-pattern-min-support"", ""2"", ""--bb-refine-fraction"", ""0.2"", ""--bb-accept-equal-sparser"", ""true"", ""--bb-shuffle-blocks"", ""true"", ""--bb-signed-repair-probability"", ""0.75"", ""--pre-lr-explore"", ""false"", ""--pre-lr-mutation-multiplier"", ""3.0"", ""--pre-lr-immigrant-rate"", ""0.1"", ""--artifact-layout"", ""nested"", ""--write-aggregate-outputs"", ""false"", ""--lr-expected-edges"", ""60"", ""--lr-refit-expected-edges"", ""30"", ""--bb-gawll-update-interval"", ""10"", ""--bb-max-refine-trials"", ""10"", ""--repeat-id"", ""2"", ""--outer-fold-id"", ""3""]"
144,colon_asu,2,1,0,0,..\Results\results_fs_uniform_positive_medium_highdim\colon_asu\empirical_linkage_legacy_uniform_positive,"[""colon_asu"", ""2"", ""1"", ""--data-dir"", ""../Dataset/prepared_feature_selection"", ""--output-dir"", ""..\\Results\\results_fs_uniform_positive_medium_highdim\\colon_asu\\empirical_linkage_legacy_uniform_positive"", ""--outer-folds"", ""4"", ""--inner-folds"", ""4"", ""--repeats"", ""3"", ""--seed"", ""1"", ""--shuffle"", ""true"", ""--popsize"", ""100"", ""--p-cross"", ""0.4"", ""--tournament-size"", ""3"", ""--tau-reset"", ""50"", ""--resetpop-rate"", ""0.99"", ""--local-search"", ""false"", ""--stop"", ""gen"", ""--max-gen"", ""100"", ""--edge-epsilon"", ""1e-06"", ""--save-generation-trace"", ""true"", ""--save-linkage-events"", ""false"", ""--save-graph-snapshots"", ""false"", ""--graph-snapshot-interval"", ""1"", ""--graph-snapshot-min-weight"", ""0.0"", ""--lr-gap-gen"", ""1"", ""--lr-min-samples"", ""10"", ""--lr-sparse-alpha"", ""0.001"", ""--lr-auto-alpha"", ""true"", ""--lr-alpha-c"", ""0.2"", ""--lr-delta"", ""0.05"", ""--lr-auto-min-samples"", ""true"", ""--lr-min-samples-c"", ""2.0"", ""--lr-stability-subsamples"", ""0"", ""--lr-stability-fraction"", ""0.75"", ""--lr-edge-min-weight"", ""0.0"", ""--lr-encoding"", ""binary"", ""--lr-solver"", ""auto"", ""--lr-matrix-free-threshold"", ""700"", ""--lr-matrix-free-max-iter"", ""8"", ""--lr-matrix-free-tol"", ""0.0001"", ""--lr-matrix-free-step-scale"", ""0.5"", ""--lr-matrix-free-dtype"", ""float32"", ""--build-building-blocks"", ""true"", ""--bb-weight-mode"", ""positive"", ""--bb-search-mode"", ""uniform"", ""--bb-min-block-size"", ""2"", ""--bb-max-blocks"", ""20"", ""--bb-snapshot-interval"", ""1"", ""--bb-external-penalty"", ""0.25"", ""--bb-size-penalty"", ""0.01"", ""--bb-pattern-top-fraction"", ""0.2"", ""--bb-pattern-min-support"", ""2"", ""--bb-refine-fraction"", ""0.2"", ""--bb-accept-equal-sparser"", ""true"", ""--bb-shuffle-blocks"", ""true"", ""--bb-signed-repair-probability"", ""0.75"", ""--pre-lr-explore"", ""false"", ""--pre-lr-mutation-multiplier"", ""3.0"", ""--pre-lr-immigrant-rate"", ""0.1"", ""--artifact-layout"", ""nested"", ""--write-aggregate-outputs"", ""false"", ""--lr-expected-edges"", ""60"", ""--lr-refit-expected-edges"", ""30"", ""--bb-gawll-update-interval"", ""10"", ""--bb-max-refine-trials"", ""10"", ""--repeat-id"", ""0"", ""--outer-fold-id"", ""0""]"
145,colon_asu,2,1,0,1,..\Results\results_fs_uniform_positive_medium_highdim\colon_asu\empirical_linkage_legacy_uniform_positive,"[""colon_asu"", ""2"", ""1"", ""--data-dir"", ""../Dataset/prepared_feature_selection"", ""--output-dir"", ""..\\Results\\results_fs_uniform_positive_medium_highdim\\colon_asu\\empirical_linkage_legacy_uniform_positive"", ""--outer-folds"", ""4"", ""--inner-folds"", ""4"", ""--repeats"", ""3"", ""--seed"", ""1"", ""--shuffle"", ""true"", ""--popsize"", ""100"", ""--p-cross"", ""0.4"", ""--tournament-size"", ""3"", ""--tau-reset"", ""50"", ""--resetpop-rate"", ""0.99"", ""--local-search"", ""false"", ""--stop"", ""gen"", ""--max-gen"", ""100"", ""--edge-epsilon"", ""1e-06"", ""--save-generation-trace"", ""true"", ""--save-linkage-events"", ""false"", ""--save-graph-snapshots"", ""false"", ""--graph-snapshot-interval"", ""1"", ""--graph-snapshot-min-weight"", ""0.0"", ""--lr-gap-gen"", ""1"", ""--lr-min-samples"", ""10"", ""--lr-sparse-alpha"", ""0.001"", ""--lr-auto-alpha"", ""true"", ""--lr-alpha-c"", ""0.2"", ""--lr-delta"", ""0.05"", ""--lr-auto-min-samples"", ""true"", ""--lr-min-samples-c"", ""2.0"", ""--lr-stability-subsamples"", ""0"", ""--lr-stability-fraction"", ""0.75"", ""--lr-edge-min-weight"", ""0.0"", ""--lr-encoding"", ""binary"", ""--lr-solver"", ""auto"", ""--lr-matrix-free-threshold"", ""700"", ""--lr-matrix-free-max-iter"", ""8"", ""--lr-matrix-free-tol"", ""0.0001"", ""--lr-matrix-free-step-scale"", ""0.5"", ""--lr-matrix-free-dtype"", ""float32"", ""--build-building-blocks"", ""true"", ""--bb-weight-mode"", ""positive"", ""--bb-search-mode"", ""uniform"", ""--bb-min-block-size"", ""2"", ""--bb-max-blocks"", ""20"", ""--bb-snapshot-interval"", ""1"", ""--bb-external-penalty"", ""0.25"", ""--bb-size-penalty"", ""0.01"", ""--bb-pattern-top-fraction"", ""0.2"", ""--bb-pattern-min-support"", ""2"", ""--bb-refine-fraction"", ""0.2"", ""--bb-accept-equal-sparser"", ""true"", ""--bb-shuffle-blocks"", ""true"", ""--bb-signed-repair-probability"", ""0.75"", ""--pre-lr-explore"", ""false"", ""--pre-lr-mutation-multiplier"", ""3.0"", ""--pre-lr-immigrant-rate"", ""0.1"", ""--artifact-layout"", ""nested"", ""--write-aggregate-outputs"", ""false"", ""--lr-expected-edges"", ""60"", ""--lr-refit-expected-edges"", ""30"", ""--bb-gawll-update-interval"", ""10"", ""--bb-max-refine-trials"", ""10"", ""--repeat-id"", ""0"", ""--outer-fold-id"", ""1""]"
146,colon_asu,2,1,0,2,..\Results\results_fs_uniform_positive_medium_highdim\colon_asu\empirical_linkage_legacy_uniform_positive,"[""colon_asu"", ""2"", ""1"", ""--data-dir"", ""../Dataset/prepared_feature_selection"", ""--output-dir"", ""..\\Results\\results_fs_uniform_positive_medium_highdim\\colon_asu\\empirical_linkage_legacy_uniform_positive"", ""--outer-folds"", ""4"", ""--inner-folds"", ""4"", ""--repeats"", ""3"", ""--seed"", ""1"", ""--shuffle"", ""true"", ""--popsize"", ""100"", ""--p-cross"", ""0.4"", ""--tournament-size"", ""3"", ""--tau-reset"", ""50"", ""--resetpop-rate"", ""0.99"", ""--local-search"", ""false"", ""--stop"", ""gen"", ""--max-gen"", ""100"", ""--edge-epsilon"", ""1e-06"", ""--save-generation-trace"", ""true"", ""--save-linkage-events"", ""false"", ""--save-graph-snapshots"", ""false"", ""--graph-snapshot-interval"", ""1"", ""--graph-snapshot-min-weight"", ""0.0"", ""--lr-gap-gen"", ""1"", ""--lr-min-samples"", ""10"", ""--lr-sparse-alpha"", ""0.001"", ""--lr-auto-alpha"", ""true"", ""--lr-alpha-c"", ""0.2"", ""--lr-delta"", ""0.05"", ""--lr-auto-min-samples"", ""true"", ""--lr-min-samples-c"", ""2.0"", ""--lr-stability-subsamples"", ""0"", ""--lr-stability-fraction"", ""0.75"", ""--lr-edge-min-weight"", ""0.0"", ""--lr-encoding"", ""binary"", ""--lr-solver"", ""auto"", ""--lr-matrix-free-threshold"", ""700"", ""--lr-matrix-free-max-iter"", ""8"", ""--lr-matrix-free-tol"", ""0.0001"", ""--lr-matrix-free-step-scale"", ""0.5"", ""--lr-matrix-free-dtype"", ""float32"", ""--build-building-blocks"", ""true"", ""--bb-weight-mode"", ""positive"", ""--bb-search-mode"", ""uniform"", ""--bb-min-block-size"", ""2"", ""--bb-max-blocks"", ""20"", ""--bb-snapshot-interval"", ""1"", ""--bb-external-penalty"", ""0.25"", ""--bb-size-penalty"", ""0.01"", ""--bb-pattern-top-fraction"", ""0.2"", ""--bb-pattern-min-support"", ""2"", ""--bb-refine-fraction"", ""0.2"", ""--bb-accept-equal-sparser"", ""true"", ""--bb-shuffle-blocks"", ""true"", ""--bb-signed-repair-probability"", ""0.75"", ""--pre-lr-explore"", ""false"", ""--pre-lr-mutation-multiplier"", ""3.0"", ""--pre-lr-immigrant-rate"", ""0.1"", ""--artifact-layout"", ""nested"", ""--write-aggregate-outputs"", ""false"", ""--lr-expected-edges"", ""60"", ""--lr-refit-expected-edges"", ""30"", ""--bb-gawll-update-interval"", ""10"", ""--bb-max-refine-trials"", ""10"", ""--repeat-id"", ""0"", ""--outer-fold-id"", ""2""]"
147,colon_asu,2,1,0,3,..\Results\results_fs_uniform_positive_medium_highdim\colon_asu\empirical_linkage_legacy_uniform_positive,"[""colon_asu"", ""2"", ""1"", ""--data-dir"", ""../Dataset/prepared_feature_selection"", ""--output-dir"", ""..\\Results\\results_fs_uniform_positive_medium_highdim\\colon_asu\\empirical_linkage_legacy_uniform_positive"", ""--outer-folds"", ""4"", ""--inner-folds"", ""4"", ""--repeats"", ""3"", ""--seed"", ""1"", ""--shuffle"", ""true"", ""--popsize"", ""100"", ""--p-cross"", ""0.4"", ""--tournament-size"", ""3"", ""--tau-reset"", ""50"", ""--resetpop-rate"", ""0.99"", ""--local-search"", ""false"", ""--stop"", ""gen"", ""--max-gen"", ""100"", ""--edge-epsilon"", ""1e-06"", ""--save-generation-trace"", ""true"", ""--save-linkage-events"", ""false"", ""--save-graph-snapshots"", ""false"", ""--graph-snapshot-interval"", ""1"", ""--graph-snapshot-min-weight"", ""0.0"", ""--lr-gap-gen"", ""1"", ""--lr-min-samples"", ""10"", ""--lr-sparse-alpha"", ""0.001"", ""--lr-auto-alpha"", ""true"", ""--lr-alpha-c"", ""0.2"", ""--lr-delta"", ""0.05"", ""--lr-auto-min-samples"", ""true"", ""--lr-min-samples-c"", ""2.0"", ""--lr-stability-subsamples"", ""0"", ""--lr-stability-fraction"", ""0.75"", ""--lr-edge-min-weight"", ""0.0"", ""--lr-encoding"", ""binary"", ""--lr-solver"", ""auto"", ""--lr-matrix-free-threshold"", ""700"", ""--lr-matrix-free-max-iter"", ""8"", ""--lr-matrix-free-tol"", ""0.0001"", ""--lr-matrix-free-step-scale"", ""0.5"", ""--lr-matrix-free-dtype"", ""float32"", ""--build-building-blocks"", ""true"", ""--bb-weight-mode"", ""positive"", ""--bb-search-mode"", ""uniform"", ""--bb-min-block-size"", ""2"", ""--bb-max-blocks"", ""20"", ""--bb-snapshot-interval"", ""1"", ""--bb-external-penalty"", ""0.25"", ""--bb-size-penalty"", ""0.01"", ""--bb-pattern-top-fraction"", ""0.2"", ""--bb-pattern-min-support"", ""2"", ""--bb-refine-fraction"", ""0.2"", ""--bb-accept-equal-sparser"", ""true"", ""--bb-shuffle-blocks"", ""true"", ""--bb-signed-repair-probability"", ""0.75"", ""--pre-lr-explore"", ""false"", ""--pre-lr-mutation-multiplier"", ""3.0"", ""--pre-lr-immigrant-rate"", ""0.1"", ""--artifact-layout"", ""nested"", ""--write-aggregate-outputs"", ""false"", ""--lr-expected-edges"", ""60"", ""--lr-refit-expected-edges"", ""30"", ""--bb-gawll-update-interval"", ""10"", ""--bb-max-refine-trials"", ""10"", ""--repeat-id"", ""0"", ""--outer-fold-id"", ""3""]"
148,colon_asu,2,1,1,0,..\Results\results_fs_uniform_positive_medium_highdim\colon_asu\empirical_linkage_legacy_uniform_positive,"[""colon_asu"", ""2"", ""1"", ""--data-dir"", ""../Dataset/prepared_feature_selection"", ""--output-dir"", ""..\\Results\\results_fs_uniform_positive_medium_highdim\\colon_asu\\empirical_linkage_legacy_uniform_positive"", ""--outer-folds"", ""4"", ""--inner-folds"", ""4"", ""--repeats"", ""3"", ""--seed"", ""1"", ""--shuffle"", ""true"", ""--popsize"", ""100"", ""--p-cross"", ""0.4"", ""--tournament-size"", ""3"", ""--tau-reset"", ""50"", ""--resetpop-rate"", ""0.99"", ""--local-search"", ""false"", ""--stop"", ""gen"", ""--max-gen"", ""100"", ""--edge-epsilon"", ""1e-06"", ""--save-generation-trace"", ""true"", ""--save-linkage-events"", ""false"", ""--save-graph-snapshots"", ""false"", ""--graph-snapshot-interval"", ""1"", ""--graph-snapshot-min-weight"", ""0.0"", ""--lr-gap-gen"", ""1"", ""--lr-min-samples"", ""10"", ""--lr-sparse-alpha"", ""0.001"", ""--lr-auto-alpha"", ""true"", ""--lr-alpha-c"", ""0.2"", ""--lr-delta"", ""0.05"", ""--lr-auto-min-samples"", ""true"", ""--lr-min-samples-c"", ""2.0"", ""--lr-stability-subsamples"", ""0"", ""--lr-stability-fraction"", ""0.75"", ""--lr-edge-min-weight"", ""0.0"", ""--lr-encoding"", ""binary"", ""--lr-solver"", ""auto"", ""--lr-matrix-free-threshold"", ""700"", ""--lr-matrix-free-max-iter"", ""8"", ""--lr-matrix-free-tol"", ""0.0001"", ""--lr-matrix-free-step-scale"", ""0.5"", ""--lr-matrix-free-dtype"", ""float32"", ""--build-building-blocks"", ""true"", ""--bb-weight-mode"", ""positive"", ""--bb-search-mode"", ""uniform"", ""--bb-min-block-size"", ""2"", ""--bb-max-blocks"", ""20"", ""--bb-snapshot-interval"", ""1"", ""--bb-external-penalty"", ""0.25"", ""--bb-size-penalty"", ""0.01"", ""--bb-pattern-top-fraction"", ""0.2"", ""--bb-pattern-min-support"", ""2"", ""--bb-refine-fraction"", ""0.2"", ""--bb-accept-equal-sparser"", ""true"", ""--bb-shuffle-blocks"", ""true"", ""--bb-signed-repair-probability"", ""0.75"", ""--pre-lr-explore"", ""false"", ""--pre-lr-mutation-multiplier"", ""3.0"", ""--pre-lr-immigrant-rate"", ""0.1"", ""--artifact-layout"", ""nested"", ""--write-aggregate-outputs"", ""false"", ""--lr-expected-edges"", ""60"", ""--lr-refit-expected-edges"", ""30"", ""--bb-gawll-update-interval"", ""10"", ""--bb-max-refine-trials"", ""10"", ""--repeat-id"", ""1"", ""--outer-fold-id"", ""0""]"
149,colon_asu,2,1,1,1,..\Results\results_fs_uniform_positive_medium_highdim\colon_asu\empirical_linkage_legacy_uniform_positive,"[""colon_asu"", ""2"", ""1"", ""--data-dir"", ""../Dataset/prepared_feature_selection"", ""--output-dir"", ""..\\Results\\results_fs_uniform_positive_medium_highdim\\colon_asu\\empirical_linkage_legacy_uniform_positive"", ""--outer-folds"", ""4"", ""--inner-folds"", ""4"", ""--repeats"", ""3"", ""--seed"", ""1"", ""--shuffle"", ""true"", ""--popsize"", ""100"", ""--p-cross"", ""0.4"", ""--tournament-size"", ""3"", ""--tau-reset"", ""50"", ""--resetpop-rate"", ""0.99"", ""--local-search"", ""false"", ""--stop"", ""gen"", ""--max-gen"", ""100"", ""--edge-epsilon"", ""1e-06"", ""--save-generation-trace"", ""true"", ""--save-linkage-events"", ""false"", ""--save-graph-snapshots"", ""false"", ""--graph-snapshot-interval"", ""1"", ""--graph-snapshot-min-weight"", ""0.0"", ""--lr-gap-gen"", ""1"", ""--lr-min-samples"", ""10"", ""--lr-sparse-alpha"", ""0.001"", ""--lr-auto-alpha"", ""true"", ""--lr-alpha-c"", ""0.2"", ""--lr-delta"", ""0.05"", ""--lr-auto-min-samples"", ""true"", ""--lr-min-samples-c"", ""2.0"", ""--lr-stability-subsamples"", ""0"", ""--lr-stability-fraction"", ""0.75"", ""--lr-edge-min-weight"", ""0.0"", ""--lr-encoding"", ""binary"", ""--lr-solver"", ""auto"", ""--lr-matrix-free-threshold"", ""700"", ""--lr-matrix-free-max-iter"", ""8"", ""--lr-matrix-free-tol"", ""0.0001"", ""--lr-matrix-free-step-scale"", ""0.5"", ""--lr-matrix-free-dtype"", ""float32"", ""--build-building-blocks"", ""true"", ""--bb-weight-mode"", ""positive"", ""--bb-search-mode"", ""uniform"", ""--bb-min-block-size"", ""2"", ""--bb-max-blocks"", ""20"", ""--bb-snapshot-interval"", ""1"", ""--bb-external-penalty"", ""0.25"", ""--bb-size-penalty"", ""0.01"", ""--bb-pattern-top-fraction"", ""0.2"", ""--bb-pattern-min-support"", ""2"", ""--bb-refine-fraction"", ""0.2"", ""--bb-accept-equal-sparser"", ""true"", ""--bb-shuffle-blocks"", ""true"", ""--bb-signed-repair-probability"", ""0.75"", ""--pre-lr-explore"", ""false"", ""--pre-lr-mutation-multiplier"", ""3.0"", ""--pre-lr-immigrant-rate"", ""0.1"", ""--artifact-layout"", ""nested"", ""--write-aggregate-outputs"", ""false"", ""--lr-expected-edges"", ""60"", ""--lr-refit-expected-edges"", ""30"", ""--bb-gawll-update-interval"", ""10"", ""--bb-max-refine-trials"", ""10"", ""--repeat-id"", ""1"", ""--outer-fold-id"", ""1""]"
150,colon_asu,2,1,1,2,..\Results\results_fs_uniform_positive_medium_highdim\colon_asu\empirical_linkage_legacy_uniform_positive,"[""colon_asu"", ""2"", ""1"", ""--data-dir"", ""../Dataset/prepared_feature_selection"", ""--output-dir"", ""..\\Results\\results_fs_uniform_positive_medium_highdim\\colon_asu\\empirical_linkage_legacy_uniform_positive"", ""--outer-folds"", ""4"", ""--inner-folds"", ""4"", ""--repeats"", ""3"", ""--seed"", ""1"", ""--shuffle"", ""true"", ""--popsize"", ""100"", ""--p-cross"", ""0.4"", ""--tournament-size"", ""3"", ""--tau-reset"", ""50"", ""--resetpop-rate"", ""0.99"", ""--local-search"", ""false"", ""--stop"", ""gen"", ""--max-gen"", ""100"", ""--edge-epsilon"", ""1e-06"", ""--save-generation-trace"", ""true"", ""--save-linkage-events"", ""false"", ""--save-graph-snapshots"", ""false"", ""--graph-snapshot-interval"", ""1"", ""--graph-snapshot-min-weight"", ""0.0"", ""--lr-gap-gen"", ""1"", ""--lr-min-samples"", ""10"", ""--lr-sparse-alpha"", ""0.001"", ""--lr-auto-alpha"", ""true"", ""--lr-alpha-c"", ""0.2"", ""--lr-delta"", ""0.05"", ""--lr-auto-min-samples"", ""true"", ""--lr-min-samples-c"", ""2.0"", ""--lr-stability-subsamples"", ""0"", ""--lr-stability-fraction"", ""0.75"", ""--lr-edge-min-weight"", ""0.0"", ""--lr-encoding"", ""binary"", ""--lr-solver"", ""auto"", ""--lr-matrix-free-threshold"", ""700"", ""--lr-matrix-free-max-iter"", ""8"", ""--lr-matrix-free-tol"", ""0.0001"", ""--lr-matrix-free-step-scale"", ""0.5"", ""--lr-matrix-free-dtype"", ""float32"", ""--build-building-blocks"", ""true"", ""--bb-weight-mode"", ""positive"", ""--bb-search-mode"", ""uniform"", ""--bb-min-block-size"", ""2"", ""--bb-max-blocks"", ""20"", ""--bb-snapshot-interval"", ""1"", ""--bb-external-penalty"", ""0.25"", ""--bb-size-penalty"", ""0.01"", ""--bb-pattern-top-fraction"", ""0.2"", ""--bb-pattern-min-support"", ""2"", ""--bb-refine-fraction"", ""0.2"", ""--bb-accept-equal-sparser"", ""true"", ""--bb-shuffle-blocks"", ""true"", ""--bb-signed-repair-probability"", ""0.75"", ""--pre-lr-explore"", ""false"", ""--pre-lr-mutation-multiplier"", ""3.0"", ""--pre-lr-immigrant-rate"", ""0.1"", ""--artifact-layout"", ""nested"", ""--write-aggregate-outputs"", ""false"", ""--lr-expected-edges"", ""60"", ""--lr-refit-expected-edges"", ""30"", ""--bb-gawll-update-interval"", ""10"", ""--bb-max-refine-trials"", ""10"", ""--repeat-id"", ""1"", ""--outer-fold-id"", ""2""]"
151,colon_asu,2,1,1,3,..\Results\results_fs_uniform_positive_medium_highdim\colon_asu\empirical_linkage_legacy_uniform_positive,"[""colon_asu"", ""2"", ""1"", ""--data-dir"", ""../Dataset/prepared_feature_selection"", ""--output-dir"", ""..\\Results\\results_fs_uniform_positive_medium_highdim\\colon_asu\\empirical_linkage_legacy_uniform_positive"", ""--outer-folds"", ""4"", ""--inner-folds"", ""4"", ""--repeats"", ""3"", ""--seed"", ""1"", ""--shuffle"", ""true"", ""--popsize"", ""100"", ""--p-cross"", ""0.4"", ""--tournament-size"", ""3"", ""--tau-reset"", ""50"", ""--resetpop-rate"", ""0.99"", ""--local-search"", ""false"", ""--stop"", ""gen"", ""--max-gen"", ""100"", ""--edge-epsilon"", ""1e-06"", ""--save-generation-trace"", ""true"", ""--save-linkage-events"", ""false"", ""--save-graph-snapshots"", ""false"", ""--graph-snapshot-interval"", ""1"", ""--graph-snapshot-min-weight"", ""0.0"", ""--lr-gap-gen"", ""1"", ""--lr-min-samples"", ""10"", ""--lr-sparse-alpha"", ""0.001"", ""--lr-auto-alpha"", ""true"", ""--lr-alpha-c"", ""0.2"", ""--lr-delta"", ""0.05"", ""--lr-auto-min-samples"", ""true"", ""--lr-min-samples-c"", ""2.0"", ""--lr-stability-subsamples"", ""0"", ""--lr-stability-fraction"", ""0.75"", ""--lr-edge-min-weight"", ""0.0"", ""--lr-encoding"", ""binary"", ""--lr-solver"", ""auto"", ""--lr-matrix-free-threshold"", ""700"", ""--lr-matrix-free-max-iter"", ""8"", ""--lr-matrix-free-tol"", ""0.0001"", ""--lr-matrix-free-step-scale"", ""0.5"", ""--lr-matrix-free-dtype"", ""float32"", ""--build-building-blocks"", ""true"", ""--bb-weight-mode"", ""positive"", ""--bb-search-mode"", ""uniform"", ""--bb-min-block-size"", ""2"", ""--bb-max-blocks"", ""20"", ""--bb-snapshot-interval"", ""1"", ""--bb-external-penalty"", ""0.25"", ""--bb-size-penalty"", ""0.01"", ""--bb-pattern-top-fraction"", ""0.2"", ""--bb-pattern-min-support"", ""2"", ""--bb-refine-fraction"", ""0.2"", ""--bb-accept-equal-sparser"", ""true"", ""--bb-shuffle-blocks"", ""true"", ""--bb-signed-repair-probability"", ""0.75"", ""--pre-lr-explore"", ""false"", ""--pre-lr-mutation-multiplier"", ""3.0"", ""--pre-lr-immigrant-rate"", ""0.1"", ""--artifact-layout"", ""nested"", ""--write-aggregate-outputs"", ""false"", ""--lr-expected-edges"", ""60"", ""--lr-refit-expected-edges"", ""30"", ""--bb-gawll-update-interval"", ""10"", ""--bb-max-refine-trials"", ""10"", ""--repeat-id"", ""1"", ""--outer-fold-id"", ""3""]"
152,colon_asu,2,1,2,0,..\Results\results_fs_uniform_positive_medium_highdim\colon_asu\empirical_linkage_legacy_uniform_positive,"[""colon_asu"", ""2"", ""1"", ""--data-dir"", ""../Dataset/prepared_feature_selection"", ""--output-dir"", ""..\\Results\\results_fs_uniform_positive_medium_highdim\\colon_asu\\empirical_linkage_legacy_uniform_positive"", ""--outer-folds"", ""4"", ""--inner-folds"", ""4"", ""--repeats"", ""3"", ""--seed"", ""1"", ""--shuffle"", ""true"", ""--popsize"", ""100"", ""--p-cross"", ""0.4"", ""--tournament-size"", ""3"", ""--tau-reset"", ""50"", ""--resetpop-rate"", ""0.99"", ""--local-search"", ""false"", ""--stop"", ""gen"", ""--max-gen"", ""100"", ""--edge-epsilon"", ""1e-06"", ""--save-generation-trace"", ""true"", ""--save-linkage-events"", ""false"", ""--save-graph-snapshots"", ""false"", ""--graph-snapshot-interval"", ""1"", ""--graph-snapshot-min-weight"", ""0.0"", ""--lr-gap-gen"", ""1"", ""--lr-min-samples"", ""10"", ""--lr-sparse-alpha"", ""0.001"", ""--lr-auto-alpha"", ""true"", ""--lr-alpha-c"", ""0.2"", ""--lr-delta"", ""0.05"", ""--lr-auto-min-samples"", ""true"", ""--lr-min-samples-c"", ""2.0"", ""--lr-stability-subsamples"", ""0"", ""--lr-stability-fraction"", ""0.75"", ""--lr-edge-min-weight"", ""0.0"", ""--lr-encoding"", ""binary"", ""--lr-solver"", ""auto"", ""--lr-matrix-free-threshold"", ""700"", ""--lr-matrix-free-max-iter"", ""8"", ""--lr-matrix-free-tol"", ""0.0001"", ""--lr-matrix-free-step-scale"", ""0.5"", ""--lr-matrix-free-dtype"", ""float32"", ""--build-building-blocks"", ""true"", ""--bb-weight-mode"", ""positive"", ""--bb-search-mode"", ""uniform"", ""--bb-min-block-size"", ""2"", ""--bb-max-blocks"", ""20"", ""--bb-snapshot-interval"", ""1"", ""--bb-external-penalty"", ""0.25"", ""--bb-size-penalty"", ""0.01"", ""--bb-pattern-top-fraction"", ""0.2"", ""--bb-pattern-min-support"", ""2"", ""--bb-refine-fraction"", ""0.2"", ""--bb-accept-equal-sparser"", ""true"", ""--bb-shuffle-blocks"", ""true"", ""--bb-signed-repair-probability"", ""0.75"", ""--pre-lr-explore"", ""false"", ""--pre-lr-mutation-multiplier"", ""3.0"", ""--pre-lr-immigrant-rate"", ""0.1"", ""--artifact-layout"", ""nested"", ""--write-aggregate-outputs"", ""false"", ""--lr-expected-edges"", ""60"", ""--lr-refit-expected-edges"", ""30"", ""--bb-gawll-update-interval"", ""10"", ""--bb-max-refine-trials"", ""10"", ""--repeat-id"", ""2"", ""--outer-fold-id"", ""0""]"
153,colon_asu,2,1,2,1,..\Results\results_fs_uniform_positive_medium_highdim\colon_asu\empirical_linkage_legacy_uniform_positive,"[""colon_asu"", ""2"", ""1"", ""--data-dir"", ""../Dataset/prepared_feature_selection"", ""--output-dir"", ""..\\Results\\results_fs_uniform_positive_medium_highdim\\colon_asu\\empirical_linkage_legacy_uniform_positive"", ""--outer-folds"", ""4"", ""--inner-folds"", ""4"", ""--repeats"", ""3"", ""--seed"", ""1"", ""--shuffle"", ""true"", ""--popsize"", ""100"", ""--p-cross"", ""0.4"", ""--tournament-size"", ""3"", ""--tau-reset"", ""50"", ""--resetpop-rate"", ""0.99"", ""--local-search"", ""false"", ""--stop"", ""gen"", ""--max-gen"", ""100"", ""--edge-epsilon"", ""1e-06"", ""--save-generation-trace"", ""true"", ""--save-linkage-events"", ""false"", ""--save-graph-snapshots"", ""false"", ""--graph-snapshot-interval"", ""1"", ""--graph-snapshot-min-weight"", ""0.0"", ""--lr-gap-gen"", ""1"", ""--lr-min-samples"", ""10"", ""--lr-sparse-alpha"", ""0.001"", ""--lr-auto-alpha"", ""true"", ""--lr-alpha-c"", ""0.2"", ""--lr-delta"", ""0.05"", ""--lr-auto-min-samples"", ""true"", ""--lr-min-samples-c"", ""2.0"", ""--lr-stability-subsamples"", ""0"", ""--lr-stability-fraction"", ""0.75"", ""--lr-edge-min-weight"", ""0.0"", ""--lr-encoding"", ""binary"", ""--lr-solver"", ""auto"", ""--lr-matrix-free-threshold"", ""700"", ""--lr-matrix-free-max-iter"", ""8"", ""--lr-matrix-free-tol"", ""0.0001"", ""--lr-matrix-free-step-scale"", ""0.5"", ""--lr-matrix-free-dtype"", ""float32"", ""--build-building-blocks"", ""true"", ""--bb-weight-mode"", ""positive"", ""--bb-search-mode"", ""uniform"", ""--bb-min-block-size"", ""2"", ""--bb-max-blocks"", ""20"", ""--bb-snapshot-interval"", ""1"", ""--bb-external-penalty"", ""0.25"", ""--bb-size-penalty"", ""0.01"", ""--bb-pattern-top-fraction"", ""0.2"", ""--bb-pattern-min-support"", ""2"", ""--bb-refine-fraction"", ""0.2"", ""--bb-accept-equal-sparser"", ""true"", ""--bb-shuffle-blocks"", ""true"", ""--bb-signed-repair-probability"", ""0.75"", ""--pre-lr-explore"", ""false"", ""--pre-lr-mutation-multiplier"", ""3.0"", ""--pre-lr-immigrant-rate"", ""0.1"", ""--artifact-layout"", ""nested"", ""--write-aggregate-outputs"", ""false"", ""--lr-expected-edges"", ""60"", ""--lr-refit-expected-edges"", ""30"", ""--bb-gawll-update-interval"", ""10"", ""--bb-max-refine-trials"", ""10"", ""--repeat-id"", ""2"", ""--outer-fold-id"", ""1""]"
154,colon_asu,2,1,2,2,..\Results\results_fs_uniform_positive_medium_highdim\colon_asu\empirical_linkage_legacy_uniform_positive,"[""colon_asu"", ""2"", ""1"", ""--data-dir"", ""../Dataset/prepared_feature_selection"", ""--output-dir"", ""..\\Results\\results_fs_uniform_positive_medium_highdim\\colon_asu\\empirical_linkage_legacy_uniform_positive"", ""--outer-folds"", ""4"", ""--inner-folds"", ""4"", ""--repeats"", ""3"", ""--seed"", ""1"", ""--shuffle"", ""true"", ""--popsize"", ""100"", ""--p-cross"", ""0.4"", ""--tournament-size"", ""3"", ""--tau-reset"", ""50"", ""--resetpop-rate"", ""0.99"", ""--local-search"", ""false"", ""--stop"", ""gen"", ""--max-gen"", ""100"", ""--edge-epsilon"", ""1e-06"", ""--save-generation-trace"", ""true"", ""--save-linkage-events"", ""false"", ""--save-graph-snapshots"", ""false"", ""--graph-snapshot-interval"", ""1"", ""--graph-snapshot-min-weight"", ""0.0"", ""--lr-gap-gen"", ""1"", ""--lr-min-samples"", ""10"", ""--lr-sparse-alpha"", ""0.001"", ""--lr-auto-alpha"", ""true"", ""--lr-alpha-c"", ""0.2"", ""--lr-delta"", ""0.05"", ""--lr-auto-min-samples"", ""true"", ""--lr-min-samples-c"", ""2.0"", ""--lr-stability-subsamples"", ""0"", ""--lr-stability-fraction"", ""0.75"", ""--lr-edge-min-weight"", ""0.0"", ""--lr-encoding"", ""binary"", ""--lr-solver"", ""auto"", ""--lr-matrix-free-threshold"", ""700"", ""--lr-matrix-free-max-iter"", ""8"", ""--lr-matrix-free-tol"", ""0.0001"", ""--lr-matrix-free-step-scale"", ""0.5"", ""--lr-matrix-free-dtype"", ""float32"", ""--build-building-blocks"", ""true"", ""--bb-weight-mode"", ""positive"", ""--bb-search-mode"", ""uniform"", ""--bb-min-block-size"", ""2"", ""--bb-max-blocks"", ""20"", ""--bb-snapshot-interval"", ""1"", ""--bb-external-penalty"", ""0.25"", ""--bb-size-penalty"", ""0.01"", ""--bb-pattern-top-fraction"", ""0.2"", ""--bb-pattern-min-support"", ""2"", ""--bb-refine-fraction"", ""0.2"", ""--bb-accept-equal-sparser"", ""true"", ""--bb-shuffle-blocks"", ""true"", ""--bb-signed-repair-probability"", ""0.75"", ""--pre-lr-explore"", ""false"", ""--pre-lr-mutation-multiplier"", ""3.0"", ""--pre-lr-immigrant-rate"", ""0.1"", ""--artifact-layout"", ""nested"", ""--write-aggregate-outputs"", ""false"", ""--lr-expected-edges"", ""60"", ""--lr-refit-expected-edges"", ""30"", ""--bb-gawll-update-interval"", ""10"", ""--bb-max-refine-trials"", ""10"", ""--repeat-id"", ""2"", ""--outer-fold-id"", ""2""]"
155,colon_asu,2,1,2,3,..\Results\results_fs_uniform_positive_medium_highdim\colon_asu\empirical_linkage_legacy_uniform_positive,"[""colon_asu"", ""2"", ""1"", ""--data-dir"", ""../Dataset/prepared_feature_selection"", ""--output-dir"", ""..\\Results\\results_fs_uniform_positive_medium_highdim\\colon_asu\\empirical_linkage_legacy_uniform_positive"", ""--outer-folds"", ""4"", ""--inner-folds"", ""4"", ""--repeats"", ""3"", ""--seed"", ""1"", ""--shuffle"", ""true"", ""--popsize"", ""100"", ""--p-cross"", ""0.4"", ""--tournament-size"", ""3"", ""--tau-reset"", ""50"", ""--resetpop-rate"", ""0.99"", ""--local-search"", ""false"", ""--stop"", ""gen"", ""--max-gen"", ""100"", ""--edge-epsilon"", ""1e-06"", ""--save-generation-trace"", ""true"", ""--save-linkage-events"", ""false"", ""--save-graph-snapshots"", ""false"", ""--graph-snapshot-interval"", ""1"", ""--graph-snapshot-min-weight"", ""0.0"", ""--lr-gap-gen"", ""1"", ""--lr-min-samples"", ""10"", ""--lr-sparse-alpha"", ""0.001"", ""--lr-auto-alpha"", ""true"", ""--lr-alpha-c"", ""0.2"", ""--lr-delta"", ""0.05"", ""--lr-auto-min-samples"", ""true"", ""--lr-min-samples-c"", ""2.0"", ""--lr-stability-subsamples"", ""0"", ""--lr-stability-fraction"", ""0.75"", ""--lr-edge-min-weight"", ""0.0"", ""--lr-encoding"", ""binary"", ""--lr-solver"", ""auto"", ""--lr-matrix-free-threshold"", ""700"", ""--lr-matrix-free-max-iter"", ""8"", ""--lr-matrix-free-tol"", ""0.0001"", ""--lr-matrix-free-step-scale"", ""0.5"", ""--lr-matrix-free-dtype"", ""float32"", ""--build-building-blocks"", ""true"", ""--bb-weight-mode"", ""positive"", ""--bb-search-mode"", ""uniform"", ""--bb-min-block-size"", ""2"", ""--bb-max-blocks"", ""20"", ""--bb-snapshot-interval"", ""1"", ""--bb-external-penalty"", ""0.25"", ""--bb-size-penalty"", ""0.01"", ""--bb-pattern-top-fraction"", ""0.2"", ""--bb-pattern-min-support"", ""2"", ""--bb-refine-fraction"", ""0.2"", ""--bb-accept-equal-sparser"", ""true"", ""--bb-shuffle-blocks"", ""true"", ""--bb-signed-repair-probability"", ""0.75"", ""--pre-lr-explore"", ""false"", ""--pre-lr-mutation-multiplier"", ""3.0"", ""--pre-lr-immigrant-rate"", ""0.1"", ""--artifact-layout"", ""nested"", ""--write-aggregate-outputs"", ""false"", ""--lr-expected-edges"", ""60"", ""--lr-refit-expected-edges"", ""30"", ""--bb-gawll-update-interval"", ""10"", ""--bb-max-refine-trials"", ""10"", ""--repeat-id"", ""2"", ""--outer-fold-id"", ""3""]"
156,warpPIE10P_asu,2,1,0,0,..\Results\results_fs_uniform_positive_medium_highdim\warpPIE10P_asu\empirical_linkage_legacy_uniform_positive,"[""warpPIE10P_asu"", ""2"", ""1"", ""--data-dir"", ""../Dataset/prepared_feature_selection"", ""--output-dir"", ""..\\Results\\results_fs_uniform_positive_medium_highdim\\warpPIE10P_asu\\empirical_linkage_legacy_uniform_positive"", ""--outer-folds"", ""4"", ""--inner-folds"", ""4"", ""--repeats"", ""3"", ""--seed"", ""1"", ""--shuffle"", ""true"", ""--popsize"", ""100"", ""--p-cross"", ""0.4"", ""--tournament-size"", ""3"", ""--tau-reset"", ""50"", ""--resetpop-rate"", ""0.99"", ""--local-search"", ""false"", ""--stop"", ""gen"", ""--max-gen"", ""100"", ""--edge-epsilon"", ""1e-06"", ""--save-generation-trace"", ""true"", ""--save-linkage-events"", ""false"", ""--save-graph-snapshots"", ""false"", ""--graph-snapshot-interval"", ""1"", ""--graph-snapshot-min-weight"", ""0.0"", ""--lr-gap-gen"", ""1"", ""--lr-min-samples"", ""10"", ""--lr-sparse-alpha"", ""0.001"", ""--lr-auto-alpha"", ""true"", ""--lr-alpha-c"", ""0.2"", ""--lr-delta"", ""0.05"", ""--lr-auto-min-samples"", ""true"", ""--lr-min-samples-c"", ""2.0"", ""--lr-stability-subsamples"", ""0"", ""--lr-stability-fraction"", ""0.75"", ""--lr-edge-min-weight"", ""0.0"", ""--lr-encoding"", ""binary"", ""--lr-solver"", ""auto"", ""--lr-matrix-free-threshold"", ""700"", ""--lr-matrix-free-max-iter"", ""8"", ""--lr-matrix-free-tol"", ""0.0001"", ""--lr-matrix-free-step-scale"", ""0.5"", ""--lr-matrix-free-dtype"", ""float32"", ""--build-building-blocks"", ""true"", ""--bb-weight-mode"", ""positive"", ""--bb-search-mode"", ""uniform"", ""--bb-min-block-size"", ""2"", ""--bb-max-blocks"", ""20"", ""--bb-snapshot-interval"", ""1"", ""--bb-external-penalty"", ""0.25"", ""--bb-size-penalty"", ""0.01"", ""--bb-pattern-top-fraction"", ""0.2"", ""--bb-pattern-min-support"", ""2"", ""--bb-refine-fraction"", ""0.2"", ""--bb-accept-equal-sparser"", ""true"", ""--bb-shuffle-blocks"", ""true"", ""--bb-signed-repair-probability"", ""0.75"", ""--pre-lr-explore"", ""false"", ""--pre-lr-mutation-multiplier"", ""3.0"", ""--pre-lr-immigrant-rate"", ""0.1"", ""--artifact-layout"", ""nested"", ""--write-aggregate-outputs"", ""false"", ""--lr-expected-edges"", ""60"", ""--lr-refit-expected-edges"", ""30"", ""--bb-gawll-update-interval"", ""10"", ""--bb-max-refine-trials"", ""10"", ""--repeat-id"", ""0"", ""--outer-fold-id"", ""0""]"
157,warpPIE10P_asu,2,1,0,1,..\Results\results_fs_uniform_positive_medium_highdim\warpPIE10P_asu\empirical_linkage_legacy_uniform_positive,"[""warpPIE10P_asu"", ""2"", ""1"", ""--data-dir"", ""../Dataset/prepared_feature_selection"", ""--output-dir"", ""..\\Results\\results_fs_uniform_positive_medium_highdim\\warpPIE10P_asu\\empirical_linkage_legacy_uniform_positive"", ""--outer-folds"", ""4"", ""--inner-folds"", ""4"", ""--repeats"", ""3"", ""--seed"", ""1"", ""--shuffle"", ""true"", ""--popsize"", ""100"", ""--p-cross"", ""0.4"", ""--tournament-size"", ""3"", ""--tau-reset"", ""50"", ""--resetpop-rate"", ""0.99"", ""--local-search"", ""false"", ""--stop"", ""gen"", ""--max-gen"", ""100"", ""--edge-epsilon"", ""1e-06"", ""--save-generation-trace"", ""true"", ""--save-linkage-events"", ""false"", ""--save-graph-snapshots"", ""false"", ""--graph-snapshot-interval"", ""1"", ""--graph-snapshot-min-weight"", ""0.0"", ""--lr-gap-gen"", ""1"", ""--lr-min-samples"", ""10"", ""--lr-sparse-alpha"", ""0.001"", ""--lr-auto-alpha"", ""true"", ""--lr-alpha-c"", ""0.2"", ""--lr-delta"", ""0.05"", ""--lr-auto-min-samples"", ""true"", ""--lr-min-samples-c"", ""2.0"", ""--lr-stability-subsamples"", ""0"", ""--lr-stability-fraction"", ""0.75"", ""--lr-edge-min-weight"", ""0.0"", ""--lr-encoding"", ""binary"", ""--lr-solver"", ""auto"", ""--lr-matrix-free-threshold"", ""700"", ""--lr-matrix-free-max-iter"", ""8"", ""--lr-matrix-free-tol"", ""0.0001"", ""--lr-matrix-free-step-scale"", ""0.5"", ""--lr-matrix-free-dtype"", ""float32"", ""--build-building-blocks"", ""true"", ""--bb-weight-mode"", ""positive"", ""--bb-search-mode"", ""uniform"", ""--bb-min-block-size"", ""2"", ""--bb-max-blocks"", ""20"", ""--bb-snapshot-interval"", ""1"", ""--bb-external-penalty"", ""0.25"", ""--bb-size-penalty"", ""0.01"", ""--bb-pattern-top-fraction"", ""0.2"", ""--bb-pattern-min-support"", ""2"", ""--bb-refine-fraction"", ""0.2"", ""--bb-accept-equal-sparser"", ""true"", ""--bb-shuffle-blocks"", ""true"", ""--bb-signed-repair-probability"", ""0.75"", ""--pre-lr-explore"", ""false"", ""--pre-lr-mutation-multiplier"", ""3.0"", ""--pre-lr-immigrant-rate"", ""0.1"", ""--artifact-layout"", ""nested"", ""--write-aggregate-outputs"", ""false"", ""--lr-expected-edges"", ""60"", ""--lr-refit-expected-edges"", ""30"", ""--bb-gawll-update-interval"", ""10"", ""--bb-max-refine-trials"", ""10"", ""--repeat-id"", ""0"", ""--outer-fold-id"", ""1""]"
158,warpPIE10P_asu,2,1,0,2,..\Results\results_fs_uniform_positive_medium_highdim\warpPIE10P_asu\empirical_linkage_legacy_uniform_positive,"[""warpPIE10P_asu"", ""2"", ""1"", ""--data-dir"", ""../Dataset/prepared_feature_selection"", ""--output-dir"", ""..\\Results\\results_fs_uniform_positive_medium_highdim\\warpPIE10P_asu\\empirical_linkage_legacy_uniform_positive"", ""--outer-folds"", ""4"", ""--inner-folds"", ""4"", ""--repeats"", ""3"", ""--seed"", ""1"", ""--shuffle"", ""true"", ""--popsize"", ""100"", ""--p-cross"", ""0.4"", ""--tournament-size"", ""3"", ""--tau-reset"", ""50"", ""--resetpop-rate"", ""0.99"", ""--local-search"", ""false"", ""--stop"", ""gen"", ""--max-gen"", ""100"", ""--edge-epsilon"", ""1e-06"", ""--save-generation-trace"", ""true"", ""--save-linkage-events"", ""false"", ""--save-graph-snapshots"", ""false"", ""--graph-snapshot-interval"", ""1"", ""--graph-snapshot-min-weight"", ""0.0"", ""--lr-gap-gen"", ""1"", ""--lr-min-samples"", ""10"", ""--lr-sparse-alpha"", ""0.001"", ""--lr-auto-alpha"", ""true"", ""--lr-alpha-c"", ""0.2"", ""--lr-delta"", ""0.05"", ""--lr-auto-min-samples"", ""true"", ""--lr-min-samples-c"", ""2.0"", ""--lr-stability-subsamples"", ""0"", ""--lr-stability-fraction"", ""0.75"", ""--lr-edge-min-weight"", ""0.0"", ""--lr-encoding"", ""binary"", ""--lr-solver"", ""auto"", ""--lr-matrix-free-threshold"", ""700"", ""--lr-matrix-free-max-iter"", ""8"", ""--lr-matrix-free-tol"", ""0.0001"", ""--lr-matrix-free-step-scale"", ""0.5"", ""--lr-matrix-free-dtype"", ""float32"", ""--build-building-blocks"", ""true"", ""--bb-weight-mode"", ""positive"", ""--bb-search-mode"", ""uniform"", ""--bb-min-block-size"", ""2"", ""--bb-max-blocks"", ""20"", ""--bb-snapshot-interval"", ""1"", ""--bb-external-penalty"", ""0.25"", ""--bb-size-penalty"", ""0.01"", ""--bb-pattern-top-fraction"", ""0.2"", ""--bb-pattern-min-support"", ""2"", ""--bb-refine-fraction"", ""0.2"", ""--bb-accept-equal-sparser"", ""true"", ""--bb-shuffle-blocks"", ""true"", ""--bb-signed-repair-probability"", ""0.75"", ""--pre-lr-explore"", ""false"", ""--pre-lr-mutation-multiplier"", ""3.0"", ""--pre-lr-immigrant-rate"", ""0.1"", ""--artifact-layout"", ""nested"", ""--write-aggregate-outputs"", ""false"", ""--lr-expected-edges"", ""60"", ""--lr-refit-expected-edges"", ""30"", ""--bb-gawll-update-interval"", ""10"", ""--bb-max-refine-trials"", ""10"", ""--repeat-id"", ""0"", ""--outer-fold-id"", ""2""]"
159,warpPIE10P_asu,2,1,0,3,..\Results\results_fs_uniform_positive_medium_highdim\warpPIE10P_asu\empirical_linkage_legacy_uniform_positive,"[""warpPIE10P_asu"", ""2"", ""1"", ""--data-dir"", ""../Dataset/prepared_feature_selection"", ""--output-dir"", ""..\\Results\\results_fs_uniform_positive_medium_highdim\\warpPIE10P_asu\\empirical_linkage_legacy_uniform_positive"", ""--outer-folds"", ""4"", ""--inner-folds"", ""4"", ""--repeats"", ""3"", ""--seed"", ""1"", ""--shuffle"", ""true"", ""--popsize"", ""100"", ""--p-cross"", ""0.4"", ""--tournament-size"", ""3"", ""--tau-reset"", ""50"", ""--resetpop-rate"", ""0.99"", ""--local-search"", ""false"", ""--stop"", ""gen"", ""--max-gen"", ""100"", ""--edge-epsilon"", ""1e-06"", ""--save-generation-trace"", ""true"", ""--save-linkage-events"", ""false"", ""--save-graph-snapshots"", ""false"", ""--graph-snapshot-interval"", ""1"", ""--graph-snapshot-min-weight"", ""0.0"", ""--lr-gap-gen"", ""1"", ""--lr-min-samples"", ""10"", ""--lr-sparse-alpha"", ""0.001"", ""--lr-auto-alpha"", ""true"", ""--lr-alpha-c"", ""0.2"", ""--lr-delta"", ""0.05"", ""--lr-auto-min-samples"", ""true"", ""--lr-min-samples-c"", ""2.0"", ""--lr-stability-subsamples"", ""0"", ""--lr-stability-fraction"", ""0.75"", ""--lr-edge-min-weight"", ""0.0"", ""--lr-encoding"", ""binary"", ""--lr-solver"", ""auto"", ""--lr-matrix-free-threshold"", ""700"", ""--lr-matrix-free-max-iter"", ""8"", ""--lr-matrix-free-tol"", ""0.0001"", ""--lr-matrix-free-step-scale"", ""0.5"", ""--lr-matrix-free-dtype"", ""float32"", ""--build-building-blocks"", ""true"", ""--bb-weight-mode"", ""positive"", ""--bb-search-mode"", ""uniform"", ""--bb-min-block-size"", ""2"", ""--bb-max-blocks"", ""20"", ""--bb-snapshot-interval"", ""1"", ""--bb-external-penalty"", ""0.25"", ""--bb-size-penalty"", ""0.01"", ""--bb-pattern-top-fraction"", ""0.2"", ""--bb-pattern-min-support"", ""2"", ""--bb-refine-fraction"", ""0.2"", ""--bb-accept-equal-sparser"", ""true"", ""--bb-shuffle-blocks"", ""true"", ""--bb-signed-repair-probability"", ""0.75"", ""--pre-lr-explore"", ""false"", ""--pre-lr-mutation-multiplier"", ""3.0"", ""--pre-lr-immigrant-rate"", ""0.1"", ""--artifact-layout"", ""nested"", ""--write-aggregate-outputs"", ""false"", ""--lr-expected-edges"", ""60"", ""--lr-refit-expected-edges"", ""30"", ""--bb-gawll-update-interval"", ""10"", ""--bb-max-refine-trials"", ""10"", ""--repeat-id"", ""0"", ""--outer-fold-id"", ""3""]"
160,warpPIE10P_asu,2,1,1,0,..\Results\results_fs_uniform_positive_medium_highdim\warpPIE10P_asu\empirical_linkage_legacy_uniform_positive,"[""warpPIE10P_asu"", ""2"", ""1"", ""--data-dir"", ""../Dataset/prepared_feature_selection"", ""--output-dir"", ""..\\Results\\results_fs_uniform_positive_medium_highdim\\warpPIE10P_asu\\empirical_linkage_legacy_uniform_positive"", ""--outer-folds"", ""4"", ""--inner-folds"", ""4"", ""--repeats"", ""3"", ""--seed"", ""1"", ""--shuffle"", ""true"", ""--popsize"", ""100"", ""--p-cross"", ""0.4"", ""--tournament-size"", ""3"", ""--tau-reset"", ""50"", ""--resetpop-rate"", ""0.99"", ""--local-search"", ""false"", ""--stop"", ""gen"", ""--max-gen"", ""100"", ""--edge-epsilon"", ""1e-06"", ""--save-generation-trace"", ""true"", ""--save-linkage-events"", ""false"", ""--save-graph-snapshots"", ""false"", ""--graph-snapshot-interval"", ""1"", ""--graph-snapshot-min-weight"", ""0.0"", ""--lr-gap-gen"", ""1"", ""--lr-min-samples"", ""10"", ""--lr-sparse-alpha"", ""0.001"", ""--lr-auto-alpha"", ""true"", ""--lr-alpha-c"", ""0.2"", ""--lr-delta"", ""0.05"", ""--lr-auto-min-samples"", ""true"", ""--lr-min-samples-c"", ""2.0"", ""--lr-stability-subsamples"", ""0"", ""--lr-stability-fraction"", ""0.75"", ""--lr-edge-min-weight"", ""0.0"", ""--lr-encoding"", ""binary"", ""--lr-solver"", ""auto"", ""--lr-matrix-free-threshold"", ""700"", ""--lr-matrix-free-max-iter"", ""8"", ""--lr-matrix-free-tol"", ""0.0001"", ""--lr-matrix-free-step-scale"", ""0.5"", ""--lr-matrix-free-dtype"", ""float32"", ""--build-building-blocks"", ""true"", ""--bb-weight-mode"", ""positive"", ""--bb-search-mode"", ""uniform"", ""--bb-min-block-size"", ""2"", ""--bb-max-blocks"", ""20"", ""--bb-snapshot-interval"", ""1"", ""--bb-external-penalty"", ""0.25"", ""--bb-size-penalty"", ""0.01"", ""--bb-pattern-top-fraction"", ""0.2"", ""--bb-pattern-min-support"", ""2"", ""--bb-refine-fraction"", ""0.2"", ""--bb-accept-equal-sparser"", ""true"", ""--bb-shuffle-blocks"", ""true"", ""--bb-signed-repair-probability"", ""0.75"", ""--pre-lr-explore"", ""false"", ""--pre-lr-mutation-multiplier"", ""3.0"", ""--pre-lr-immigrant-rate"", ""0.1"", ""--artifact-layout"", ""nested"", ""--write-aggregate-outputs"", ""false"", ""--lr-expected-edges"", ""60"", ""--lr-refit-expected-edges"", ""30"", ""--bb-gawll-update-interval"", ""10"", ""--bb-max-refine-trials"", ""10"", ""--repeat-id"", ""1"", ""--outer-fold-id"", ""0""]"
161,warpPIE10P_asu,2,1,1,1,..\Results\results_fs_uniform_positive_medium_highdim\warpPIE10P_asu\empirical_linkage_legacy_uniform_positive,"[""warpPIE10P_asu"", ""2"", ""1"", ""--data-dir"", ""../Dataset/prepared_feature_selection"", ""--output-dir"", ""..\\Results\\results_fs_uniform_positive_medium_highdim\\warpPIE10P_asu\\empirical_linkage_legacy_uniform_positive"", ""--outer-folds"", ""4"", ""--inner-folds"", ""4"", ""--repeats"", ""3"", ""--seed"", ""1"", ""--shuffle"", ""true"", ""--popsize"", ""100"", ""--p-cross"", ""0.4"", ""--tournament-size"", ""3"", ""--tau-reset"", ""50"", ""--resetpop-rate"", ""0.99"", ""--local-search"", ""false"", ""--stop"", ""gen"", ""--max-gen"", ""100"", ""--edge-epsilon"", ""1e-06"", ""--save-generation-trace"", ""true"", ""--save-linkage-events"", ""false"", ""--save-graph-snapshots"", ""false"", ""--graph-snapshot-interval"", ""1"", ""--graph-snapshot-min-weight"", ""0.0"", ""--lr-gap-gen"", ""1"", ""--lr-min-samples"", ""10"", ""--lr-sparse-alpha"", ""0.001"", ""--lr-auto-alpha"", ""true"", ""--lr-alpha-c"", ""0.2"", ""--lr-delta"", ""0.05"", ""--lr-auto-min-samples"", ""true"", ""--lr-min-samples-c"", ""2.0"", ""--lr-stability-subsamples"", ""0"", ""--lr-stability-fraction"", ""0.75"", ""--lr-edge-min-weight"", ""0.0"", ""--lr-encoding"", ""binary"", ""--lr-solver"", ""auto"", ""--lr-matrix-free-threshold"", ""700"", ""--lr-matrix-free-max-iter"", ""8"", ""--lr-matrix-free-tol"", ""0.0001"", ""--lr-matrix-free-step-scale"", ""0.5"", ""--lr-matrix-free-dtype"", ""float32"", ""--build-building-blocks"", ""true"", ""--bb-weight-mode"", ""positive"", ""--bb-search-mode"", ""uniform"", ""--bb-min-block-size"", ""2"", ""--bb-max-blocks"", ""20"", ""--bb-snapshot-interval"", ""1"", ""--bb-external-penalty"", ""0.25"", ""--bb-size-penalty"", ""0.01"", ""--bb-pattern-top-fraction"", ""0.2"", ""--bb-pattern-min-support"", ""2"", ""--bb-refine-fraction"", ""0.2"", ""--bb-accept-equal-sparser"", ""true"", ""--bb-shuffle-blocks"", ""true"", ""--bb-signed-repair-probability"", ""0.75"", ""--pre-lr-explore"", ""false"", ""--pre-lr-mutation-multiplier"", ""3.0"", ""--pre-lr-immigrant-rate"", ""0.1"", ""--artifact-layout"", ""nested"", ""--write-aggregate-outputs"", ""false"", ""--lr-expected-edges"", ""60"", ""--lr-refit-expected-edges"", ""30"", ""--bb-gawll-update-interval"", ""10"", ""--bb-max-refine-trials"", ""10"", ""--repeat-id"", ""1"", ""--outer-fold-id"", ""1""]"
162,warpPIE10P_asu,2,1,1,2,..\Results\results_fs_uniform_positive_medium_highdim\warpPIE10P_asu\empirical_linkage_legacy_uniform_positive,"[""warpPIE10P_asu"", ""2"", ""1"", ""--data-dir"", ""../Dataset/prepared_feature_selection"", ""--output-dir"", ""..\\Results\\results_fs_uniform_positive_medium_highdim\\warpPIE10P_asu\\empirical_linkage_legacy_uniform_positive"", ""--outer-folds"", ""4"", ""--inner-folds"", ""4"", ""--repeats"", ""3"", ""--seed"", ""1"", ""--shuffle"", ""true"", ""--popsize"", ""100"", ""--p-cross"", ""0.4"", ""--tournament-size"", ""3"", ""--tau-reset"", ""50"", ""--resetpop-rate"", ""0.99"", ""--local-search"", ""false"", ""--stop"", ""gen"", ""--max-gen"", ""100"", ""--edge-epsilon"", ""1e-06"", ""--save-generation-trace"", ""true"", ""--save-linkage-events"", ""false"", ""--save-graph-snapshots"", ""false"", ""--graph-snapshot-interval"", ""1"", ""--graph-snapshot-min-weight"", ""0.0"", ""--lr-gap-gen"", ""1"", ""--lr-min-samples"", ""10"", ""--lr-sparse-alpha"", ""0.001"", ""--lr-auto-alpha"", ""true"", ""--lr-alpha-c"", ""0.2"", ""--lr-delta"", ""0.05"", ""--lr-auto-min-samples"", ""true"", ""--lr-min-samples-c"", ""2.0"", ""--lr-stability-subsamples"", ""0"", ""--lr-stability-fraction"", ""0.75"", ""--lr-edge-min-weight"", ""0.0"", ""--lr-encoding"", ""binary"", ""--lr-solver"", ""auto"", ""--lr-matrix-free-threshold"", ""700"", ""--lr-matrix-free-max-iter"", ""8"", ""--lr-matrix-free-tol"", ""0.0001"", ""--lr-matrix-free-step-scale"", ""0.5"", ""--lr-matrix-free-dtype"", ""float32"", ""--build-building-blocks"", ""true"", ""--bb-weight-mode"", ""positive"", ""--bb-search-mode"", ""uniform"", ""--bb-min-block-size"", ""2"", ""--bb-max-blocks"", ""20"", ""--bb-snapshot-interval"", ""1"", ""--bb-external-penalty"", ""0.25"", ""--bb-size-penalty"", ""0.01"", ""--bb-pattern-top-fraction"", ""0.2"", ""--bb-pattern-min-support"", ""2"", ""--bb-refine-fraction"", ""0.2"", ""--bb-accept-equal-sparser"", ""true"", ""--bb-shuffle-blocks"", ""true"", ""--bb-signed-repair-probability"", ""0.75"", ""--pre-lr-explore"", ""false"", ""--pre-lr-mutation-multiplier"", ""3.0"", ""--pre-lr-immigrant-rate"", ""0.1"", ""--artifact-layout"", ""nested"", ""--write-aggregate-outputs"", ""false"", ""--lr-expected-edges"", ""60"", ""--lr-refit-expected-edges"", ""30"", ""--bb-gawll-update-interval"", ""10"", ""--bb-max-refine-trials"", ""10"", ""--repeat-id"", ""1"", ""--outer-fold-id"", ""2""]"
163,warpPIE10P_asu,2,1,1,3,..\Results\results_fs_uniform_positive_medium_highdim\warpPIE10P_asu\empirical_linkage_legacy_uniform_positive,"[""warpPIE10P_asu"", ""2"", ""1"", ""--data-dir"", ""../Dataset/prepared_feature_selection"", ""--output-dir"", ""..\\Results\\results_fs_uniform_positive_medium_highdim\\warpPIE10P_asu\\empirical_linkage_legacy_uniform_positive"", ""--outer-folds"", ""4"", ""--inner-folds"", ""4"", ""--repeats"", ""3"", ""--seed"", ""1"", ""--shuffle"", ""true"", ""--popsize"", ""100"", ""--p-cross"", ""0.4"", ""--tournament-size"", ""3"", ""--tau-reset"", ""50"", ""--resetpop-rate"", ""0.99"", ""--local-search"", ""false"", ""--stop"", ""gen"", ""--max-gen"", ""100"", ""--edge-epsilon"", ""1e-06"", ""--save-generation-trace"", ""true"", ""--save-linkage-events"", ""false"", ""--save-graph-snapshots"", ""false"", ""--graph-snapshot-interval"", ""1"", ""--graph-snapshot-min-weight"", ""0.0"", ""--lr-gap-gen"", ""1"", ""--lr-min-samples"", ""10"", ""--lr-sparse-alpha"", ""0.001"", ""--lr-auto-alpha"", ""true"", ""--lr-alpha-c"", ""0.2"", ""--lr-delta"", ""0.05"", ""--lr-auto-min-samples"", ""true"", ""--lr-min-samples-c"", ""2.0"", ""--lr-stability-subsamples"", ""0"", ""--lr-stability-fraction"", ""0.75"", ""--lr-edge-min-weight"", ""0.0"", ""--lr-encoding"", ""binary"", ""--lr-solver"", ""auto"", ""--lr-matrix-free-threshold"", ""700"", ""--lr-matrix-free-max-iter"", ""8"", ""--lr-matrix-free-tol"", ""0.0001"", ""--lr-matrix-free-step-scale"", ""0.5"", ""--lr-matrix-free-dtype"", ""float32"", ""--build-building-blocks"", ""true"", ""--bb-weight-mode"", ""positive"", ""--bb-search-mode"", ""uniform"", ""--bb-min-block-size"", ""2"", ""--bb-max-blocks"", ""20"", ""--bb-snapshot-interval"", ""1"", ""--bb-external-penalty"", ""0.25"", ""--bb-size-penalty"", ""0.01"", ""--bb-pattern-top-fraction"", ""0.2"", ""--bb-pattern-min-support"", ""2"", ""--bb-refine-fraction"", ""0.2"", ""--bb-accept-equal-sparser"", ""true"", ""--bb-shuffle-blocks"", ""true"", ""--bb-signed-repair-probability"", ""0.75"", ""--pre-lr-explore"", ""false"", ""--pre-lr-mutation-multiplier"", ""3.0"", ""--pre-lr-immigrant-rate"", ""0.1"", ""--artifact-layout"", ""nested"", ""--write-aggregate-outputs"", ""false"", ""--lr-expected-edges"", ""60"", ""--lr-refit-expected-edges"", ""30"", ""--bb-gawll-update-interval"", ""10"", ""--bb-max-refine-trials"", ""10"", ""--repeat-id"", ""1"", ""--outer-fold-id"", ""3""]"
164,warpPIE10P_asu,2,1,2,0,..\Results\results_fs_uniform_positive_medium_highdim\warpPIE10P_asu\empirical_linkage_legacy_uniform_positive,"[""warpPIE10P_asu"", ""2"", ""1"", ""--data-dir"", ""../Dataset/prepared_feature_selection"", ""--output-dir"", ""..\\Results\\results_fs_uniform_positive_medium_highdim\\warpPIE10P_asu\\empirical_linkage_legacy_uniform_positive"", ""--outer-folds"", ""4"", ""--inner-folds"", ""4"", ""--repeats"", ""3"", ""--seed"", ""1"", ""--shuffle"", ""true"", ""--popsize"", ""100"", ""--p-cross"", ""0.4"", ""--tournament-size"", ""3"", ""--tau-reset"", ""50"", ""--resetpop-rate"", ""0.99"", ""--local-search"", ""false"", ""--stop"", ""gen"", ""--max-gen"", ""100"", ""--edge-epsilon"", ""1e-06"", ""--save-generation-trace"", ""true"", ""--save-linkage-events"", ""false"", ""--save-graph-snapshots"", ""false"", ""--graph-snapshot-interval"", ""1"", ""--graph-snapshot-min-weight"", ""0.0"", ""--lr-gap-gen"", ""1"", ""--lr-min-samples"", ""10"", ""--lr-sparse-alpha"", ""0.001"", ""--lr-auto-alpha"", ""true"", ""--lr-alpha-c"", ""0.2"", ""--lr-delta"", ""0.05"", ""--lr-auto-min-samples"", ""true"", ""--lr-min-samples-c"", ""2.0"", ""--lr-stability-subsamples"", ""0"", ""--lr-stability-fraction"", ""0.75"", ""--lr-edge-min-weight"", ""0.0"", ""--lr-encoding"", ""binary"", ""--lr-solver"", ""auto"", ""--lr-matrix-free-threshold"", ""700"", ""--lr-matrix-free-max-iter"", ""8"", ""--lr-matrix-free-tol"", ""0.0001"", ""--lr-matrix-free-step-scale"", ""0.5"", ""--lr-matrix-free-dtype"", ""float32"", ""--build-building-blocks"", ""true"", ""--bb-weight-mode"", ""positive"", ""--bb-search-mode"", ""uniform"", ""--bb-min-block-size"", ""2"", ""--bb-max-blocks"", ""20"", ""--bb-snapshot-interval"", ""1"", ""--bb-external-penalty"", ""0.25"", ""--bb-size-penalty"", ""0.01"", ""--bb-pattern-top-fraction"", ""0.2"", ""--bb-pattern-min-support"", ""2"", ""--bb-refine-fraction"", ""0.2"", ""--bb-accept-equal-sparser"", ""true"", ""--bb-shuffle-blocks"", ""true"", ""--bb-signed-repair-probability"", ""0.75"", ""--pre-lr-explore"", ""false"", ""--pre-lr-mutation-multiplier"", ""3.0"", ""--pre-lr-immigrant-rate"", ""0.1"", ""--artifact-layout"", ""nested"", ""--write-aggregate-outputs"", ""false"", ""--lr-expected-edges"", ""60"", ""--lr-refit-expected-edges"", ""30"", ""--bb-gawll-update-interval"", ""10"", ""--bb-max-refine-trials"", ""10"", ""--repeat-id"", ""2"", ""--outer-fold-id"", ""0""]"
165,warpPIE10P_asu,2,1,2,1,..\Results\results_fs_uniform_positive_medium_highdim\warpPIE10P_asu\empirical_linkage_legacy_uniform_positive,"[""warpPIE10P_asu"", ""2"", ""1"", ""--data-dir"", ""../Dataset/prepared_feature_selection"", ""--output-dir"", ""..\\Results\\results_fs_uniform_positive_medium_highdim\\warpPIE10P_asu\\empirical_linkage_legacy_uniform_positive"", ""--outer-folds"", ""4"", ""--inner-folds"", ""4"", ""--repeats"", ""3"", ""--seed"", ""1"", ""--shuffle"", ""true"", ""--popsize"", ""100"", ""--p-cross"", ""0.4"", ""--tournament-size"", ""3"", ""--tau-reset"", ""50"", ""--resetpop-rate"", ""0.99"", ""--local-search"", ""false"", ""--stop"", ""gen"", ""--max-gen"", ""100"", ""--edge-epsilon"", ""1e-06"", ""--save-generation-trace"", ""true"", ""--save-linkage-events"", ""false"", ""--save-graph-snapshots"", ""false"", ""--graph-snapshot-interval"", ""1"", ""--graph-snapshot-min-weight"", ""0.0"", ""--lr-gap-gen"", ""1"", ""--lr-min-samples"", ""10"", ""--lr-sparse-alpha"", ""0.001"", ""--lr-auto-alpha"", ""true"", ""--lr-alpha-c"", ""0.2"", ""--lr-delta"", ""0.05"", ""--lr-auto-min-samples"", ""true"", ""--lr-min-samples-c"", ""2.0"", ""--lr-stability-subsamples"", ""0"", ""--lr-stability-fraction"", ""0.75"", ""--lr-edge-min-weight"", ""0.0"", ""--lr-encoding"", ""binary"", ""--lr-solver"", ""auto"", ""--lr-matrix-free-threshold"", ""700"", ""--lr-matrix-free-max-iter"", ""8"", ""--lr-matrix-free-tol"", ""0.0001"", ""--lr-matrix-free-step-scale"", ""0.5"", ""--lr-matrix-free-dtype"", ""float32"", ""--build-building-blocks"", ""true"", ""--bb-weight-mode"", ""positive"", ""--bb-search-mode"", ""uniform"", ""--bb-min-block-size"", ""2"", ""--bb-max-blocks"", ""20"", ""--bb-snapshot-interval"", ""1"", ""--bb-external-penalty"", ""0.25"", ""--bb-size-penalty"", ""0.01"", ""--bb-pattern-top-fraction"", ""0.2"", ""--bb-pattern-min-support"", ""2"", ""--bb-refine-fraction"", ""0.2"", ""--bb-accept-equal-sparser"", ""true"", ""--bb-shuffle-blocks"", ""true"", ""--bb-signed-repair-probability"", ""0.75"", ""--pre-lr-explore"", ""false"", ""--pre-lr-mutation-multiplier"", ""3.0"", ""--pre-lr-immigrant-rate"", ""0.1"", ""--artifact-layout"", ""nested"", ""--write-aggregate-outputs"", ""false"", ""--lr-expected-edges"", ""60"", ""--lr-refit-expected-edges"", ""30"", ""--bb-gawll-update-interval"", ""10"", ""--bb-max-refine-trials"", ""10"", ""--repeat-id"", ""2"", ""--outer-fold-id"", ""1""]"
166,warpPIE10P_asu,2,1,2,2,..\Results\results_fs_uniform_positive_medium_highdim\warpPIE10P_asu\empirical_linkage_legacy_uniform_positive,"[""warpPIE10P_asu"", ""2"", ""1"", ""--data-dir"", ""../Dataset/prepared_feature_selection"", ""--output-dir"", ""..\\Results\\results_fs_uniform_positive_medium_highdim\\warpPIE10P_asu\\empirical_linkage_legacy_uniform_positive"", ""--outer-folds"", ""4"", ""--inner-folds"", ""4"", ""--repeats"", ""3"", ""--seed"", ""1"", ""--shuffle"", ""true"", ""--popsize"", ""100"", ""--p-cross"", ""0.4"", ""--tournament-size"", ""3"", ""--tau-reset"", ""50"", ""--resetpop-rate"", ""0.99"", ""--local-search"", ""false"", ""--stop"", ""gen"", ""--max-gen"", ""100"", ""--edge-epsilon"", ""1e-06"", ""--save-generation-trace"", ""true"", ""--save-linkage-events"", ""false"", ""--save-graph-snapshots"", ""false"", ""--graph-snapshot-interval"", ""1"", ""--graph-snapshot-min-weight"", ""0.0"", ""--lr-gap-gen"", ""1"", ""--lr-min-samples"", ""10"", ""--lr-sparse-alpha"", ""0.001"", ""--lr-auto-alpha"", ""true"", ""--lr-alpha-c"", ""0.2"", ""--lr-delta"", ""0.05"", ""--lr-auto-min-samples"", ""true"", ""--lr-min-samples-c"", ""2.0"", ""--lr-stability-subsamples"", ""0"", ""--lr-stability-fraction"", ""0.75"", ""--lr-edge-min-weight"", ""0.0"", ""--lr-encoding"", ""binary"", ""--lr-solver"", ""auto"", ""--lr-matrix-free-threshold"", ""700"", ""--lr-matrix-free-max-iter"", ""8"", ""--lr-matrix-free-tol"", ""0.0001"", ""--lr-matrix-free-step-scale"", ""0.5"", ""--lr-matrix-free-dtype"", ""float32"", ""--build-building-blocks"", ""true"", ""--bb-weight-mode"", ""positive"", ""--bb-search-mode"", ""uniform"", ""--bb-min-block-size"", ""2"", ""--bb-max-blocks"", ""20"", ""--bb-snapshot-interval"", ""1"", ""--bb-external-penalty"", ""0.25"", ""--bb-size-penalty"", ""0.01"", ""--bb-pattern-top-fraction"", ""0.2"", ""--bb-pattern-min-support"", ""2"", ""--bb-refine-fraction"", ""0.2"", ""--bb-accept-equal-sparser"", ""true"", ""--bb-shuffle-blocks"", ""true"", ""--bb-signed-repair-probability"", ""0.75"", ""--pre-lr-explore"", ""false"", ""--pre-lr-mutation-multiplier"", ""3.0"", ""--pre-lr-immigrant-rate"", ""0.1"", ""--artifact-layout"", ""nested"", ""--write-aggregate-outputs"", ""false"", ""--lr-expected-edges"", ""60"", ""--lr-refit-expected-edges"", ""30"", ""--bb-gawll-update-interval"", ""10"", ""--bb-max-refine-trials"", ""10"", ""--repeat-id"", ""2"", ""--outer-fold-id"", ""2""]"
167,warpPIE10P_asu,2,1,2,3,..\Results\results_fs_uniform_positive_medium_highdim\warpPIE10P_asu\empirical_linkage_legacy_uniform_positive,"[""warpPIE10P_asu"", ""2"", ""1"", ""--data-dir"", ""../Dataset/prepared_feature_selection"", ""--output-dir"", ""..\\Results\\results_fs_uniform_positive_medium_highdim\\warpPIE10P_asu\\empirical_linkage_legacy_uniform_positive"", ""--outer-folds"", ""4"", ""--inner-folds"", ""4"", ""--repeats"", ""3"", ""--seed"", ""1"", ""--shuffle"", ""true"", ""--popsize"", ""100"", ""--p-cross"", ""0.4"", ""--tournament-size"", ""3"", ""--tau-reset"", ""50"", ""--resetpop-rate"", ""0.99"", ""--local-search"", ""false"", ""--stop"", ""gen"", ""--max-gen"", ""100"", ""--edge-epsilon"", ""1e-06"", ""--save-generation-trace"", ""true"", ""--save-linkage-events"", ""false"", ""--save-graph-snapshots"", ""false"", ""--graph-snapshot-interval"", ""1"", ""--graph-snapshot-min-weight"", ""0.0"", ""--lr-gap-gen"", ""1"", ""--lr-min-samples"", ""10"", ""--lr-sparse-alpha"", ""0.001"", ""--lr-auto-alpha"", ""true"", ""--lr-alpha-c"", ""0.2"", ""--lr-delta"", ""0.05"", ""--lr-auto-min-samples"", ""true"", ""--lr-min-samples-c"", ""2.0"", ""--lr-stability-subsamples"", ""0"", ""--lr-stability-fraction"", ""0.75"", ""--lr-edge-min-weight"", ""0.0"", ""--lr-encoding"", ""binary"", ""--lr-solver"", ""auto"", ""--lr-matrix-free-threshold"", ""700"", ""--lr-matrix-free-max-iter"", ""8"", ""--lr-matrix-free-tol"", ""0.0001"", ""--lr-matrix-free-step-scale"", ""0.5"", ""--lr-matrix-free-dtype"", ""float32"", ""--build-building-blocks"", ""true"", ""--bb-weight-mode"", ""positive"", ""--bb-search-mode"", ""uniform"", ""--bb-min-block-size"", ""2"", ""--bb-max-blocks"", ""20"", ""--bb-snapshot-interval"", ""1"", ""--bb-external-penalty"", ""0.25"", ""--bb-size-penalty"", ""0.01"", ""--bb-pattern-top-fraction"", ""0.2"", ""--bb-pattern-min-support"", ""2"", ""--bb-refine-fraction"", ""0.2"", ""--bb-accept-equal-sparser"", ""true"", ""--bb-shuffle-blocks"", ""true"", ""--bb-signed-repair-probability"", ""0.75"", ""--pre-lr-explore"", ""false"", ""--pre-lr-mutation-multiplier"", ""3.0"", ""--pre-lr-immigrant-rate"", ""0.1"", ""--artifact-layout"", ""nested"", ""--write-aggregate-outputs"", ""false"", ""--lr-expected-edges"", ""60"", ""--lr-refit-expected-edges"", ""30"", ""--bb-gawll-update-interval"", ""10"", ""--bb-max-refine-trials"", ""10"", ""--repeat-id"", ""2"", ""--outer-fold-id"", ""3""]"
168,lung_discrete_asu,2,2,0,0,..\Results\results_fs_uniform_positive_medium_highdim\lung_discrete_asu\blur_ga_pairwise_lasso_uniform_positive_binary_nopre,"[""lung_discrete_asu"", ""2"", ""2"", ""--data-dir"", ""../Dataset/prepared_feature_selection"", ""--output-dir"", ""..\\Results\\results_fs_uniform_positive_medium_highdim\\lung_discrete_asu\\blur_ga_pairwise_lasso_uniform_positive_binary_nopre"", ""--outer-folds"", ""4"", ""--inner-folds"", ""4"", ""--repeats"", ""3"", ""--seed"", ""1"", ""--shuffle"", ""true"", ""--popsize"", ""100"", ""--p-cross"", ""0.4"", ""--tournament-size"", ""3"", ""--tau-reset"", ""50"", ""--resetpop-rate"", ""0.99"", ""--local-search"", ""false"", ""--stop"", ""gen"", ""--max-gen"", ""100"", ""--edge-epsilon"", ""1e-06"", ""--save-generation-trace"", ""true"", ""--save-linkage-events"", ""false"", ""--save-graph-snapshots"", ""false"", ""--graph-snapshot-interval"", ""1"", ""--graph-snapshot-min-weight"", ""0.0"", ""--lr-gap-gen"", ""1"", ""--lr-min-samples"", ""10"", ""--lr-sparse-alpha"", ""0.001"", ""--lr-auto-alpha"", ""true"", ""--lr-alpha-c"", ""0.2"", ""--lr-delta"", ""0.05"", ""--lr-auto-min-samples"", ""true"", ""--lr-min-samples-c"", ""2.0"", ""--lr-stability-subsamples"", ""0"", ""--lr-stability-fraction"", ""0.75"", ""--lr-edge-min-weight"", ""0.0"", ""--lr-encoding"", ""binary"", ""--lr-solver"", ""auto"", ""--lr-matrix-free-threshold"", ""700"", ""--lr-matrix-free-max-iter"", ""8"", ""--lr-matrix-free-tol"", ""0.0001"", ""--lr-matrix-free-step-scale"", ""0.5"", ""--lr-matrix-free-dtype"", ""float32"", ""--build-building-blocks"", ""true"", ""--bb-weight-mode"", ""positive"", ""--bb-search-mode"", ""uniform"", ""--bb-min-block-size"", ""2"", ""--bb-max-blocks"", ""20"", ""--bb-snapshot-interval"", ""1"", ""--bb-external-penalty"", ""0.25"", ""--bb-size-penalty"", ""0.01"", ""--bb-pattern-top-fraction"", ""0.2"", ""--bb-pattern-min-support"", ""2"", ""--bb-refine-fraction"", ""0.2"", ""--bb-accept-equal-sparser"", ""true"", ""--bb-shuffle-blocks"", ""true"", ""--bb-signed-repair-probability"", ""0.75"", ""--pre-lr-explore"", ""false"", ""--pre-lr-mutation-multiplier"", ""3.0"", ""--pre-lr-immigrant-rate"", ""0.1"", ""--artifact-layout"", ""nested"", ""--write-aggregate-outputs"", ""false"", ""--lr-expected-edges"", ""60"", ""--lr-refit-expected-edges"", ""30"", ""--bb-gawll-update-interval"", ""10"", ""--bb-max-refine-trials"", ""10"", ""--repeat-id"", ""0"", ""--outer-fold-id"", ""0""]"
169,lung_discrete_asu,2,2,0,1,..\Results\results_fs_uniform_positive_medium_highdim\lung_discrete_asu\blur_ga_pairwise_lasso_uniform_positive_binary_nopre,"[""lung_discrete_asu"", ""2"", ""2"", ""--data-dir"", ""../Dataset/prepared_feature_selection"", ""--output-dir"", ""..\\Results\\results_fs_uniform_positive_medium_highdim\\lung_discrete_asu\\blur_ga_pairwise_lasso_uniform_positive_binary_nopre"", ""--outer-folds"", ""4"", ""--inner-folds"", ""4"", ""--repeats"", ""3"", ""--seed"", ""1"", ""--shuffle"", ""true"", ""--popsize"", ""100"", ""--p-cross"", ""0.4"", ""--tournament-size"", ""3"", ""--tau-reset"", ""50"", ""--resetpop-rate"", ""0.99"", ""--local-search"", ""false"", ""--stop"", ""gen"", ""--max-gen"", ""100"", ""--edge-epsilon"", ""1e-06"", ""--save-generation-trace"", ""true"", ""--save-linkage-events"", ""false"", ""--save-graph-snapshots"", ""false"", ""--graph-snapshot-interval"", ""1"", ""--graph-snapshot-min-weight"", ""0.0"", ""--lr-gap-gen"", ""1"", ""--lr-min-samples"", ""10"", ""--lr-sparse-alpha"", ""0.001"", ""--lr-auto-alpha"", ""true"", ""--lr-alpha-c"", ""0.2"", ""--lr-delta"", ""0.05"", ""--lr-auto-min-samples"", ""true"", ""--lr-min-samples-c"", ""2.0"", ""--lr-stability-subsamples"", ""0"", ""--lr-stability-fraction"", ""0.75"", ""--lr-edge-min-weight"", ""0.0"", ""--lr-encoding"", ""binary"", ""--lr-solver"", ""auto"", ""--lr-matrix-free-threshold"", ""700"", ""--lr-matrix-free-max-iter"", ""8"", ""--lr-matrix-free-tol"", ""0.0001"", ""--lr-matrix-free-step-scale"", ""0.5"", ""--lr-matrix-free-dtype"", ""float32"", ""--build-building-blocks"", ""true"", ""--bb-weight-mode"", ""positive"", ""--bb-search-mode"", ""uniform"", ""--bb-min-block-size"", ""2"", ""--bb-max-blocks"", ""20"", ""--bb-snapshot-interval"", ""1"", ""--bb-external-penalty"", ""0.25"", ""--bb-size-penalty"", ""0.01"", ""--bb-pattern-top-fraction"", ""0.2"", ""--bb-pattern-min-support"", ""2"", ""--bb-refine-fraction"", ""0.2"", ""--bb-accept-equal-sparser"", ""true"", ""--bb-shuffle-blocks"", ""true"", ""--bb-signed-repair-probability"", ""0.75"", ""--pre-lr-explore"", ""false"", ""--pre-lr-mutation-multiplier"", ""3.0"", ""--pre-lr-immigrant-rate"", ""0.1"", ""--artifact-layout"", ""nested"", ""--write-aggregate-outputs"", ""false"", ""--lr-expected-edges"", ""60"", ""--lr-refit-expected-edges"", ""30"", ""--bb-gawll-update-interval"", ""10"", ""--bb-max-refine-trials"", ""10"", ""--repeat-id"", ""0"", ""--outer-fold-id"", ""1""]"
170,lung_discrete_asu,2,2,0,2,..\Results\results_fs_uniform_positive_medium_highdim\lung_discrete_asu\blur_ga_pairwise_lasso_uniform_positive_binary_nopre,"[""lung_discrete_asu"", ""2"", ""2"", ""--data-dir"", ""../Dataset/prepared_feature_selection"", ""--output-dir"", ""..\\Results\\results_fs_uniform_positive_medium_highdim\\lung_discrete_asu\\blur_ga_pairwise_lasso_uniform_positive_binary_nopre"", ""--outer-folds"", ""4"", ""--inner-folds"", ""4"", ""--repeats"", ""3"", ""--seed"", ""1"", ""--shuffle"", ""true"", ""--popsize"", ""100"", ""--p-cross"", ""0.4"", ""--tournament-size"", ""3"", ""--tau-reset"", ""50"", ""--resetpop-rate"", ""0.99"", ""--local-search"", ""false"", ""--stop"", ""gen"", ""--max-gen"", ""100"", ""--edge-epsilon"", ""1e-06"", ""--save-generation-trace"", ""true"", ""--save-linkage-events"", ""false"", ""--save-graph-snapshots"", ""false"", ""--graph-snapshot-interval"", ""1"", ""--graph-snapshot-min-weight"", ""0.0"", ""--lr-gap-gen"", ""1"", ""--lr-min-samples"", ""10"", ""--lr-sparse-alpha"", ""0.001"", ""--lr-auto-alpha"", ""true"", ""--lr-alpha-c"", ""0.2"", ""--lr-delta"", ""0.05"", ""--lr-auto-min-samples"", ""true"", ""--lr-min-samples-c"", ""2.0"", ""--lr-stability-subsamples"", ""0"", ""--lr-stability-fraction"", ""0.75"", ""--lr-edge-min-weight"", ""0.0"", ""--lr-encoding"", ""binary"", ""--lr-solver"", ""auto"", ""--lr-matrix-free-threshold"", ""700"", ""--lr-matrix-free-max-iter"", ""8"", ""--lr-matrix-free-tol"", ""0.0001"", ""--lr-matrix-free-step-scale"", ""0.5"", ""--lr-matrix-free-dtype"", ""float32"", ""--build-building-blocks"", ""true"", ""--bb-weight-mode"", ""positive"", ""--bb-search-mode"", ""uniform"", ""--bb-min-block-size"", ""2"", ""--bb-max-blocks"", ""20"", ""--bb-snapshot-interval"", ""1"", ""--bb-external-penalty"", ""0.25"", ""--bb-size-penalty"", ""0.01"", ""--bb-pattern-top-fraction"", ""0.2"", ""--bb-pattern-min-support"", ""2"", ""--bb-refine-fraction"", ""0.2"", ""--bb-accept-equal-sparser"", ""true"", ""--bb-shuffle-blocks"", ""true"", ""--bb-signed-repair-probability"", ""0.75"", ""--pre-lr-explore"", ""false"", ""--pre-lr-mutation-multiplier"", ""3.0"", ""--pre-lr-immigrant-rate"", ""0.1"", ""--artifact-layout"", ""nested"", ""--write-aggregate-outputs"", ""false"", ""--lr-expected-edges"", ""60"", ""--lr-refit-expected-edges"", ""30"", ""--bb-gawll-update-interval"", ""10"", ""--bb-max-refine-trials"", ""10"", ""--repeat-id"", ""0"", ""--outer-fold-id"", ""2""]"
171,lung_discrete_asu,2,2,0,3,..\Results\results_fs_uniform_positive_medium_highdim\lung_discrete_asu\blur_ga_pairwise_lasso_uniform_positive_binary_nopre,"[""lung_discrete_asu"", ""2"", ""2"", ""--data-dir"", ""../Dataset/prepared_feature_selection"", ""--output-dir"", ""..\\Results\\results_fs_uniform_positive_medium_highdim\\lung_discrete_asu\\blur_ga_pairwise_lasso_uniform_positive_binary_nopre"", ""--outer-folds"", ""4"", ""--inner-folds"", ""4"", ""--repeats"", ""3"", ""--seed"", ""1"", ""--shuffle"", ""true"", ""--popsize"", ""100"", ""--p-cross"", ""0.4"", ""--tournament-size"", ""3"", ""--tau-reset"", ""50"", ""--resetpop-rate"", ""0.99"", ""--local-search"", ""false"", ""--stop"", ""gen"", ""--max-gen"", ""100"", ""--edge-epsilon"", ""1e-06"", ""--save-generation-trace"", ""true"", ""--save-linkage-events"", ""false"", ""--save-graph-snapshots"", ""false"", ""--graph-snapshot-interval"", ""1"", ""--graph-snapshot-min-weight"", ""0.0"", ""--lr-gap-gen"", ""1"", ""--lr-min-samples"", ""10"", ""--lr-sparse-alpha"", ""0.001"", ""--lr-auto-alpha"", ""true"", ""--lr-alpha-c"", ""0.2"", ""--lr-delta"", ""0.05"", ""--lr-auto-min-samples"", ""true"", ""--lr-min-samples-c"", ""2.0"", ""--lr-stability-subsamples"", ""0"", ""--lr-stability-fraction"", ""0.75"", ""--lr-edge-min-weight"", ""0.0"", ""--lr-encoding"", ""binary"", ""--lr-solver"", ""auto"", ""--lr-matrix-free-threshold"", ""700"", ""--lr-matrix-free-max-iter"", ""8"", ""--lr-matrix-free-tol"", ""0.0001"", ""--lr-matrix-free-step-scale"", ""0.5"", ""--lr-matrix-free-dtype"", ""float32"", ""--build-building-blocks"", ""true"", ""--bb-weight-mode"", ""positive"", ""--bb-search-mode"", ""uniform"", ""--bb-min-block-size"", ""2"", ""--bb-max-blocks"", ""20"", ""--bb-snapshot-interval"", ""1"", ""--bb-external-penalty"", ""0.25"", ""--bb-size-penalty"", ""0.01"", ""--bb-pattern-top-fraction"", ""0.2"", ""--bb-pattern-min-support"", ""2"", ""--bb-refine-fraction"", ""0.2"", ""--bb-accept-equal-sparser"", ""true"", ""--bb-shuffle-blocks"", ""true"", ""--bb-signed-repair-probability"", ""0.75"", ""--pre-lr-explore"", ""false"", ""--pre-lr-mutation-multiplier"", ""3.0"", ""--pre-lr-immigrant-rate"", ""0.1"", ""--artifact-layout"", ""nested"", ""--write-aggregate-outputs"", ""false"", ""--lr-expected-edges"", ""60"", ""--lr-refit-expected-edges"", ""30"", ""--bb-gawll-update-interval"", ""10"", ""--bb-max-refine-trials"", ""10"", ""--repeat-id"", ""0"", ""--outer-fold-id"", ""3""]"
172,lung_discrete_asu,2,2,1,0,..\Results\results_fs_uniform_positive_medium_highdim\lung_discrete_asu\blur_ga_pairwise_lasso_uniform_positive_binary_nopre,"[""lung_discrete_asu"", ""2"", ""2"", ""--data-dir"", ""../Dataset/prepared_feature_selection"", ""--output-dir"", ""..\\Results\\results_fs_uniform_positive_medium_highdim\\lung_discrete_asu\\blur_ga_pairwise_lasso_uniform_positive_binary_nopre"", ""--outer-folds"", ""4"", ""--inner-folds"", ""4"", ""--repeats"", ""3"", ""--seed"", ""1"", ""--shuffle"", ""true"", ""--popsize"", ""100"", ""--p-cross"", ""0.4"", ""--tournament-size"", ""3"", ""--tau-reset"", ""50"", ""--resetpop-rate"", ""0.99"", ""--local-search"", ""false"", ""--stop"", ""gen"", ""--max-gen"", ""100"", ""--edge-epsilon"", ""1e-06"", ""--save-generation-trace"", ""true"", ""--save-linkage-events"", ""false"", ""--save-graph-snapshots"", ""false"", ""--graph-snapshot-interval"", ""1"", ""--graph-snapshot-min-weight"", ""0.0"", ""--lr-gap-gen"", ""1"", ""--lr-min-samples"", ""10"", ""--lr-sparse-alpha"", ""0.001"", ""--lr-auto-alpha"", ""true"", ""--lr-alpha-c"", ""0.2"", ""--lr-delta"", ""0.05"", ""--lr-auto-min-samples"", ""true"", ""--lr-min-samples-c"", ""2.0"", ""--lr-stability-subsamples"", ""0"", ""--lr-stability-fraction"", ""0.75"", ""--lr-edge-min-weight"", ""0.0"", ""--lr-encoding"", ""binary"", ""--lr-solver"", ""auto"", ""--lr-matrix-free-threshold"", ""700"", ""--lr-matrix-free-max-iter"", ""8"", ""--lr-matrix-free-tol"", ""0.0001"", ""--lr-matrix-free-step-scale"", ""0.5"", ""--lr-matrix-free-dtype"", ""float32"", ""--build-building-blocks"", ""true"", ""--bb-weight-mode"", ""positive"", ""--bb-search-mode"", ""uniform"", ""--bb-min-block-size"", ""2"", ""--bb-max-blocks"", ""20"", ""--bb-snapshot-interval"", ""1"", ""--bb-external-penalty"", ""0.25"", ""--bb-size-penalty"", ""0.01"", ""--bb-pattern-top-fraction"", ""0.2"", ""--bb-pattern-min-support"", ""2"", ""--bb-refine-fraction"", ""0.2"", ""--bb-accept-equal-sparser"", ""true"", ""--bb-shuffle-blocks"", ""true"", ""--bb-signed-repair-probability"", ""0.75"", ""--pre-lr-explore"", ""false"", ""--pre-lr-mutation-multiplier"", ""3.0"", ""--pre-lr-immigrant-rate"", ""0.1"", ""--artifact-layout"", ""nested"", ""--write-aggregate-outputs"", ""false"", ""--lr-expected-edges"", ""60"", ""--lr-refit-expected-edges"", ""30"", ""--bb-gawll-update-interval"", ""10"", ""--bb-max-refine-trials"", ""10"", ""--repeat-id"", ""1"", ""--outer-fold-id"", ""0""]"
173,lung_discrete_asu,2,2,1,1,..\Results\results_fs_uniform_positive_medium_highdim\lung_discrete_asu\blur_ga_pairwise_lasso_uniform_positive_binary_nopre,"[""lung_discrete_asu"", ""2"", ""2"", ""--data-dir"", ""../Dataset/prepared_feature_selection"", ""--output-dir"", ""..\\Results\\results_fs_uniform_positive_medium_highdim\\lung_discrete_asu\\blur_ga_pairwise_lasso_uniform_positive_binary_nopre"", ""--outer-folds"", ""4"", ""--inner-folds"", ""4"", ""--repeats"", ""3"", ""--seed"", ""1"", ""--shuffle"", ""true"", ""--popsize"", ""100"", ""--p-cross"", ""0.4"", ""--tournament-size"", ""3"", ""--tau-reset"", ""50"", ""--resetpop-rate"", ""0.99"", ""--local-search"", ""false"", ""--stop"", ""gen"", ""--max-gen"", ""100"", ""--edge-epsilon"", ""1e-06"", ""--save-generation-trace"", ""true"", ""--save-linkage-events"", ""false"", ""--save-graph-snapshots"", ""false"", ""--graph-snapshot-interval"", ""1"", ""--graph-snapshot-min-weight"", ""0.0"", ""--lr-gap-gen"", ""1"", ""--lr-min-samples"", ""10"", ""--lr-sparse-alpha"", ""0.001"", ""--lr-auto-alpha"", ""true"", ""--lr-alpha-c"", ""0.2"", ""--lr-delta"", ""0.05"", ""--lr-auto-min-samples"", ""true"", ""--lr-min-samples-c"", ""2.0"", ""--lr-stability-subsamples"", ""0"", ""--lr-stability-fraction"", ""0.75"", ""--lr-edge-min-weight"", ""0.0"", ""--lr-encoding"", ""binary"", ""--lr-solver"", ""auto"", ""--lr-matrix-free-threshold"", ""700"", ""--lr-matrix-free-max-iter"", ""8"", ""--lr-matrix-free-tol"", ""0.0001"", ""--lr-matrix-free-step-scale"", ""0.5"", ""--lr-matrix-free-dtype"", ""float32"", ""--build-building-blocks"", ""true"", ""--bb-weight-mode"", ""positive"", ""--bb-search-mode"", ""uniform"", ""--bb-min-block-size"", ""2"", ""--bb-max-blocks"", ""20"", ""--bb-snapshot-interval"", ""1"", ""--bb-external-penalty"", ""0.25"", ""--bb-size-penalty"", ""0.01"", ""--bb-pattern-top-fraction"", ""0.2"", ""--bb-pattern-min-support"", ""2"", ""--bb-refine-fraction"", ""0.2"", ""--bb-accept-equal-sparser"", ""true"", ""--bb-shuffle-blocks"", ""true"", ""--bb-signed-repair-probability"", ""0.75"", ""--pre-lr-explore"", ""false"", ""--pre-lr-mutation-multiplier"", ""3.0"", ""--pre-lr-immigrant-rate"", ""0.1"", ""--artifact-layout"", ""nested"", ""--write-aggregate-outputs"", ""false"", ""--lr-expected-edges"", ""60"", ""--lr-refit-expected-edges"", ""30"", ""--bb-gawll-update-interval"", ""10"", ""--bb-max-refine-trials"", ""10"", ""--repeat-id"", ""1"", ""--outer-fold-id"", ""1""]"
174,lung_discrete_asu,2,2,1,2,..\Results\results_fs_uniform_positive_medium_highdim\lung_discrete_asu\blur_ga_pairwise_lasso_uniform_positive_binary_nopre,"[""lung_discrete_asu"", ""2"", ""2"", ""--data-dir"", ""../Dataset/prepared_feature_selection"", ""--output-dir"", ""..\\Results\\results_fs_uniform_positive_medium_highdim\\lung_discrete_asu\\blur_ga_pairwise_lasso_uniform_positive_binary_nopre"", ""--outer-folds"", ""4"", ""--inner-folds"", ""4"", ""--repeats"", ""3"", ""--seed"", ""1"", ""--shuffle"", ""true"", ""--popsize"", ""100"", ""--p-cross"", ""0.4"", ""--tournament-size"", ""3"", ""--tau-reset"", ""50"", ""--resetpop-rate"", ""0.99"", ""--local-search"", ""false"", ""--stop"", ""gen"", ""--max-gen"", ""100"", ""--edge-epsilon"", ""1e-06"", ""--save-generation-trace"", ""true"", ""--save-linkage-events"", ""false"", ""--save-graph-snapshots"", ""false"", ""--graph-snapshot-interval"", ""1"", ""--graph-snapshot-min-weight"", ""0.0"", ""--lr-gap-gen"", ""1"", ""--lr-min-samples"", ""10"", ""--lr-sparse-alpha"", ""0.001"", ""--lr-auto-alpha"", ""true"", ""--lr-alpha-c"", ""0.2"", ""--lr-delta"", ""0.05"", ""--lr-auto-min-samples"", ""true"", ""--lr-min-samples-c"", ""2.0"", ""--lr-stability-subsamples"", ""0"", ""--lr-stability-fraction"", ""0.75"", ""--lr-edge-min-weight"", ""0.0"", ""--lr-encoding"", ""binary"", ""--lr-solver"", ""auto"", ""--lr-matrix-free-threshold"", ""700"", ""--lr-matrix-free-max-iter"", ""8"", ""--lr-matrix-free-tol"", ""0.0001"", ""--lr-matrix-free-step-scale"", ""0.5"", ""--lr-matrix-free-dtype"", ""float32"", ""--build-building-blocks"", ""true"", ""--bb-weight-mode"", ""positive"", ""--bb-search-mode"", ""uniform"", ""--bb-min-block-size"", ""2"", ""--bb-max-blocks"", ""20"", ""--bb-snapshot-interval"", ""1"", ""--bb-external-penalty"", ""0.25"", ""--bb-size-penalty"", ""0.01"", ""--bb-pattern-top-fraction"", ""0.2"", ""--bb-pattern-min-support"", ""2"", ""--bb-refine-fraction"", ""0.2"", ""--bb-accept-equal-sparser"", ""true"", ""--bb-shuffle-blocks"", ""true"", ""--bb-signed-repair-probability"", ""0.75"", ""--pre-lr-explore"", ""false"", ""--pre-lr-mutation-multiplier"", ""3.0"", ""--pre-lr-immigrant-rate"", ""0.1"", ""--artifact-layout"", ""nested"", ""--write-aggregate-outputs"", ""false"", ""--lr-expected-edges"", ""60"", ""--lr-refit-expected-edges"", ""30"", ""--bb-gawll-update-interval"", ""10"", ""--bb-max-refine-trials"", ""10"", ""--repeat-id"", ""1"", ""--outer-fold-id"", ""2""]"
175,lung_discrete_asu,2,2,1,3,..\Results\results_fs_uniform_positive_medium_highdim\lung_discrete_asu\blur_ga_pairwise_lasso_uniform_positive_binary_nopre,"[""lung_discrete_asu"", ""2"", ""2"", ""--data-dir"", ""../Dataset/prepared_feature_selection"", ""--output-dir"", ""..\\Results\\results_fs_uniform_positive_medium_highdim\\lung_discrete_asu\\blur_ga_pairwise_lasso_uniform_positive_binary_nopre"", ""--outer-folds"", ""4"", ""--inner-folds"", ""4"", ""--repeats"", ""3"", ""--seed"", ""1"", ""--shuffle"", ""true"", ""--popsize"", ""100"", ""--p-cross"", ""0.4"", ""--tournament-size"", ""3"", ""--tau-reset"", ""50"", ""--resetpop-rate"", ""0.99"", ""--local-search"", ""false"", ""--stop"", ""gen"", ""--max-gen"", ""100"", ""--edge-epsilon"", ""1e-06"", ""--save-generation-trace"", ""true"", ""--save-linkage-events"", ""false"", ""--save-graph-snapshots"", ""false"", ""--graph-snapshot-interval"", ""1"", ""--graph-snapshot-min-weight"", ""0.0"", ""--lr-gap-gen"", ""1"", ""--lr-min-samples"", ""10"", ""--lr-sparse-alpha"", ""0.001"", ""--lr-auto-alpha"", ""true"", ""--lr-alpha-c"", ""0.2"", ""--lr-delta"", ""0.05"", ""--lr-auto-min-samples"", ""true"", ""--lr-min-samples-c"", ""2.0"", ""--lr-stability-subsamples"", ""0"", ""--lr-stability-fraction"", ""0.75"", ""--lr-edge-min-weight"", ""0.0"", ""--lr-encoding"", ""binary"", ""--lr-solver"", ""auto"", ""--lr-matrix-free-threshold"", ""700"", ""--lr-matrix-free-max-iter"", ""8"", ""--lr-matrix-free-tol"", ""0.0001"", ""--lr-matrix-free-step-scale"", ""0.5"", ""--lr-matrix-free-dtype"", ""float32"", ""--build-building-blocks"", ""true"", ""--bb-weight-mode"", ""positive"", ""--bb-search-mode"", ""uniform"", ""--bb-min-block-size"", ""2"", ""--bb-max-blocks"", ""20"", ""--bb-snapshot-interval"", ""1"", ""--bb-external-penalty"", ""0.25"", ""--bb-size-penalty"", ""0.01"", ""--bb-pattern-top-fraction"", ""0.2"", ""--bb-pattern-min-support"", ""2"", ""--bb-refine-fraction"", ""0.2"", ""--bb-accept-equal-sparser"", ""true"", ""--bb-shuffle-blocks"", ""true"", ""--bb-signed-repair-probability"", ""0.75"", ""--pre-lr-explore"", ""false"", ""--pre-lr-mutation-multiplier"", ""3.0"", ""--pre-lr-immigrant-rate"", ""0.1"", ""--artifact-layout"", ""nested"", ""--write-aggregate-outputs"", ""false"", ""--lr-expected-edges"", ""60"", ""--lr-refit-expected-edges"", ""30"", ""--bb-gawll-update-interval"", ""10"", ""--bb-max-refine-trials"", ""10"", ""--repeat-id"", ""1"", ""--outer-fold-id"", ""3""]"
176,lung_discrete_asu,2,2,2,0,..\Results\results_fs_uniform_positive_medium_highdim\lung_discrete_asu\blur_ga_pairwise_lasso_uniform_positive_binary_nopre,"[""lung_discrete_asu"", ""2"", ""2"", ""--data-dir"", ""../Dataset/prepared_feature_selection"", ""--output-dir"", ""..\\Results\\results_fs_uniform_positive_medium_highdim\\lung_discrete_asu\\blur_ga_pairwise_lasso_uniform_positive_binary_nopre"", ""--outer-folds"", ""4"", ""--inner-folds"", ""4"", ""--repeats"", ""3"", ""--seed"", ""1"", ""--shuffle"", ""true"", ""--popsize"", ""100"", ""--p-cross"", ""0.4"", ""--tournament-size"", ""3"", ""--tau-reset"", ""50"", ""--resetpop-rate"", ""0.99"", ""--local-search"", ""false"", ""--stop"", ""gen"", ""--max-gen"", ""100"", ""--edge-epsilon"", ""1e-06"", ""--save-generation-trace"", ""true"", ""--save-linkage-events"", ""false"", ""--save-graph-snapshots"", ""false"", ""--graph-snapshot-interval"", ""1"", ""--graph-snapshot-min-weight"", ""0.0"", ""--lr-gap-gen"", ""1"", ""--lr-min-samples"", ""10"", ""--lr-sparse-alpha"", ""0.001"", ""--lr-auto-alpha"", ""true"", ""--lr-alpha-c"", ""0.2"", ""--lr-delta"", ""0.05"", ""--lr-auto-min-samples"", ""true"", ""--lr-min-samples-c"", ""2.0"", ""--lr-stability-subsamples"", ""0"", ""--lr-stability-fraction"", ""0.75"", ""--lr-edge-min-weight"", ""0.0"", ""--lr-encoding"", ""binary"", ""--lr-solver"", ""auto"", ""--lr-matrix-free-threshold"", ""700"", ""--lr-matrix-free-max-iter"", ""8"", ""--lr-matrix-free-tol"", ""0.0001"", ""--lr-matrix-free-step-scale"", ""0.5"", ""--lr-matrix-free-dtype"", ""float32"", ""--build-building-blocks"", ""true"", ""--bb-weight-mode"", ""positive"", ""--bb-search-mode"", ""uniform"", ""--bb-min-block-size"", ""2"", ""--bb-max-blocks"", ""20"", ""--bb-snapshot-interval"", ""1"", ""--bb-external-penalty"", ""0.25"", ""--bb-size-penalty"", ""0.01"", ""--bb-pattern-top-fraction"", ""0.2"", ""--bb-pattern-min-support"", ""2"", ""--bb-refine-fraction"", ""0.2"", ""--bb-accept-equal-sparser"", ""true"", ""--bb-shuffle-blocks"", ""true"", ""--bb-signed-repair-probability"", ""0.75"", ""--pre-lr-explore"", ""false"", ""--pre-lr-mutation-multiplier"", ""3.0"", ""--pre-lr-immigrant-rate"", ""0.1"", ""--artifact-layout"", ""nested"", ""--write-aggregate-outputs"", ""false"", ""--lr-expected-edges"", ""60"", ""--lr-refit-expected-edges"", ""30"", ""--bb-gawll-update-interval"", ""10"", ""--bb-max-refine-trials"", ""10"", ""--repeat-id"", ""2"", ""--outer-fold-id"", ""0""]"
177,lung_discrete_asu,2,2,2,1,..\Results\results_fs_uniform_positive_medium_highdim\lung_discrete_asu\blur_ga_pairwise_lasso_uniform_positive_binary_nopre,"[""lung_discrete_asu"", ""2"", ""2"", ""--data-dir"", ""../Dataset/prepared_feature_selection"", ""--output-dir"", ""..\\Results\\results_fs_uniform_positive_medium_highdim\\lung_discrete_asu\\blur_ga_pairwise_lasso_uniform_positive_binary_nopre"", ""--outer-folds"", ""4"", ""--inner-folds"", ""4"", ""--repeats"", ""3"", ""--seed"", ""1"", ""--shuffle"", ""true"", ""--popsize"", ""100"", ""--p-cross"", ""0.4"", ""--tournament-size"", ""3"", ""--tau-reset"", ""50"", ""--resetpop-rate"", ""0.99"", ""--local-search"", ""false"", ""--stop"", ""gen"", ""--max-gen"", ""100"", ""--edge-epsilon"", ""1e-06"", ""--save-generation-trace"", ""true"", ""--save-linkage-events"", ""false"", ""--save-graph-snapshots"", ""false"", ""--graph-snapshot-interval"", ""1"", ""--graph-snapshot-min-weight"", ""0.0"", ""--lr-gap-gen"", ""1"", ""--lr-min-samples"", ""10"", ""--lr-sparse-alpha"", ""0.001"", ""--lr-auto-alpha"", ""true"", ""--lr-alpha-c"", ""0.2"", ""--lr-delta"", ""0.05"", ""--lr-auto-min-samples"", ""true"", ""--lr-min-samples-c"", ""2.0"", ""--lr-stability-subsamples"", ""0"", ""--lr-stability-fraction"", ""0.75"", ""--lr-edge-min-weight"", ""0.0"", ""--lr-encoding"", ""binary"", ""--lr-solver"", ""auto"", ""--lr-matrix-free-threshold"", ""700"", ""--lr-matrix-free-max-iter"", ""8"", ""--lr-matrix-free-tol"", ""0.0001"", ""--lr-matrix-free-step-scale"", ""0.5"", ""--lr-matrix-free-dtype"", ""float32"", ""--build-building-blocks"", ""true"", ""--bb-weight-mode"", ""positive"", ""--bb-search-mode"", ""uniform"", ""--bb-min-block-size"", ""2"", ""--bb-max-blocks"", ""20"", ""--bb-snapshot-interval"", ""1"", ""--bb-external-penalty"", ""0.25"", ""--bb-size-penalty"", ""0.01"", ""--bb-pattern-top-fraction"", ""0.2"", ""--bb-pattern-min-support"", ""2"", ""--bb-refine-fraction"", ""0.2"", ""--bb-accept-equal-sparser"", ""true"", ""--bb-shuffle-blocks"", ""true"", ""--bb-signed-repair-probability"", ""0.75"", ""--pre-lr-explore"", ""false"", ""--pre-lr-mutation-multiplier"", ""3.0"", ""--pre-lr-immigrant-rate"", ""0.1"", ""--artifact-layout"", ""nested"", ""--write-aggregate-outputs"", ""false"", ""--lr-expected-edges"", ""60"", ""--lr-refit-expected-edges"", ""30"", ""--bb-gawll-update-interval"", ""10"", ""--bb-max-refine-trials"", ""10"", ""--repeat-id"", ""2"", ""--outer-fold-id"", ""1""]"
178,lung_discrete_asu,2,2,2,2,..\Results\results_fs_uniform_positive_medium_highdim\lung_discrete_asu\blur_ga_pairwise_lasso_uniform_positive_binary_nopre,"[""lung_discrete_asu"", ""2"", ""2"", ""--data-dir"", ""../Dataset/prepared_feature_selection"", ""--output-dir"", ""..\\Results\\results_fs_uniform_positive_medium_highdim\\lung_discrete_asu\\blur_ga_pairwise_lasso_uniform_positive_binary_nopre"", ""--outer-folds"", ""4"", ""--inner-folds"", ""4"", ""--repeats"", ""3"", ""--seed"", ""1"", ""--shuffle"", ""true"", ""--popsize"", ""100"", ""--p-cross"", ""0.4"", ""--tournament-size"", ""3"", ""--tau-reset"", ""50"", ""--resetpop-rate"", ""0.99"", ""--local-search"", ""false"", ""--stop"", ""gen"", ""--max-gen"", ""100"", ""--edge-epsilon"", ""1e-06"", ""--save-generation-trace"", ""true"", ""--save-linkage-events"", ""false"", ""--save-graph-snapshots"", ""false"", ""--graph-snapshot-interval"", ""1"", ""--graph-snapshot-min-weight"", ""0.0"", ""--lr-gap-gen"", ""1"", ""--lr-min-samples"", ""10"", ""--lr-sparse-alpha"", ""0.001"", ""--lr-auto-alpha"", ""true"", ""--lr-alpha-c"", ""0.2"", ""--lr-delta"", ""0.05"", ""--lr-auto-min-samples"", ""true"", ""--lr-min-samples-c"", ""2.0"", ""--lr-stability-subsamples"", ""0"", ""--lr-stability-fraction"", ""0.75"", ""--lr-edge-min-weight"", ""0.0"", ""--lr-encoding"", ""binary"", ""--lr-solver"", ""auto"", ""--lr-matrix-free-threshold"", ""700"", ""--lr-matrix-free-max-iter"", ""8"", ""--lr-matrix-free-tol"", ""0.0001"", ""--lr-matrix-free-step-scale"", ""0.5"", ""--lr-matrix-free-dtype"", ""float32"", ""--build-building-blocks"", ""true"", ""--bb-weight-mode"", ""positive"", ""--bb-search-mode"", ""uniform"", ""--bb-min-block-size"", ""2"", ""--bb-max-blocks"", ""20"", ""--bb-snapshot-interval"", ""1"", ""--bb-external-penalty"", ""0.25"", ""--bb-size-penalty"", ""0.01"", ""--bb-pattern-top-fraction"", ""0.2"", ""--bb-pattern-min-support"", ""2"", ""--bb-refine-fraction"", ""0.2"", ""--bb-accept-equal-sparser"", ""true"", ""--bb-shuffle-blocks"", ""true"", ""--bb-signed-repair-probability"", ""0.75"", ""--pre-lr-explore"", ""false"", ""--pre-lr-mutation-multiplier"", ""3.0"", ""--pre-lr-immigrant-rate"", ""0.1"", ""--artifact-layout"", ""nested"", ""--write-aggregate-outputs"", ""false"", ""--lr-expected-edges"", ""60"", ""--lr-refit-expected-edges"", ""30"", ""--bb-gawll-update-interval"", ""10"", ""--bb-max-refine-trials"", ""10"", ""--repeat-id"", ""2"", ""--outer-fold-id"", ""2""]"
179,lung_discrete_asu,2,2,2,3,..\Results\results_fs_uniform_positive_medium_highdim\lung_discrete_asu\blur_ga_pairwise_lasso_uniform_positive_binary_nopre,"[""lung_discrete_asu"", ""2"", ""2"", ""--data-dir"", ""../Dataset/prepared_feature_selection"", ""--output-dir"", ""..\\Results\\results_fs_uniform_positive_medium_highdim\\lung_discrete_asu\\blur_ga_pairwise_lasso_uniform_positive_binary_nopre"", ""--outer-folds"", ""4"", ""--inner-folds"", ""4"", ""--repeats"", ""3"", ""--seed"", ""1"", ""--shuffle"", ""true"", ""--popsize"", ""100"", ""--p-cross"", ""0.4"", ""--tournament-size"", ""3"", ""--tau-reset"", ""50"", ""--resetpop-rate"", ""0.99"", ""--local-search"", ""false"", ""--stop"", ""gen"", ""--max-gen"", ""100"", ""--edge-epsilon"", ""1e-06"", ""--save-generation-trace"", ""true"", ""--save-linkage-events"", ""false"", ""--save-graph-snapshots"", ""false"", ""--graph-snapshot-interval"", ""1"", ""--graph-snapshot-min-weight"", ""0.0"", ""--lr-gap-gen"", ""1"", ""--lr-min-samples"", ""10"", ""--lr-sparse-alpha"", ""0.001"", ""--lr-auto-alpha"", ""true"", ""--lr-alpha-c"", ""0.2"", ""--lr-delta"", ""0.05"", ""--lr-auto-min-samples"", ""true"", ""--lr-min-samples-c"", ""2.0"", ""--lr-stability-subsamples"", ""0"", ""--lr-stability-fraction"", ""0.75"", ""--lr-edge-min-weight"", ""0.0"", ""--lr-encoding"", ""binary"", ""--lr-solver"", ""auto"", ""--lr-matrix-free-threshold"", ""700"", ""--lr-matrix-free-max-iter"", ""8"", ""--lr-matrix-free-tol"", ""0.0001"", ""--lr-matrix-free-step-scale"", ""0.5"", ""--lr-matrix-free-dtype"", ""float32"", ""--build-building-blocks"", ""true"", ""--bb-weight-mode"", ""positive"", ""--bb-search-mode"", ""uniform"", ""--bb-min-block-size"", ""2"", ""--bb-max-blocks"", ""20"", ""--bb-snapshot-interval"", ""1"", ""--bb-external-penalty"", ""0.25"", ""--bb-size-penalty"", ""0.01"", ""--bb-pattern-top-fraction"", ""0.2"", ""--bb-pattern-min-support"", ""2"", ""--bb-refine-fraction"", ""0.2"", ""--bb-accept-equal-sparser"", ""true"", ""--bb-shuffle-blocks"", ""true"", ""--bb-signed-repair-probability"", ""0.75"", ""--pre-lr-explore"", ""false"", ""--pre-lr-mutation-multiplier"", ""3.0"", ""--pre-lr-immigrant-rate"", ""0.1"", ""--artifact-layout"", ""nested"", ""--write-aggregate-outputs"", ""false"", ""--lr-expected-edges"", ""60"", ""--lr-refit-expected-edges"", ""30"", ""--bb-gawll-update-interval"", ""10"", ""--bb-max-refine-trials"", ""10"", ""--repeat-id"", ""2"", ""--outer-fold-id"", ""3""]"
180,Isolet_asu,2,2,0,0,..\Results\results_fs_uniform_positive_medium_highdim\Isolet_asu\blur_ga_pairwise_lasso_uniform_positive_binary_nopre,"[""Isolet_asu"", ""2"", ""2"", ""--data-dir"", ""../Dataset/prepared_feature_selection"", ""--output-dir"", ""..\\Results\\results_fs_uniform_positive_medium_highdim\\Isolet_asu\\blur_ga_pairwise_lasso_uniform_positive_binary_nopre"", ""--outer-folds"", ""4"", ""--inner-folds"", ""4"", ""--repeats"", ""3"", ""--seed"", ""1"", ""--shuffle"", ""true"", ""--popsize"", ""100"", ""--p-cross"", ""0.4"", ""--tournament-size"", ""3"", ""--tau-reset"", ""50"", ""--resetpop-rate"", ""0.99"", ""--local-search"", ""false"", ""--stop"", ""gen"", ""--max-gen"", ""100"", ""--edge-epsilon"", ""1e-06"", ""--save-generation-trace"", ""true"", ""--save-linkage-events"", ""false"", ""--save-graph-snapshots"", ""false"", ""--graph-snapshot-interval"", ""1"", ""--graph-snapshot-min-weight"", ""0.0"", ""--lr-gap-gen"", ""1"", ""--lr-min-samples"", ""10"", ""--lr-sparse-alpha"", ""0.001"", ""--lr-auto-alpha"", ""true"", ""--lr-alpha-c"", ""0.2"", ""--lr-delta"", ""0.05"", ""--lr-auto-min-samples"", ""true"", ""--lr-min-samples-c"", ""2.0"", ""--lr-stability-subsamples"", ""0"", ""--lr-stability-fraction"", ""0.75"", ""--lr-edge-min-weight"", ""0.0"", ""--lr-encoding"", ""binary"", ""--lr-solver"", ""auto"", ""--lr-matrix-free-threshold"", ""700"", ""--lr-matrix-free-max-iter"", ""8"", ""--lr-matrix-free-tol"", ""0.0001"", ""--lr-matrix-free-step-scale"", ""0.5"", ""--lr-matrix-free-dtype"", ""float32"", ""--build-building-blocks"", ""true"", ""--bb-weight-mode"", ""positive"", ""--bb-search-mode"", ""uniform"", ""--bb-min-block-size"", ""2"", ""--bb-max-blocks"", ""20"", ""--bb-snapshot-interval"", ""1"", ""--bb-external-penalty"", ""0.25"", ""--bb-size-penalty"", ""0.01"", ""--bb-pattern-top-fraction"", ""0.2"", ""--bb-pattern-min-support"", ""2"", ""--bb-refine-fraction"", ""0.2"", ""--bb-accept-equal-sparser"", ""true"", ""--bb-shuffle-blocks"", ""true"", ""--bb-signed-repair-probability"", ""0.75"", ""--pre-lr-explore"", ""false"", ""--pre-lr-mutation-multiplier"", ""3.0"", ""--pre-lr-immigrant-rate"", ""0.1"", ""--artifact-layout"", ""nested"", ""--write-aggregate-outputs"", ""false"", ""--lr-expected-edges"", ""60"", ""--lr-refit-expected-edges"", ""30"", ""--bb-gawll-update-interval"", ""10"", ""--bb-max-refine-trials"", ""10"", ""--repeat-id"", ""0"", ""--outer-fold-id"", ""0""]"
181,Isolet_asu,2,2,0,1,..\Results\results_fs_uniform_positive_medium_highdim\Isolet_asu\blur_ga_pairwise_lasso_uniform_positive_binary_nopre,"[""Isolet_asu"", ""2"", ""2"", ""--data-dir"", ""../Dataset/prepared_feature_selection"", ""--output-dir"", ""..\\Results\\results_fs_uniform_positive_medium_highdim\\Isolet_asu\\blur_ga_pairwise_lasso_uniform_positive_binary_nopre"", ""--outer-folds"", ""4"", ""--inner-folds"", ""4"", ""--repeats"", ""3"", ""--seed"", ""1"", ""--shuffle"", ""true"", ""--popsize"", ""100"", ""--p-cross"", ""0.4"", ""--tournament-size"", ""3"", ""--tau-reset"", ""50"", ""--resetpop-rate"", ""0.99"", ""--local-search"", ""false"", ""--stop"", ""gen"", ""--max-gen"", ""100"", ""--edge-epsilon"", ""1e-06"", ""--save-generation-trace"", ""true"", ""--save-linkage-events"", ""false"", ""--save-graph-snapshots"", ""false"", ""--graph-snapshot-interval"", ""1"", ""--graph-snapshot-min-weight"", ""0.0"", ""--lr-gap-gen"", ""1"", ""--lr-min-samples"", ""10"", ""--lr-sparse-alpha"", ""0.001"", ""--lr-auto-alpha"", ""true"", ""--lr-alpha-c"", ""0.2"", ""--lr-delta"", ""0.05"", ""--lr-auto-min-samples"", ""true"", ""--lr-min-samples-c"", ""2.0"", ""--lr-stability-subsamples"", ""0"", ""--lr-stability-fraction"", ""0.75"", ""--lr-edge-min-weight"", ""0.0"", ""--lr-encoding"", ""binary"", ""--lr-solver"", ""auto"", ""--lr-matrix-free-threshold"", ""700"", ""--lr-matrix-free-max-iter"", ""8"", ""--lr-matrix-free-tol"", ""0.0001"", ""--lr-matrix-free-step-scale"", ""0.5"", ""--lr-matrix-free-dtype"", ""float32"", ""--build-building-blocks"", ""true"", ""--bb-weight-mode"", ""positive"", ""--bb-search-mode"", ""uniform"", ""--bb-min-block-size"", ""2"", ""--bb-max-blocks"", ""20"", ""--bb-snapshot-interval"", ""1"", ""--bb-external-penalty"", ""0.25"", ""--bb-size-penalty"", ""0.01"", ""--bb-pattern-top-fraction"", ""0.2"", ""--bb-pattern-min-support"", ""2"", ""--bb-refine-fraction"", ""0.2"", ""--bb-accept-equal-sparser"", ""true"", ""--bb-shuffle-blocks"", ""true"", ""--bb-signed-repair-probability"", ""0.75"", ""--pre-lr-explore"", ""false"", ""--pre-lr-mutation-multiplier"", ""3.0"", ""--pre-lr-immigrant-rate"", ""0.1"", ""--artifact-layout"", ""nested"", ""--write-aggregate-outputs"", ""false"", ""--lr-expected-edges"", ""60"", ""--lr-refit-expected-edges"", ""30"", ""--bb-gawll-update-interval"", ""10"", ""--bb-max-refine-trials"", ""10"", ""--repeat-id"", ""0"", ""--outer-fold-id"", ""1""]"
182,Isolet_asu,2,2,0,2,..\Results\results_fs_uniform_positive_medium_highdim\Isolet_asu\blur_ga_pairwise_lasso_uniform_positive_binary_nopre,"[""Isolet_asu"", ""2"", ""2"", ""--data-dir"", ""../Dataset/prepared_feature_selection"", ""--output-dir"", ""..\\Results\\results_fs_uniform_positive_medium_highdim\\Isolet_asu\\blur_ga_pairwise_lasso_uniform_positive_binary_nopre"", ""--outer-folds"", ""4"", ""--inner-folds"", ""4"", ""--repeats"", ""3"", ""--seed"", ""1"", ""--shuffle"", ""true"", ""--popsize"", ""100"", ""--p-cross"", ""0.4"", ""--tournament-size"", ""3"", ""--tau-reset"", ""50"", ""--resetpop-rate"", ""0.99"", ""--local-search"", ""false"", ""--stop"", ""gen"", ""--max-gen"", ""100"", ""--edge-epsilon"", ""1e-06"", ""--save-generation-trace"", ""true"", ""--save-linkage-events"", ""false"", ""--save-graph-snapshots"", ""false"", ""--graph-snapshot-interval"", ""1"", ""--graph-snapshot-min-weight"", ""0.0"", ""--lr-gap-gen"", ""1"", ""--lr-min-samples"", ""10"", ""--lr-sparse-alpha"", ""0.001"", ""--lr-auto-alpha"", ""true"", ""--lr-alpha-c"", ""0.2"", ""--lr-delta"", ""0.05"", ""--lr-auto-min-samples"", ""true"", ""--lr-min-samples-c"", ""2.0"", ""--lr-stability-subsamples"", ""0"", ""--lr-stability-fraction"", ""0.75"", ""--lr-edge-min-weight"", ""0.0"", ""--lr-encoding"", ""binary"", ""--lr-solver"", ""auto"", ""--lr-matrix-free-threshold"", ""700"", ""--lr-matrix-free-max-iter"", ""8"", ""--lr-matrix-free-tol"", ""0.0001"", ""--lr-matrix-free-step-scale"", ""0.5"", ""--lr-matrix-free-dtype"", ""float32"", ""--build-building-blocks"", ""true"", ""--bb-weight-mode"", ""positive"", ""--bb-search-mode"", ""uniform"", ""--bb-min-block-size"", ""2"", ""--bb-max-blocks"", ""20"", ""--bb-snapshot-interval"", ""1"", ""--bb-external-penalty"", ""0.25"", ""--bb-size-penalty"", ""0.01"", ""--bb-pattern-top-fraction"", ""0.2"", ""--bb-pattern-min-support"", ""2"", ""--bb-refine-fraction"", ""0.2"", ""--bb-accept-equal-sparser"", ""true"", ""--bb-shuffle-blocks"", ""true"", ""--bb-signed-repair-probability"", ""0.75"", ""--pre-lr-explore"", ""false"", ""--pre-lr-mutation-multiplier"", ""3.0"", ""--pre-lr-immigrant-rate"", ""0.1"", ""--artifact-layout"", ""nested"", ""--write-aggregate-outputs"", ""false"", ""--lr-expected-edges"", ""60"", ""--lr-refit-expected-edges"", ""30"", ""--bb-gawll-update-interval"", ""10"", ""--bb-max-refine-trials"", ""10"", ""--repeat-id"", ""0"", ""--outer-fold-id"", ""2""]"
183,Isolet_asu,2,2,0,3,..\Results\results_fs_uniform_positive_medium_highdim\Isolet_asu\blur_ga_pairwise_lasso_uniform_positive_binary_nopre,"[""Isolet_asu"", ""2"", ""2"", ""--data-dir"", ""../Dataset/prepared_feature_selection"", ""--output-dir"", ""..\\Results\\results_fs_uniform_positive_medium_highdim\\Isolet_asu\\blur_ga_pairwise_lasso_uniform_positive_binary_nopre"", ""--outer-folds"", ""4"", ""--inner-folds"", ""4"", ""--repeats"", ""3"", ""--seed"", ""1"", ""--shuffle"", ""true"", ""--popsize"", ""100"", ""--p-cross"", ""0.4"", ""--tournament-size"", ""3"", ""--tau-reset"", ""50"", ""--resetpop-rate"", ""0.99"", ""--local-search"", ""false"", ""--stop"", ""gen"", ""--max-gen"", ""100"", ""--edge-epsilon"", ""1e-06"", ""--save-generation-trace"", ""true"", ""--save-linkage-events"", ""false"", ""--save-graph-snapshots"", ""false"", ""--graph-snapshot-interval"", ""1"", ""--graph-snapshot-min-weight"", ""0.0"", ""--lr-gap-gen"", ""1"", ""--lr-min-samples"", ""10"", ""--lr-sparse-alpha"", ""0.001"", ""--lr-auto-alpha"", ""true"", ""--lr-alpha-c"", ""0.2"", ""--lr-delta"", ""0.05"", ""--lr-auto-min-samples"", ""true"", ""--lr-min-samples-c"", ""2.0"", ""--lr-stability-subsamples"", ""0"", ""--lr-stability-fraction"", ""0.75"", ""--lr-edge-min-weight"", ""0.0"", ""--lr-encoding"", ""binary"", ""--lr-solver"", ""auto"", ""--lr-matrix-free-threshold"", ""700"", ""--lr-matrix-free-max-iter"", ""8"", ""--lr-matrix-free-tol"", ""0.0001"", ""--lr-matrix-free-step-scale"", ""0.5"", ""--lr-matrix-free-dtype"", ""float32"", ""--build-building-blocks"", ""true"", ""--bb-weight-mode"", ""positive"", ""--bb-search-mode"", ""uniform"", ""--bb-min-block-size"", ""2"", ""--bb-max-blocks"", ""20"", ""--bb-snapshot-interval"", ""1"", ""--bb-external-penalty"", ""0.25"", ""--bb-size-penalty"", ""0.01"", ""--bb-pattern-top-fraction"", ""0.2"", ""--bb-pattern-min-support"", ""2"", ""--bb-refine-fraction"", ""0.2"", ""--bb-accept-equal-sparser"", ""true"", ""--bb-shuffle-blocks"", ""true"", ""--bb-signed-repair-probability"", ""0.75"", ""--pre-lr-explore"", ""false"", ""--pre-lr-mutation-multiplier"", ""3.0"", ""--pre-lr-immigrant-rate"", ""0.1"", ""--artifact-layout"", ""nested"", ""--write-aggregate-outputs"", ""false"", ""--lr-expected-edges"", ""60"", ""--lr-refit-expected-edges"", ""30"", ""--bb-gawll-update-interval"", ""10"", ""--bb-max-refine-trials"", ""10"", ""--repeat-id"", ""0"", ""--outer-fold-id"", ""3""]"
184,Isolet_asu,2,2,1,0,..\Results\results_fs_uniform_positive_medium_highdim\Isolet_asu\blur_ga_pairwise_lasso_uniform_positive_binary_nopre,"[""Isolet_asu"", ""2"", ""2"", ""--data-dir"", ""../Dataset/prepared_feature_selection"", ""--output-dir"", ""..\\Results\\results_fs_uniform_positive_medium_highdim\\Isolet_asu\\blur_ga_pairwise_lasso_uniform_positive_binary_nopre"", ""--outer-folds"", ""4"", ""--inner-folds"", ""4"", ""--repeats"", ""3"", ""--seed"", ""1"", ""--shuffle"", ""true"", ""--popsize"", ""100"", ""--p-cross"", ""0.4"", ""--tournament-size"", ""3"", ""--tau-reset"", ""50"", ""--resetpop-rate"", ""0.99"", ""--local-search"", ""false"", ""--stop"", ""gen"", ""--max-gen"", ""100"", ""--edge-epsilon"", ""1e-06"", ""--save-generation-trace"", ""true"", ""--save-linkage-events"", ""false"", ""--save-graph-snapshots"", ""false"", ""--graph-snapshot-interval"", ""1"", ""--graph-snapshot-min-weight"", ""0.0"", ""--lr-gap-gen"", ""1"", ""--lr-min-samples"", ""10"", ""--lr-sparse-alpha"", ""0.001"", ""--lr-auto-alpha"", ""true"", ""--lr-alpha-c"", ""0.2"", ""--lr-delta"", ""0.05"", ""--lr-auto-min-samples"", ""true"", ""--lr-min-samples-c"", ""2.0"", ""--lr-stability-subsamples"", ""0"", ""--lr-stability-fraction"", ""0.75"", ""--lr-edge-min-weight"", ""0.0"", ""--lr-encoding"", ""binary"", ""--lr-solver"", ""auto"", ""--lr-matrix-free-threshold"", ""700"", ""--lr-matrix-free-max-iter"", ""8"", ""--lr-matrix-free-tol"", ""0.0001"", ""--lr-matrix-free-step-scale"", ""0.5"", ""--lr-matrix-free-dtype"", ""float32"", ""--build-building-blocks"", ""true"", ""--bb-weight-mode"", ""positive"", ""--bb-search-mode"", ""uniform"", ""--bb-min-block-size"", ""2"", ""--bb-max-blocks"", ""20"", ""--bb-snapshot-interval"", ""1"", ""--bb-external-penalty"", ""0.25"", ""--bb-size-penalty"", ""0.01"", ""--bb-pattern-top-fraction"", ""0.2"", ""--bb-pattern-min-support"", ""2"", ""--bb-refine-fraction"", ""0.2"", ""--bb-accept-equal-sparser"", ""true"", ""--bb-shuffle-blocks"", ""true"", ""--bb-signed-repair-probability"", ""0.75"", ""--pre-lr-explore"", ""false"", ""--pre-lr-mutation-multiplier"", ""3.0"", ""--pre-lr-immigrant-rate"", ""0.1"", ""--artifact-layout"", ""nested"", ""--write-aggregate-outputs"", ""false"", ""--lr-expected-edges"", ""60"", ""--lr-refit-expected-edges"", ""30"", ""--bb-gawll-update-interval"", ""10"", ""--bb-max-refine-trials"", ""10"", ""--repeat-id"", ""1"", ""--outer-fold-id"", ""0""]"
185,Isolet_asu,2,2,1,1,..\Results\results_fs_uniform_positive_medium_highdim\Isolet_asu\blur_ga_pairwise_lasso_uniform_positive_binary_nopre,"[""Isolet_asu"", ""2"", ""2"", ""--data-dir"", ""../Dataset/prepared_feature_selection"", ""--output-dir"", ""..\\Results\\results_fs_uniform_positive_medium_highdim\\Isolet_asu\\blur_ga_pairwise_lasso_uniform_positive_binary_nopre"", ""--outer-folds"", ""4"", ""--inner-folds"", ""4"", ""--repeats"", ""3"", ""--seed"", ""1"", ""--shuffle"", ""true"", ""--popsize"", ""100"", ""--p-cross"", ""0.4"", ""--tournament-size"", ""3"", ""--tau-reset"", ""50"", ""--resetpop-rate"", ""0.99"", ""--local-search"", ""false"", ""--stop"", ""gen"", ""--max-gen"", ""100"", ""--edge-epsilon"", ""1e-06"", ""--save-generation-trace"", ""true"", ""--save-linkage-events"", ""false"", ""--save-graph-snapshots"", ""false"", ""--graph-snapshot-interval"", ""1"", ""--graph-snapshot-min-weight"", ""0.0"", ""--lr-gap-gen"", ""1"", ""--lr-min-samples"", ""10"", ""--lr-sparse-alpha"", ""0.001"", ""--lr-auto-alpha"", ""true"", ""--lr-alpha-c"", ""0.2"", ""--lr-delta"", ""0.05"", ""--lr-auto-min-samples"", ""true"", ""--lr-min-samples-c"", ""2.0"", ""--lr-stability-subsamples"", ""0"", ""--lr-stability-fraction"", ""0.75"", ""--lr-edge-min-weight"", ""0.0"", ""--lr-encoding"", ""binary"", ""--lr-solver"", ""auto"", ""--lr-matrix-free-threshold"", ""700"", ""--lr-matrix-free-max-iter"", ""8"", ""--lr-matrix-free-tol"", ""0.0001"", ""--lr-matrix-free-step-scale"", ""0.5"", ""--lr-matrix-free-dtype"", ""float32"", ""--build-building-blocks"", ""true"", ""--bb-weight-mode"", ""positive"", ""--bb-search-mode"", ""uniform"", ""--bb-min-block-size"", ""2"", ""--bb-max-blocks"", ""20"", ""--bb-snapshot-interval"", ""1"", ""--bb-external-penalty"", ""0.25"", ""--bb-size-penalty"", ""0.01"", ""--bb-pattern-top-fraction"", ""0.2"", ""--bb-pattern-min-support"", ""2"", ""--bb-refine-fraction"", ""0.2"", ""--bb-accept-equal-sparser"", ""true"", ""--bb-shuffle-blocks"", ""true"", ""--bb-signed-repair-probability"", ""0.75"", ""--pre-lr-explore"", ""false"", ""--pre-lr-mutation-multiplier"", ""3.0"", ""--pre-lr-immigrant-rate"", ""0.1"", ""--artifact-layout"", ""nested"", ""--write-aggregate-outputs"", ""false"", ""--lr-expected-edges"", ""60"", ""--lr-refit-expected-edges"", ""30"", ""--bb-gawll-update-interval"", ""10"", ""--bb-max-refine-trials"", ""10"", ""--repeat-id"", ""1"", ""--outer-fold-id"", ""1""]"
186,Isolet_asu,2,2,1,2,..\Results\results_fs_uniform_positive_medium_highdim\Isolet_asu\blur_ga_pairwise_lasso_uniform_positive_binary_nopre,"[""Isolet_asu"", ""2"", ""2"", ""--data-dir"", ""../Dataset/prepared_feature_selection"", ""--output-dir"", ""..\\Results\\results_fs_uniform_positive_medium_highdim\\Isolet_asu\\blur_ga_pairwise_lasso_uniform_positive_binary_nopre"", ""--outer-folds"", ""4"", ""--inner-folds"", ""4"", ""--repeats"", ""3"", ""--seed"", ""1"", ""--shuffle"", ""true"", ""--popsize"", ""100"", ""--p-cross"", ""0.4"", ""--tournament-size"", ""3"", ""--tau-reset"", ""50"", ""--resetpop-rate"", ""0.99"", ""--local-search"", ""false"", ""--stop"", ""gen"", ""--max-gen"", ""100"", ""--edge-epsilon"", ""1e-06"", ""--save-generation-trace"", ""true"", ""--save-linkage-events"", ""false"", ""--save-graph-snapshots"", ""false"", ""--graph-snapshot-interval"", ""1"", ""--graph-snapshot-min-weight"", ""0.0"", ""--lr-gap-gen"", ""1"", ""--lr-min-samples"", ""10"", ""--lr-sparse-alpha"", ""0.001"", ""--lr-auto-alpha"", ""true"", ""--lr-alpha-c"", ""0.2"", ""--lr-delta"", ""0.05"", ""--lr-auto-min-samples"", ""true"", ""--lr-min-samples-c"", ""2.0"", ""--lr-stability-subsamples"", ""0"", ""--lr-stability-fraction"", ""0.75"", ""--lr-edge-min-weight"", ""0.0"", ""--lr-encoding"", ""binary"", ""--lr-solver"", ""auto"", ""--lr-matrix-free-threshold"", ""700"", ""--lr-matrix-free-max-iter"", ""8"", ""--lr-matrix-free-tol"", ""0.0001"", ""--lr-matrix-free-step-scale"", ""0.5"", ""--lr-matrix-free-dtype"", ""float32"", ""--build-building-blocks"", ""true"", ""--bb-weight-mode"", ""positive"", ""--bb-search-mode"", ""uniform"", ""--bb-min-block-size"", ""2"", ""--bb-max-blocks"", ""20"", ""--bb-snapshot-interval"", ""1"", ""--bb-external-penalty"", ""0.25"", ""--bb-size-penalty"", ""0.01"", ""--bb-pattern-top-fraction"", ""0.2"", ""--bb-pattern-min-support"", ""2"", ""--bb-refine-fraction"", ""0.2"", ""--bb-accept-equal-sparser"", ""true"", ""--bb-shuffle-blocks"", ""true"", ""--bb-signed-repair-probability"", ""0.75"", ""--pre-lr-explore"", ""false"", ""--pre-lr-mutation-multiplier"", ""3.0"", ""--pre-lr-immigrant-rate"", ""0.1"", ""--artifact-layout"", ""nested"", ""--write-aggregate-outputs"", ""false"", ""--lr-expected-edges"", ""60"", ""--lr-refit-expected-edges"", ""30"", ""--bb-gawll-update-interval"", ""10"", ""--bb-max-refine-trials"", ""10"", ""--repeat-id"", ""1"", ""--outer-fold-id"", ""2""]"
187,Isolet_asu,2,2,1,3,..\Results\results_fs_uniform_positive_medium_highdim\Isolet_asu\blur_ga_pairwise_lasso_uniform_positive_binary_nopre,"[""Isolet_asu"", ""2"", ""2"", ""--data-dir"", ""../Dataset/prepared_feature_selection"", ""--output-dir"", ""..\\Results\\results_fs_uniform_positive_medium_highdim\\Isolet_asu\\blur_ga_pairwise_lasso_uniform_positive_binary_nopre"", ""--outer-folds"", ""4"", ""--inner-folds"", ""4"", ""--repeats"", ""3"", ""--seed"", ""1"", ""--shuffle"", ""true"", ""--popsize"", ""100"", ""--p-cross"", ""0.4"", ""--tournament-size"", ""3"", ""--tau-reset"", ""50"", ""--resetpop-rate"", ""0.99"", ""--local-search"", ""false"", ""--stop"", ""gen"", ""--max-gen"", ""100"", ""--edge-epsilon"", ""1e-06"", ""--save-generation-trace"", ""true"", ""--save-linkage-events"", ""false"", ""--save-graph-snapshots"", ""false"", ""--graph-snapshot-interval"", ""1"", ""--graph-snapshot-min-weight"", ""0.0"", ""--lr-gap-gen"", ""1"", ""--lr-min-samples"", ""10"", ""--lr-sparse-alpha"", ""0.001"", ""--lr-auto-alpha"", ""true"", ""--lr-alpha-c"", ""0.2"", ""--lr-delta"", ""0.05"", ""--lr-auto-min-samples"", ""true"", ""--lr-min-samples-c"", ""2.0"", ""--lr-stability-subsamples"", ""0"", ""--lr-stability-fraction"", ""0.75"", ""--lr-edge-min-weight"", ""0.0"", ""--lr-encoding"", ""binary"", ""--lr-solver"", ""auto"", ""--lr-matrix-free-threshold"", ""700"", ""--lr-matrix-free-max-iter"", ""8"", ""--lr-matrix-free-tol"", ""0.0001"", ""--lr-matrix-free-step-scale"", ""0.5"", ""--lr-matrix-free-dtype"", ""float32"", ""--build-building-blocks"", ""true"", ""--bb-weight-mode"", ""positive"", ""--bb-search-mode"", ""uniform"", ""--bb-min-block-size"", ""2"", ""--bb-max-blocks"", ""20"", ""--bb-snapshot-interval"", ""1"", ""--bb-external-penalty"", ""0.25"", ""--bb-size-penalty"", ""0.01"", ""--bb-pattern-top-fraction"", ""0.2"", ""--bb-pattern-min-support"", ""2"", ""--bb-refine-fraction"", ""0.2"", ""--bb-accept-equal-sparser"", ""true"", ""--bb-shuffle-blocks"", ""true"", ""--bb-signed-repair-probability"", ""0.75"", ""--pre-lr-explore"", ""false"", ""--pre-lr-mutation-multiplier"", ""3.0"", ""--pre-lr-immigrant-rate"", ""0.1"", ""--artifact-layout"", ""nested"", ""--write-aggregate-outputs"", ""false"", ""--lr-expected-edges"", ""60"", ""--lr-refit-expected-edges"", ""30"", ""--bb-gawll-update-interval"", ""10"", ""--bb-max-refine-trials"", ""10"", ""--repeat-id"", ""1"", ""--outer-fold-id"", ""3""]"
188,Isolet_asu,2,2,2,0,..\Results\results_fs_uniform_positive_medium_highdim\Isolet_asu\blur_ga_pairwise_lasso_uniform_positive_binary_nopre,"[""Isolet_asu"", ""2"", ""2"", ""--data-dir"", ""../Dataset/prepared_feature_selection"", ""--output-dir"", ""..\\Results\\results_fs_uniform_positive_medium_highdim\\Isolet_asu\\blur_ga_pairwise_lasso_uniform_positive_binary_nopre"", ""--outer-folds"", ""4"", ""--inner-folds"", ""4"", ""--repeats"", ""3"", ""--seed"", ""1"", ""--shuffle"", ""true"", ""--popsize"", ""100"", ""--p-cross"", ""0.4"", ""--tournament-size"", ""3"", ""--tau-reset"", ""50"", ""--resetpop-rate"", ""0.99"", ""--local-search"", ""false"", ""--stop"", ""gen"", ""--max-gen"", ""100"", ""--edge-epsilon"", ""1e-06"", ""--save-generation-trace"", ""true"", ""--save-linkage-events"", ""false"", ""--save-graph-snapshots"", ""false"", ""--graph-snapshot-interval"", ""1"", ""--graph-snapshot-min-weight"", ""0.0"", ""--lr-gap-gen"", ""1"", ""--lr-min-samples"", ""10"", ""--lr-sparse-alpha"", ""0.001"", ""--lr-auto-alpha"", ""true"", ""--lr-alpha-c"", ""0.2"", ""--lr-delta"", ""0.05"", ""--lr-auto-min-samples"", ""true"", ""--lr-min-samples-c"", ""2.0"", ""--lr-stability-subsamples"", ""0"", ""--lr-stability-fraction"", ""0.75"", ""--lr-edge-min-weight"", ""0.0"", ""--lr-encoding"", ""binary"", ""--lr-solver"", ""auto"", ""--lr-matrix-free-threshold"", ""700"", ""--lr-matrix-free-max-iter"", ""8"", ""--lr-matrix-free-tol"", ""0.0001"", ""--lr-matrix-free-step-scale"", ""0.5"", ""--lr-matrix-free-dtype"", ""float32"", ""--build-building-blocks"", ""true"", ""--bb-weight-mode"", ""positive"", ""--bb-search-mode"", ""uniform"", ""--bb-min-block-size"", ""2"", ""--bb-max-blocks"", ""20"", ""--bb-snapshot-interval"", ""1"", ""--bb-external-penalty"", ""0.25"", ""--bb-size-penalty"", ""0.01"", ""--bb-pattern-top-fraction"", ""0.2"", ""--bb-pattern-min-support"", ""2"", ""--bb-refine-fraction"", ""0.2"", ""--bb-accept-equal-sparser"", ""true"", ""--bb-shuffle-blocks"", ""true"", ""--bb-signed-repair-probability"", ""0.75"", ""--pre-lr-explore"", ""false"", ""--pre-lr-mutation-multiplier"", ""3.0"", ""--pre-lr-immigrant-rate"", ""0.1"", ""--artifact-layout"", ""nested"", ""--write-aggregate-outputs"", ""false"", ""--lr-expected-edges"", ""60"", ""--lr-refit-expected-edges"", ""30"", ""--bb-gawll-update-interval"", ""10"", ""--bb-max-refine-trials"", ""10"", ""--repeat-id"", ""2"", ""--outer-fold-id"", ""0""]"
189,Isolet_asu,2,2,2,1,..\Results\results_fs_uniform_positive_medium_highdim\Isolet_asu\blur_ga_pairwise_lasso_uniform_positive_binary_nopre,"[""Isolet_asu"", ""2"", ""2"", ""--data-dir"", ""../Dataset/prepared_feature_selection"", ""--output-dir"", ""..\\Results\\results_fs_uniform_positive_medium_highdim\\Isolet_asu\\blur_ga_pairwise_lasso_uniform_positive_binary_nopre"", ""--outer-folds"", ""4"", ""--inner-folds"", ""4"", ""--repeats"", ""3"", ""--seed"", ""1"", ""--shuffle"", ""true"", ""--popsize"", ""100"", ""--p-cross"", ""0.4"", ""--tournament-size"", ""3"", ""--tau-reset"", ""50"", ""--resetpop-rate"", ""0.99"", ""--local-search"", ""false"", ""--stop"", ""gen"", ""--max-gen"", ""100"", ""--edge-epsilon"", ""1e-06"", ""--save-generation-trace"", ""true"", ""--save-linkage-events"", ""false"", ""--save-graph-snapshots"", ""false"", ""--graph-snapshot-interval"", ""1"", ""--graph-snapshot-min-weight"", ""0.0"", ""--lr-gap-gen"", ""1"", ""--lr-min-samples"", ""10"", ""--lr-sparse-alpha"", ""0.001"", ""--lr-auto-alpha"", ""true"", ""--lr-alpha-c"", ""0.2"", ""--lr-delta"", ""0.05"", ""--lr-auto-min-samples"", ""true"", ""--lr-min-samples-c"", ""2.0"", ""--lr-stability-subsamples"", ""0"", ""--lr-stability-fraction"", ""0.75"", ""--lr-edge-min-weight"", ""0.0"", ""--lr-encoding"", ""binary"", ""--lr-solver"", ""auto"", ""--lr-matrix-free-threshold"", ""700"", ""--lr-matrix-free-max-iter"", ""8"", ""--lr-matrix-free-tol"", ""0.0001"", ""--lr-matrix-free-step-scale"", ""0.5"", ""--lr-matrix-free-dtype"", ""float32"", ""--build-building-blocks"", ""true"", ""--bb-weight-mode"", ""positive"", ""--bb-search-mode"", ""uniform"", ""--bb-min-block-size"", ""2"", ""--bb-max-blocks"", ""20"", ""--bb-snapshot-interval"", ""1"", ""--bb-external-penalty"", ""0.25"", ""--bb-size-penalty"", ""0.01"", ""--bb-pattern-top-fraction"", ""0.2"", ""--bb-pattern-min-support"", ""2"", ""--bb-refine-fraction"", ""0.2"", ""--bb-accept-equal-sparser"", ""true"", ""--bb-shuffle-blocks"", ""true"", ""--bb-signed-repair-probability"", ""0.75"", ""--pre-lr-explore"", ""false"", ""--pre-lr-mutation-multiplier"", ""3.0"", ""--pre-lr-immigrant-rate"", ""0.1"", ""--artifact-layout"", ""nested"", ""--write-aggregate-outputs"", ""false"", ""--lr-expected-edges"", ""60"", ""--lr-refit-expected-edges"", ""30"", ""--bb-gawll-update-interval"", ""10"", ""--bb-max-refine-trials"", ""10"", ""--repeat-id"", ""2"", ""--outer-fold-id"", ""1""]"
190,Isolet_asu,2,2,2,2,..\Results\results_fs_uniform_positive_medium_highdim\Isolet_asu\blur_ga_pairwise_lasso_uniform_positive_binary_nopre,"[""Isolet_asu"", ""2"", ""2"", ""--data-dir"", ""../Dataset/prepared_feature_selection"", ""--output-dir"", ""..\\Results\\results_fs_uniform_positive_medium_highdim\\Isolet_asu\\blur_ga_pairwise_lasso_uniform_positive_binary_nopre"", ""--outer-folds"", ""4"", ""--inner-folds"", ""4"", ""--repeats"", ""3"", ""--seed"", ""1"", ""--shuffle"", ""true"", ""--popsize"", ""100"", ""--p-cross"", ""0.4"", ""--tournament-size"", ""3"", ""--tau-reset"", ""50"", ""--resetpop-rate"", ""0.99"", ""--local-search"", ""false"", ""--stop"", ""gen"", ""--max-gen"", ""100"", ""--edge-epsilon"", ""1e-06"", ""--save-generation-trace"", ""true"", ""--save-linkage-events"", ""false"", ""--save-graph-snapshots"", ""false"", ""--graph-snapshot-interval"", ""1"", ""--graph-snapshot-min-weight"", ""0.0"", ""--lr-gap-gen"", ""1"", ""--lr-min-samples"", ""10"", ""--lr-sparse-alpha"", ""0.001"", ""--lr-auto-alpha"", ""true"", ""--lr-alpha-c"", ""0.2"", ""--lr-delta"", ""0.05"", ""--lr-auto-min-samples"", ""true"", ""--lr-min-samples-c"", ""2.0"", ""--lr-stability-subsamples"", ""0"", ""--lr-stability-fraction"", ""0.75"", ""--lr-edge-min-weight"", ""0.0"", ""--lr-encoding"", ""binary"", ""--lr-solver"", ""auto"", ""--lr-matrix-free-threshold"", ""700"", ""--lr-matrix-free-max-iter"", ""8"", ""--lr-matrix-free-tol"", ""0.0001"", ""--lr-matrix-free-step-scale"", ""0.5"", ""--lr-matrix-free-dtype"", ""float32"", ""--build-building-blocks"", ""true"", ""--bb-weight-mode"", ""positive"", ""--bb-search-mode"", ""uniform"", ""--bb-min-block-size"", ""2"", ""--bb-max-blocks"", ""20"", ""--bb-snapshot-interval"", ""1"", ""--bb-external-penalty"", ""0.25"", ""--bb-size-penalty"", ""0.01"", ""--bb-pattern-top-fraction"", ""0.2"", ""--bb-pattern-min-support"", ""2"", ""--bb-refine-fraction"", ""0.2"", ""--bb-accept-equal-sparser"", ""true"", ""--bb-shuffle-blocks"", ""true"", ""--bb-signed-repair-probability"", ""0.75"", ""--pre-lr-explore"", ""false"", ""--pre-lr-mutation-multiplier"", ""3.0"", ""--pre-lr-immigrant-rate"", ""0.1"", ""--artifact-layout"", ""nested"", ""--write-aggregate-outputs"", ""false"", ""--lr-expected-edges"", ""60"", ""--lr-refit-expected-edges"", ""30"", ""--bb-gawll-update-interval"", ""10"", ""--bb-max-refine-trials"", ""10"", ""--repeat-id"", ""2"", ""--outer-fold-id"", ""2""]"
191,Isolet_asu,2,2,2,3,..\Results\results_fs_uniform_positive_medium_highdim\Isolet_asu\blur_ga_pairwise_lasso_uniform_positive_binary_nopre,"[""Isolet_asu"", ""2"", ""2"", ""--data-dir"", ""../Dataset/prepared_feature_selection"", ""--output-dir"", ""..\\Results\\results_fs_uniform_positive_medium_highdim\\Isolet_asu\\blur_ga_pairwise_lasso_uniform_positive_binary_nopre"", ""--outer-folds"", ""4"", ""--inner-folds"", ""4"", ""--repeats"", ""3"", ""--seed"", ""1"", ""--shuffle"", ""true"", ""--popsize"", ""100"", ""--p-cross"", ""0.4"", ""--tournament-size"", ""3"", ""--tau-reset"", ""50"", ""--resetpop-rate"", ""0.99"", ""--local-search"", ""false"", ""--stop"", ""gen"", ""--max-gen"", ""100"", ""--edge-epsilon"", ""1e-06"", ""--save-generation-trace"", ""true"", ""--save-linkage-events"", ""false"", ""--save-graph-snapshots"", ""false"", ""--graph-snapshot-interval"", ""1"", ""--graph-snapshot-min-weight"", ""0.0"", ""--lr-gap-gen"", ""1"", ""--lr-min-samples"", ""10"", ""--lr-sparse-alpha"", ""0.001"", ""--lr-auto-alpha"", ""true"", ""--lr-alpha-c"", ""0.2"", ""--lr-delta"", ""0.05"", ""--lr-auto-min-samples"", ""true"", ""--lr-min-samples-c"", ""2.0"", ""--lr-stability-subsamples"", ""0"", ""--lr-stability-fraction"", ""0.75"", ""--lr-edge-min-weight"", ""0.0"", ""--lr-encoding"", ""binary"", ""--lr-solver"", ""auto"", ""--lr-matrix-free-threshold"", ""700"", ""--lr-matrix-free-max-iter"", ""8"", ""--lr-matrix-free-tol"", ""0.0001"", ""--lr-matrix-free-step-scale"", ""0.5"", ""--lr-matrix-free-dtype"", ""float32"", ""--build-building-blocks"", ""true"", ""--bb-weight-mode"", ""positive"", ""--bb-search-mode"", ""uniform"", ""--bb-min-block-size"", ""2"", ""--bb-max-blocks"", ""20"", ""--bb-snapshot-interval"", ""1"", ""--bb-external-penalty"", ""0.25"", ""--bb-size-penalty"", ""0.01"", ""--bb-pattern-top-fraction"", ""0.2"", ""--bb-pattern-min-support"", ""2"", ""--bb-refine-fraction"", ""0.2"", ""--bb-accept-equal-sparser"", ""true"", ""--bb-shuffle-blocks"", ""true"", ""--bb-signed-repair-probability"", ""0.75"", ""--pre-lr-explore"", ""false"", ""--pre-lr-mutation-multiplier"", ""3.0"", ""--pre-lr-immigrant-rate"", ""0.1"", ""--artifact-layout"", ""nested"", ""--write-aggregate-outputs"", ""false"", ""--lr-expected-edges"", ""60"", ""--lr-refit-expected-edges"", ""30"", ""--bb-gawll-update-interval"", ""10"", ""--bb-max-refine-trials"", ""10"", ""--repeat-id"", ""2"", ""--outer-fold-id"", ""3""]"
192,ORL_asu,2,2,0,0,..\Results\results_fs_uniform_positive_medium_highdim\ORL_asu\blur_ga_pairwise_lasso_uniform_positive_binary_nopre,"[""ORL_asu"", ""2"", ""2"", ""--data-dir"", ""../Dataset/prepared_feature_selection"", ""--output-dir"", ""..\\Results\\results_fs_uniform_positive_medium_highdim\\ORL_asu\\blur_ga_pairwise_lasso_uniform_positive_binary_nopre"", ""--outer-folds"", ""4"", ""--inner-folds"", ""4"", ""--repeats"", ""3"", ""--seed"", ""1"", ""--shuffle"", ""true"", ""--popsize"", ""100"", ""--p-cross"", ""0.4"", ""--tournament-size"", ""3"", ""--tau-reset"", ""50"", ""--resetpop-rate"", ""0.99"", ""--local-search"", ""false"", ""--stop"", ""gen"", ""--max-gen"", ""100"", ""--edge-epsilon"", ""1e-06"", ""--save-generation-trace"", ""true"", ""--save-linkage-events"", ""false"", ""--save-graph-snapshots"", ""false"", ""--graph-snapshot-interval"", ""1"", ""--graph-snapshot-min-weight"", ""0.0"", ""--lr-gap-gen"", ""1"", ""--lr-min-samples"", ""10"", ""--lr-sparse-alpha"", ""0.001"", ""--lr-auto-alpha"", ""true"", ""--lr-alpha-c"", ""0.2"", ""--lr-delta"", ""0.05"", ""--lr-auto-min-samples"", ""true"", ""--lr-min-samples-c"", ""2.0"", ""--lr-stability-subsamples"", ""0"", ""--lr-stability-fraction"", ""0.75"", ""--lr-edge-min-weight"", ""0.0"", ""--lr-encoding"", ""binary"", ""--lr-solver"", ""auto"", ""--lr-matrix-free-threshold"", ""700"", ""--lr-matrix-free-max-iter"", ""8"", ""--lr-matrix-free-tol"", ""0.0001"", ""--lr-matrix-free-step-scale"", ""0.5"", ""--lr-matrix-free-dtype"", ""float32"", ""--build-building-blocks"", ""true"", ""--bb-weight-mode"", ""positive"", ""--bb-search-mode"", ""uniform"", ""--bb-min-block-size"", ""2"", ""--bb-max-blocks"", ""20"", ""--bb-snapshot-interval"", ""1"", ""--bb-external-penalty"", ""0.25"", ""--bb-size-penalty"", ""0.01"", ""--bb-pattern-top-fraction"", ""0.2"", ""--bb-pattern-min-support"", ""2"", ""--bb-refine-fraction"", ""0.2"", ""--bb-accept-equal-sparser"", ""true"", ""--bb-shuffle-blocks"", ""true"", ""--bb-signed-repair-probability"", ""0.75"", ""--pre-lr-explore"", ""false"", ""--pre-lr-mutation-multiplier"", ""3.0"", ""--pre-lr-immigrant-rate"", ""0.1"", ""--artifact-layout"", ""nested"", ""--write-aggregate-outputs"", ""false"", ""--lr-expected-edges"", ""60"", ""--lr-refit-expected-edges"", ""30"", ""--bb-gawll-update-interval"", ""10"", ""--bb-max-refine-trials"", ""10"", ""--repeat-id"", ""0"", ""--outer-fold-id"", ""0""]"
193,ORL_asu,2,2,0,1,..\Results\results_fs_uniform_positive_medium_highdim\ORL_asu\blur_ga_pairwise_lasso_uniform_positive_binary_nopre,"[""ORL_asu"", ""2"", ""2"", ""--data-dir"", ""../Dataset/prepared_feature_selection"", ""--output-dir"", ""..\\Results\\results_fs_uniform_positive_medium_highdim\\ORL_asu\\blur_ga_pairwise_lasso_uniform_positive_binary_nopre"", ""--outer-folds"", ""4"", ""--inner-folds"", ""4"", ""--repeats"", ""3"", ""--seed"", ""1"", ""--shuffle"", ""true"", ""--popsize"", ""100"", ""--p-cross"", ""0.4"", ""--tournament-size"", ""3"", ""--tau-reset"", ""50"", ""--resetpop-rate"", ""0.99"", ""--local-search"", ""false"", ""--stop"", ""gen"", ""--max-gen"", ""100"", ""--edge-epsilon"", ""1e-06"", ""--save-generation-trace"", ""true"", ""--save-linkage-events"", ""false"", ""--save-graph-snapshots"", ""false"", ""--graph-snapshot-interval"", ""1"", ""--graph-snapshot-min-weight"", ""0.0"", ""--lr-gap-gen"", ""1"", ""--lr-min-samples"", ""10"", ""--lr-sparse-alpha"", ""0.001"", ""--lr-auto-alpha"", ""true"", ""--lr-alpha-c"", ""0.2"", ""--lr-delta"", ""0.05"", ""--lr-auto-min-samples"", ""true"", ""--lr-min-samples-c"", ""2.0"", ""--lr-stability-subsamples"", ""0"", ""--lr-stability-fraction"", ""0.75"", ""--lr-edge-min-weight"", ""0.0"", ""--lr-encoding"", ""binary"", ""--lr-solver"", ""auto"", ""--lr-matrix-free-threshold"", ""700"", ""--lr-matrix-free-max-iter"", ""8"", ""--lr-matrix-free-tol"", ""0.0001"", ""--lr-matrix-free-step-scale"", ""0.5"", ""--lr-matrix-free-dtype"", ""float32"", ""--build-building-blocks"", ""true"", ""--bb-weight-mode"", ""positive"", ""--bb-search-mode"", ""uniform"", ""--bb-min-block-size"", ""2"", ""--bb-max-blocks"", ""20"", ""--bb-snapshot-interval"", ""1"", ""--bb-external-penalty"", ""0.25"", ""--bb-size-penalty"", ""0.01"", ""--bb-pattern-top-fraction"", ""0.2"", ""--bb-pattern-min-support"", ""2"", ""--bb-refine-fraction"", ""0.2"", ""--bb-accept-equal-sparser"", ""true"", ""--bb-shuffle-blocks"", ""true"", ""--bb-signed-repair-probability"", ""0.75"", ""--pre-lr-explore"", ""false"", ""--pre-lr-mutation-multiplier"", ""3.0"", ""--pre-lr-immigrant-rate"", ""0.1"", ""--artifact-layout"", ""nested"", ""--write-aggregate-outputs"", ""false"", ""--lr-expected-edges"", ""60"", ""--lr-refit-expected-edges"", ""30"", ""--bb-gawll-update-interval"", ""10"", ""--bb-max-refine-trials"", ""10"", ""--repeat-id"", ""0"", ""--outer-fold-id"", ""1""]"
194,ORL_asu,2,2,0,2,..\Results\results_fs_uniform_positive_medium_highdim\ORL_asu\blur_ga_pairwise_lasso_uniform_positive_binary_nopre,"[""ORL_asu"", ""2"", ""2"", ""--data-dir"", ""../Dataset/prepared_feature_selection"", ""--output-dir"", ""..\\Results\\results_fs_uniform_positive_medium_highdim\\ORL_asu\\blur_ga_pairwise_lasso_uniform_positive_binary_nopre"", ""--outer-folds"", ""4"", ""--inner-folds"", ""4"", ""--repeats"", ""3"", ""--seed"", ""1"", ""--shuffle"", ""true"", ""--popsize"", ""100"", ""--p-cross"", ""0.4"", ""--tournament-size"", ""3"", ""--tau-reset"", ""50"", ""--resetpop-rate"", ""0.99"", ""--local-search"", ""false"", ""--stop"", ""gen"", ""--max-gen"", ""100"", ""--edge-epsilon"", ""1e-06"", ""--save-generation-trace"", ""true"", ""--save-linkage-events"", ""false"", ""--save-graph-snapshots"", ""false"", ""--graph-snapshot-interval"", ""1"", ""--graph-snapshot-min-weight"", ""0.0"", ""--lr-gap-gen"", ""1"", ""--lr-min-samples"", ""10"", ""--lr-sparse-alpha"", ""0.001"", ""--lr-auto-alpha"", ""true"", ""--lr-alpha-c"", ""0.2"", ""--lr-delta"", ""0.05"", ""--lr-auto-min-samples"", ""true"", ""--lr-min-samples-c"", ""2.0"", ""--lr-stability-subsamples"", ""0"", ""--lr-stability-fraction"", ""0.75"", ""--lr-edge-min-weight"", ""0.0"", ""--lr-encoding"", ""binary"", ""--lr-solver"", ""auto"", ""--lr-matrix-free-threshold"", ""700"", ""--lr-matrix-free-max-iter"", ""8"", ""--lr-matrix-free-tol"", ""0.0001"", ""--lr-matrix-free-step-scale"", ""0.5"", ""--lr-matrix-free-dtype"", ""float32"", ""--build-building-blocks"", ""true"", ""--bb-weight-mode"", ""positive"", ""--bb-search-mode"", ""uniform"", ""--bb-min-block-size"", ""2"", ""--bb-max-blocks"", ""20"", ""--bb-snapshot-interval"", ""1"", ""--bb-external-penalty"", ""0.25"", ""--bb-size-penalty"", ""0.01"", ""--bb-pattern-top-fraction"", ""0.2"", ""--bb-pattern-min-support"", ""2"", ""--bb-refine-fraction"", ""0.2"", ""--bb-accept-equal-sparser"", ""true"", ""--bb-shuffle-blocks"", ""true"", ""--bb-signed-repair-probability"", ""0.75"", ""--pre-lr-explore"", ""false"", ""--pre-lr-mutation-multiplier"", ""3.0"", ""--pre-lr-immigrant-rate"", ""0.1"", ""--artifact-layout"", ""nested"", ""--write-aggregate-outputs"", ""false"", ""--lr-expected-edges"", ""60"", ""--lr-refit-expected-edges"", ""30"", ""--bb-gawll-update-interval"", ""10"", ""--bb-max-refine-trials"", ""10"", ""--repeat-id"", ""0"", ""--outer-fold-id"", ""2""]"
195,ORL_asu,2,2,0,3,..\Results\results_fs_uniform_positive_medium_highdim\ORL_asu\blur_ga_pairwise_lasso_uniform_positive_binary_nopre,"[""ORL_asu"", ""2"", ""2"", ""--data-dir"", ""../Dataset/prepared_feature_selection"", ""--output-dir"", ""..\\Results\\results_fs_uniform_positive_medium_highdim\\ORL_asu\\blur_ga_pairwise_lasso_uniform_positive_binary_nopre"", ""--outer-folds"", ""4"", ""--inner-folds"", ""4"", ""--repeats"", ""3"", ""--seed"", ""1"", ""--shuffle"", ""true"", ""--popsize"", ""100"", ""--p-cross"", ""0.4"", ""--tournament-size"", ""3"", ""--tau-reset"", ""50"", ""--resetpop-rate"", ""0.99"", ""--local-search"", ""false"", ""--stop"", ""gen"", ""--max-gen"", ""100"", ""--edge-epsilon"", ""1e-06"", ""--save-generation-trace"", ""true"", ""--save-linkage-events"", ""false"", ""--save-graph-snapshots"", ""false"", ""--graph-snapshot-interval"", ""1"", ""--graph-snapshot-min-weight"", ""0.0"", ""--lr-gap-gen"", ""1"", ""--lr-min-samples"", ""10"", ""--lr-sparse-alpha"", ""0.001"", ""--lr-auto-alpha"", ""true"", ""--lr-alpha-c"", ""0.2"", ""--lr-delta"", ""0.05"", ""--lr-auto-min-samples"", ""true"", ""--lr-min-samples-c"", ""2.0"", ""--lr-stability-subsamples"", ""0"", ""--lr-stability-fraction"", ""0.75"", ""--lr-edge-min-weight"", ""0.0"", ""--lr-encoding"", ""binary"", ""--lr-solver"", ""auto"", ""--lr-matrix-free-threshold"", ""700"", ""--lr-matrix-free-max-iter"", ""8"", ""--lr-matrix-free-tol"", ""0.0001"", ""--lr-matrix-free-step-scale"", ""0.5"", ""--lr-matrix-free-dtype"", ""float32"", ""--build-building-blocks"", ""true"", ""--bb-weight-mode"", ""positive"", ""--bb-search-mode"", ""uniform"", ""--bb-min-block-size"", ""2"", ""--bb-max-blocks"", ""20"", ""--bb-snapshot-interval"", ""1"", ""--bb-external-penalty"", ""0.25"", ""--bb-size-penalty"", ""0.01"", ""--bb-pattern-top-fraction"", ""0.2"", ""--bb-pattern-min-support"", ""2"", ""--bb-refine-fraction"", ""0.2"", ""--bb-accept-equal-sparser"", ""true"", ""--bb-shuffle-blocks"", ""true"", ""--bb-signed-repair-probability"", ""0.75"", ""--pre-lr-explore"", ""false"", ""--pre-lr-mutation-multiplier"", ""3.0"", ""--pre-lr-immigrant-rate"", ""0.1"", ""--artifact-layout"", ""nested"", ""--write-aggregate-outputs"", ""false"", ""--lr-expected-edges"", ""60"", ""--lr-refit-expected-edges"", ""30"", ""--bb-gawll-update-interval"", ""10"", ""--bb-max-refine-trials"", ""10"", ""--repeat-id"", ""0"", ""--outer-fold-id"", ""3""]"
196,ORL_asu,2,2,1,0,..\Results\results_fs_uniform_positive_medium_highdim\ORL_asu\blur_ga_pairwise_lasso_uniform_positive_binary_nopre,"[""ORL_asu"", ""2"", ""2"", ""--data-dir"", ""../Dataset/prepared_feature_selection"", ""--output-dir"", ""..\\Results\\results_fs_uniform_positive_medium_highdim\\ORL_asu\\blur_ga_pairwise_lasso_uniform_positive_binary_nopre"", ""--outer-folds"", ""4"", ""--inner-folds"", ""4"", ""--repeats"", ""3"", ""--seed"", ""1"", ""--shuffle"", ""true"", ""--popsize"", ""100"", ""--p-cross"", ""0.4"", ""--tournament-size"", ""3"", ""--tau-reset"", ""50"", ""--resetpop-rate"", ""0.99"", ""--local-search"", ""false"", ""--stop"", ""gen"", ""--max-gen"", ""100"", ""--edge-epsilon"", ""1e-06"", ""--save-generation-trace"", ""true"", ""--save-linkage-events"", ""false"", ""--save-graph-snapshots"", ""false"", ""--graph-snapshot-interval"", ""1"", ""--graph-snapshot-min-weight"", ""0.0"", ""--lr-gap-gen"", ""1"", ""--lr-min-samples"", ""10"", ""--lr-sparse-alpha"", ""0.001"", ""--lr-auto-alpha"", ""true"", ""--lr-alpha-c"", ""0.2"", ""--lr-delta"", ""0.05"", ""--lr-auto-min-samples"", ""true"", ""--lr-min-samples-c"", ""2.0"", ""--lr-stability-subsamples"", ""0"", ""--lr-stability-fraction"", ""0.75"", ""--lr-edge-min-weight"", ""0.0"", ""--lr-encoding"", ""binary"", ""--lr-solver"", ""auto"", ""--lr-matrix-free-threshold"", ""700"", ""--lr-matrix-free-max-iter"", ""8"", ""--lr-matrix-free-tol"", ""0.0001"", ""--lr-matrix-free-step-scale"", ""0.5"", ""--lr-matrix-free-dtype"", ""float32"", ""--build-building-blocks"", ""true"", ""--bb-weight-mode"", ""positive"", ""--bb-search-mode"", ""uniform"", ""--bb-min-block-size"", ""2"", ""--bb-max-blocks"", ""20"", ""--bb-snapshot-interval"", ""1"", ""--bb-external-penalty"", ""0.25"", ""--bb-size-penalty"", ""0.01"", ""--bb-pattern-top-fraction"", ""0.2"", ""--bb-pattern-min-support"", ""2"", ""--bb-refine-fraction"", ""0.2"", ""--bb-accept-equal-sparser"", ""true"", ""--bb-shuffle-blocks"", ""true"", ""--bb-signed-repair-probability"", ""0.75"", ""--pre-lr-explore"", ""false"", ""--pre-lr-mutation-multiplier"", ""3.0"", ""--pre-lr-immigrant-rate"", ""0.1"", ""--artifact-layout"", ""nested"", ""--write-aggregate-outputs"", ""false"", ""--lr-expected-edges"", ""60"", ""--lr-refit-expected-edges"", ""30"", ""--bb-gawll-update-interval"", ""10"", ""--bb-max-refine-trials"", ""10"", ""--repeat-id"", ""1"", ""--outer-fold-id"", ""0""]"
197,ORL_asu,2,2,1,1,..\Results\results_fs_uniform_positive_medium_highdim\ORL_asu\blur_ga_pairwise_lasso_uniform_positive_binary_nopre,"[""ORL_asu"", ""2"", ""2"", ""--data-dir"", ""../Dataset/prepared_feature_selection"", ""--output-dir"", ""..\\Results\\results_fs_uniform_positive_medium_highdim\\ORL_asu\\blur_ga_pairwise_lasso_uniform_positive_binary_nopre"", ""--outer-folds"", ""4"", ""--inner-folds"", ""4"", ""--repeats"", ""3"", ""--seed"", ""1"", ""--shuffle"", ""true"", ""--popsize"", ""100"", ""--p-cross"", ""0.4"", ""--tournament-size"", ""3"", ""--tau-reset"", ""50"", ""--resetpop-rate"", ""0.99"", ""--local-search"", ""false"", ""--stop"", ""gen"", ""--max-gen"", ""100"", ""--edge-epsilon"", ""1e-06"", ""--save-generation-trace"", ""true"", ""--save-linkage-events"", ""false"", ""--save-graph-snapshots"", ""false"", ""--graph-snapshot-interval"", ""1"", ""--graph-snapshot-min-weight"", ""0.0"", ""--lr-gap-gen"", ""1"", ""--lr-min-samples"", ""10"", ""--lr-sparse-alpha"", ""0.001"", ""--lr-auto-alpha"", ""true"", ""--lr-alpha-c"", ""0.2"", ""--lr-delta"", ""0.05"", ""--lr-auto-min-samples"", ""true"", ""--lr-min-samples-c"", ""2.0"", ""--lr-stability-subsamples"", ""0"", ""--lr-stability-fraction"", ""0.75"", ""--lr-edge-min-weight"", ""0.0"", ""--lr-encoding"", ""binary"", ""--lr-solver"", ""auto"", ""--lr-matrix-free-threshold"", ""700"", ""--lr-matrix-free-max-iter"", ""8"", ""--lr-matrix-free-tol"", ""0.0001"", ""--lr-matrix-free-step-scale"", ""0.5"", ""--lr-matrix-free-dtype"", ""float32"", ""--build-building-blocks"", ""true"", ""--bb-weight-mode"", ""positive"", ""--bb-search-mode"", ""uniform"", ""--bb-min-block-size"", ""2"", ""--bb-max-blocks"", ""20"", ""--bb-snapshot-interval"", ""1"", ""--bb-external-penalty"", ""0.25"", ""--bb-size-penalty"", ""0.01"", ""--bb-pattern-top-fraction"", ""0.2"", ""--bb-pattern-min-support"", ""2"", ""--bb-refine-fraction"", ""0.2"", ""--bb-accept-equal-sparser"", ""true"", ""--bb-shuffle-blocks"", ""true"", ""--bb-signed-repair-probability"", ""0.75"", ""--pre-lr-explore"", ""false"", ""--pre-lr-mutation-multiplier"", ""3.0"", ""--pre-lr-immigrant-rate"", ""0.1"", ""--artifact-layout"", ""nested"", ""--write-aggregate-outputs"", ""false"", ""--lr-expected-edges"", ""60"", ""--lr-refit-expected-edges"", ""30"", ""--bb-gawll-update-interval"", ""10"", ""--bb-max-refine-trials"", ""10"", ""--repeat-id"", ""1"", ""--outer-fold-id"", ""1""]"
198,ORL_asu,2,2,1,2,..\Results\results_fs_uniform_positive_medium_highdim\ORL_asu\blur_ga_pairwise_lasso_uniform_positive_binary_nopre,"[""ORL_asu"", ""2"", ""2"", ""--data-dir"", ""../Dataset/prepared_feature_selection"", ""--output-dir"", ""..\\Results\\results_fs_uniform_positive_medium_highdim\\ORL_asu\\blur_ga_pairwise_lasso_uniform_positive_binary_nopre"", ""--outer-folds"", ""4"", ""--inner-folds"", ""4"", ""--repeats"", ""3"", ""--seed"", ""1"", ""--shuffle"", ""true"", ""--popsize"", ""100"", ""--p-cross"", ""0.4"", ""--tournament-size"", ""3"", ""--tau-reset"", ""50"", ""--resetpop-rate"", ""0.99"", ""--local-search"", ""false"", ""--stop"", ""gen"", ""--max-gen"", ""100"", ""--edge-epsilon"", ""1e-06"", ""--save-generation-trace"", ""true"", ""--save-linkage-events"", ""false"", ""--save-graph-snapshots"", ""false"", ""--graph-snapshot-interval"", ""1"", ""--graph-snapshot-min-weight"", ""0.0"", ""--lr-gap-gen"", ""1"", ""--lr-min-samples"", ""10"", ""--lr-sparse-alpha"", ""0.001"", ""--lr-auto-alpha"", ""true"", ""--lr-alpha-c"", ""0.2"", ""--lr-delta"", ""0.05"", ""--lr-auto-min-samples"", ""true"", ""--lr-min-samples-c"", ""2.0"", ""--lr-stability-subsamples"", ""0"", ""--lr-stability-fraction"", ""0.75"", ""--lr-edge-min-weight"", ""0.0"", ""--lr-encoding"", ""binary"", ""--lr-solver"", ""auto"", ""--lr-matrix-free-threshold"", ""700"", ""--lr-matrix-free-max-iter"", ""8"", ""--lr-matrix-free-tol"", ""0.0001"", ""--lr-matrix-free-step-scale"", ""0.5"", ""--lr-matrix-free-dtype"", ""float32"", ""--build-building-blocks"", ""true"", ""--bb-weight-mode"", ""positive"", ""--bb-search-mode"", ""uniform"", ""--bb-min-block-size"", ""2"", ""--bb-max-blocks"", ""20"", ""--bb-snapshot-interval"", ""1"", ""--bb-external-penalty"", ""0.25"", ""--bb-size-penalty"", ""0.01"", ""--bb-pattern-top-fraction"", ""0.2"", ""--bb-pattern-min-support"", ""2"", ""--bb-refine-fraction"", ""0.2"", ""--bb-accept-equal-sparser"", ""true"", ""--bb-shuffle-blocks"", ""true"", ""--bb-signed-repair-probability"", ""0.75"", ""--pre-lr-explore"", ""false"", ""--pre-lr-mutation-multiplier"", ""3.0"", ""--pre-lr-immigrant-rate"", ""0.1"", ""--artifact-layout"", ""nested"", ""--write-aggregate-outputs"", ""false"", ""--lr-expected-edges"", ""60"", ""--lr-refit-expected-edges"", ""30"", ""--bb-gawll-update-interval"", ""10"", ""--bb-max-refine-trials"", ""10"", ""--repeat-id"", ""1"", ""--outer-fold-id"", ""2""]"
199,ORL_asu,2,2,1,3,..\Results\results_fs_uniform_positive_medium_highdim\ORL_asu\blur_ga_pairwise_lasso_uniform_positive_binary_nopre,"[""ORL_asu"", ""2"", ""2"", ""--data-dir"", ""../Dataset/prepared_feature_selection"", ""--output-dir"", ""..\\Results\\results_fs_uniform_positive_medium_highdim\\ORL_asu\\blur_ga_pairwise_lasso_uniform_positive_binary_nopre"", ""--outer-folds"", ""4"", ""--inner-folds"", ""4"", ""--repeats"", ""3"", ""--seed"", ""1"", ""--shuffle"", ""true"", ""--popsize"", ""100"", ""--p-cross"", ""0.4"", ""--tournament-size"", ""3"", ""--tau-reset"", ""50"", ""--resetpop-rate"", ""0.99"", ""--local-search"", ""false"", ""--stop"", ""gen"", ""--max-gen"", ""100"", ""--edge-epsilon"", ""1e-06"", ""--save-generation-trace"", ""true"", ""--save-linkage-events"", ""false"", ""--save-graph-snapshots"", ""false"", ""--graph-snapshot-interval"", ""1"", ""--graph-snapshot-min-weight"", ""0.0"", ""--lr-gap-gen"", ""1"", ""--lr-min-samples"", ""10"", ""--lr-sparse-alpha"", ""0.001"", ""--lr-auto-alpha"", ""true"", ""--lr-alpha-c"", ""0.2"", ""--lr-delta"", ""0.05"", ""--lr-auto-min-samples"", ""true"", ""--lr-min-samples-c"", ""2.0"", ""--lr-stability-subsamples"", ""0"", ""--lr-stability-fraction"", ""0.75"", ""--lr-edge-min-weight"", ""0.0"", ""--lr-encoding"", ""binary"", ""--lr-solver"", ""auto"", ""--lr-matrix-free-threshold"", ""700"", ""--lr-matrix-free-max-iter"", ""8"", ""--lr-matrix-free-tol"", ""0.0001"", ""--lr-matrix-free-step-scale"", ""0.5"", ""--lr-matrix-free-dtype"", ""float32"", ""--build-building-blocks"", ""true"", ""--bb-weight-mode"", ""positive"", ""--bb-search-mode"", ""uniform"", ""--bb-min-block-size"", ""2"", ""--bb-max-blocks"", ""20"", ""--bb-snapshot-interval"", ""1"", ""--bb-external-penalty"", ""0.25"", ""--bb-size-penalty"", ""0.01"", ""--bb-pattern-top-fraction"", ""0.2"", ""--bb-pattern-min-support"", ""2"", ""--bb-refine-fraction"", ""0.2"", ""--bb-accept-equal-sparser"", ""true"", ""--bb-shuffle-blocks"", ""true"", ""--bb-signed-repair-probability"", ""0.75"", ""--pre-lr-explore"", ""false"", ""--pre-lr-mutation-multiplier"", ""3.0"", ""--pre-lr-immigrant-rate"", ""0.1"", ""--artifact-layout"", ""nested"", ""--write-aggregate-outputs"", ""false"", ""--lr-expected-edges"", ""60"", ""--lr-refit-expected-edges"", ""30"", ""--bb-gawll-update-interval"", ""10"", ""--bb-max-refine-trials"", ""10"", ""--repeat-id"", ""1"", ""--outer-fold-id"", ""3""]"
200,ORL_asu,2,2,2,0,..\Results\results_fs_uniform_positive_medium_highdim\ORL_asu\blur_ga_pairwise_lasso_uniform_positive_binary_nopre,"[""ORL_asu"", ""2"", ""2"", ""--data-dir"", ""../Dataset/prepared_feature_selection"", ""--output-dir"", ""..\\Results\\results_fs_uniform_positive_medium_highdim\\ORL_asu\\blur_ga_pairwise_lasso_uniform_positive_binary_nopre"", ""--outer-folds"", ""4"", ""--inner-folds"", ""4"", ""--repeats"", ""3"", ""--seed"", ""1"", ""--shuffle"", ""true"", ""--popsize"", ""100"", ""--p-cross"", ""0.4"", ""--tournament-size"", ""3"", ""--tau-reset"", ""50"", ""--resetpop-rate"", ""0.99"", ""--local-search"", ""false"", ""--stop"", ""gen"", ""--max-gen"", ""100"", ""--edge-epsilon"", ""1e-06"", ""--save-generation-trace"", ""true"", ""--save-linkage-events"", ""false"", ""--save-graph-snapshots"", ""false"", ""--graph-snapshot-interval"", ""1"", ""--graph-snapshot-min-weight"", ""0.0"", ""--lr-gap-gen"", ""1"", ""--lr-min-samples"", ""10"", ""--lr-sparse-alpha"", ""0.001"", ""--lr-auto-alpha"", ""true"", ""--lr-alpha-c"", ""0.2"", ""--lr-delta"", ""0.05"", ""--lr-auto-min-samples"", ""true"", ""--lr-min-samples-c"", ""2.0"", ""--lr-stability-subsamples"", ""0"", ""--lr-stability-fraction"", ""0.75"", ""--lr-edge-min-weight"", ""0.0"", ""--lr-encoding"", ""binary"", ""--lr-solver"", ""auto"", ""--lr-matrix-free-threshold"", ""700"", ""--lr-matrix-free-max-iter"", ""8"", ""--lr-matrix-free-tol"", ""0.0001"", ""--lr-matrix-free-step-scale"", ""0.5"", ""--lr-matrix-free-dtype"", ""float32"", ""--build-building-blocks"", ""true"", ""--bb-weight-mode"", ""positive"", ""--bb-search-mode"", ""uniform"", ""--bb-min-block-size"", ""2"", ""--bb-max-blocks"", ""20"", ""--bb-snapshot-interval"", ""1"", ""--bb-external-penalty"", ""0.25"", ""--bb-size-penalty"", ""0.01"", ""--bb-pattern-top-fraction"", ""0.2"", ""--bb-pattern-min-support"", ""2"", ""--bb-refine-fraction"", ""0.2"", ""--bb-accept-equal-sparser"", ""true"", ""--bb-shuffle-blocks"", ""true"", ""--bb-signed-repair-probability"", ""0.75"", ""--pre-lr-explore"", ""false"", ""--pre-lr-mutation-multiplier"", ""3.0"", ""--pre-lr-immigrant-rate"", ""0.1"", ""--artifact-layout"", ""nested"", ""--write-aggregate-outputs"", ""false"", ""--lr-expected-edges"", ""60"", ""--lr-refit-expected-edges"", ""30"", ""--bb-gawll-update-interval"", ""10"", ""--bb-max-refine-trials"", ""10"", ""--repeat-id"", ""2"", ""--outer-fold-id"", ""0""]"
201,ORL_asu,2,2,2,1,..\Results\results_fs_uniform_positive_medium_highdim\ORL_asu\blur_ga_pairwise_lasso_uniform_positive_binary_nopre,"[""ORL_asu"", ""2"", ""2"", ""--data-dir"", ""../Dataset/prepared_feature_selection"", ""--output-dir"", ""..\\Results\\results_fs_uniform_positive_medium_highdim\\ORL_asu\\blur_ga_pairwise_lasso_uniform_positive_binary_nopre"", ""--outer-folds"", ""4"", ""--inner-folds"", ""4"", ""--repeats"", ""3"", ""--seed"", ""1"", ""--shuffle"", ""true"", ""--popsize"", ""100"", ""--p-cross"", ""0.4"", ""--tournament-size"", ""3"", ""--tau-reset"", ""50"", ""--resetpop-rate"", ""0.99"", ""--local-search"", ""false"", ""--stop"", ""gen"", ""--max-gen"", ""100"", ""--edge-epsilon"", ""1e-06"", ""--save-generation-trace"", ""true"", ""--save-linkage-events"", ""false"", ""--save-graph-snapshots"", ""false"", ""--graph-snapshot-interval"", ""1"", ""--graph-snapshot-min-weight"", ""0.0"", ""--lr-gap-gen"", ""1"", ""--lr-min-samples"", ""10"", ""--lr-sparse-alpha"", ""0.001"", ""--lr-auto-alpha"", ""true"", ""--lr-alpha-c"", ""0.2"", ""--lr-delta"", ""0.05"", ""--lr-auto-min-samples"", ""true"", ""--lr-min-samples-c"", ""2.0"", ""--lr-stability-subsamples"", ""0"", ""--lr-stability-fraction"", ""0.75"", ""--lr-edge-min-weight"", ""0.0"", ""--lr-encoding"", ""binary"", ""--lr-solver"", ""auto"", ""--lr-matrix-free-threshold"", ""700"", ""--lr-matrix-free-max-iter"", ""8"", ""--lr-matrix-free-tol"", ""0.0001"", ""--lr-matrix-free-step-scale"", ""0.5"", ""--lr-matrix-free-dtype"", ""float32"", ""--build-building-blocks"", ""true"", ""--bb-weight-mode"", ""positive"", ""--bb-search-mode"", ""uniform"", ""--bb-min-block-size"", ""2"", ""--bb-max-blocks"", ""20"", ""--bb-snapshot-interval"", ""1"", ""--bb-external-penalty"", ""0.25"", ""--bb-size-penalty"", ""0.01"", ""--bb-pattern-top-fraction"", ""0.2"", ""--bb-pattern-min-support"", ""2"", ""--bb-refine-fraction"", ""0.2"", ""--bb-accept-equal-sparser"", ""true"", ""--bb-shuffle-blocks"", ""true"", ""--bb-signed-repair-probability"", ""0.75"", ""--pre-lr-explore"", ""false"", ""--pre-lr-mutation-multiplier"", ""3.0"", ""--pre-lr-immigrant-rate"", ""0.1"", ""--artifact-layout"", ""nested"", ""--write-aggregate-outputs"", ""false"", ""--lr-expected-edges"", ""60"", ""--lr-refit-expected-edges"", ""30"", ""--bb-gawll-update-interval"", ""10"", ""--bb-max-refine-trials"", ""10"", ""--repeat-id"", ""2"", ""--outer-fold-id"", ""1""]"
202,ORL_asu,2,2,2,2,..\Results\results_fs_uniform_positive_medium_highdim\ORL_asu\blur_ga_pairwise_lasso_uniform_positive_binary_nopre,"[""ORL_asu"", ""2"", ""2"", ""--data-dir"", ""../Dataset/prepared_feature_selection"", ""--output-dir"", ""..\\Results\\results_fs_uniform_positive_medium_highdim\\ORL_asu\\blur_ga_pairwise_lasso_uniform_positive_binary_nopre"", ""--outer-folds"", ""4"", ""--inner-folds"", ""4"", ""--repeats"", ""3"", ""--seed"", ""1"", ""--shuffle"", ""true"", ""--popsize"", ""100"", ""--p-cross"", ""0.4"", ""--tournament-size"", ""3"", ""--tau-reset"", ""50"", ""--resetpop-rate"", ""0.99"", ""--local-search"", ""false"", ""--stop"", ""gen"", ""--max-gen"", ""100"", ""--edge-epsilon"", ""1e-06"", ""--save-generation-trace"", ""true"", ""--save-linkage-events"", ""false"", ""--save-graph-snapshots"", ""false"", ""--graph-snapshot-interval"", ""1"", ""--graph-snapshot-min-weight"", ""0.0"", ""--lr-gap-gen"", ""1"", ""--lr-min-samples"", ""10"", ""--lr-sparse-alpha"", ""0.001"", ""--lr-auto-alpha"", ""true"", ""--lr-alpha-c"", ""0.2"", ""--lr-delta"", ""0.05"", ""--lr-auto-min-samples"", ""true"", ""--lr-min-samples-c"", ""2.0"", ""--lr-stability-subsamples"", ""0"", ""--lr-stability-fraction"", ""0.75"", ""--lr-edge-min-weight"", ""0.0"", ""--lr-encoding"", ""binary"", ""--lr-solver"", ""auto"", ""--lr-matrix-free-threshold"", ""700"", ""--lr-matrix-free-max-iter"", ""8"", ""--lr-matrix-free-tol"", ""0.0001"", ""--lr-matrix-free-step-scale"", ""0.5"", ""--lr-matrix-free-dtype"", ""float32"", ""--build-building-blocks"", ""true"", ""--bb-weight-mode"", ""positive"", ""--bb-search-mode"", ""uniform"", ""--bb-min-block-size"", ""2"", ""--bb-max-blocks"", ""20"", ""--bb-snapshot-interval"", ""1"", ""--bb-external-penalty"", ""0.25"", ""--bb-size-penalty"", ""0.01"", ""--bb-pattern-top-fraction"", ""0.2"", ""--bb-pattern-min-support"", ""2"", ""--bb-refine-fraction"", ""0.2"", ""--bb-accept-equal-sparser"", ""true"", ""--bb-shuffle-blocks"", ""true"", ""--bb-signed-repair-probability"", ""0.75"", ""--pre-lr-explore"", ""false"", ""--pre-lr-mutation-multiplier"", ""3.0"", ""--pre-lr-immigrant-rate"", ""0.1"", ""--artifact-layout"", ""nested"", ""--write-aggregate-outputs"", ""false"", ""--lr-expected-edges"", ""60"", ""--lr-refit-expected-edges"", ""30"", ""--bb-gawll-update-interval"", ""10"", ""--bb-max-refine-trials"", ""10"", ""--repeat-id"", ""2"", ""--outer-fold-id"", ""2""]"
203,ORL_asu,2,2,2,3,..\Results\results_fs_uniform_positive_medium_highdim\ORL_asu\blur_ga_pairwise_lasso_uniform_positive_binary_nopre,"[""ORL_asu"", ""2"", ""2"", ""--data-dir"", ""../Dataset/prepared_feature_selection"", ""--output-dir"", ""..\\Results\\results_fs_uniform_positive_medium_highdim\\ORL_asu\\blur_ga_pairwise_lasso_uniform_positive_binary_nopre"", ""--outer-folds"", ""4"", ""--inner-folds"", ""4"", ""--repeats"", ""3"", ""--seed"", ""1"", ""--shuffle"", ""true"", ""--popsize"", ""100"", ""--p-cross"", ""0.4"", ""--tournament-size"", ""3"", ""--tau-reset"", ""50"", ""--resetpop-rate"", ""0.99"", ""--local-search"", ""false"", ""--stop"", ""gen"", ""--max-gen"", ""100"", ""--edge-epsilon"", ""1e-06"", ""--save-generation-trace"", ""true"", ""--save-linkage-events"", ""false"", ""--save-graph-snapshots"", ""false"", ""--graph-snapshot-interval"", ""1"", ""--graph-snapshot-min-weight"", ""0.0"", ""--lr-gap-gen"", ""1"", ""--lr-min-samples"", ""10"", ""--lr-sparse-alpha"", ""0.001"", ""--lr-auto-alpha"", ""true"", ""--lr-alpha-c"", ""0.2"", ""--lr-delta"", ""0.05"", ""--lr-auto-min-samples"", ""true"", ""--lr-min-samples-c"", ""2.0"", ""--lr-stability-subsamples"", ""0"", ""--lr-stability-fraction"", ""0.75"", ""--lr-edge-min-weight"", ""0.0"", ""--lr-encoding"", ""binary"", ""--lr-solver"", ""auto"", ""--lr-matrix-free-threshold"", ""700"", ""--lr-matrix-free-max-iter"", ""8"", ""--lr-matrix-free-tol"", ""0.0001"", ""--lr-matrix-free-step-scale"", ""0.5"", ""--lr-matrix-free-dtype"", ""float32"", ""--build-building-blocks"", ""true"", ""--bb-weight-mode"", ""positive"", ""--bb-search-mode"", ""uniform"", ""--bb-min-block-size"", ""2"", ""--bb-max-blocks"", ""20"", ""--bb-snapshot-interval"", ""1"", ""--bb-external-penalty"", ""0.25"", ""--bb-size-penalty"", ""0.01"", ""--bb-pattern-top-fraction"", ""0.2"", ""--bb-pattern-min-support"", ""2"", ""--bb-refine-fraction"", ""0.2"", ""--bb-accept-equal-sparser"", ""true"", ""--bb-shuffle-blocks"", ""true"", ""--bb-signed-repair-probability"", ""0.75"", ""--pre-lr-explore"", ""false"", ""--pre-lr-mutation-multiplier"", ""3.0"", ""--pre-lr-immigrant-rate"", ""0.1"", ""--artifact-layout"", ""nested"", ""--write-aggregate-outputs"", ""false"", ""--lr-expected-edges"", ""60"", ""--lr-refit-expected-edges"", ""30"", ""--bb-gawll-update-interval"", ""10"", ""--bb-max-refine-trials"", ""10"", ""--repeat-id"", ""2"", ""--outer-fold-id"", ""3""]"
204,hiva_agnostic_task363677,2,2,0,0,..\Results\results_fs_uniform_positive_medium_highdim\hiva_agnostic_task363677\blur_ga_pairwise_lasso_uniform_positive_binary_nopre,"[""hiva_agnostic_task363677"", ""2"", ""2"", ""--data-dir"", ""../Dataset/prepared_feature_selection"", ""--output-dir"", ""..\\Results\\results_fs_uniform_positive_medium_highdim\\hiva_agnostic_task363677\\blur_ga_pairwise_lasso_uniform_positive_binary_nopre"", ""--outer-folds"", ""4"", ""--inner-folds"", ""4"", ""--repeats"", ""3"", ""--seed"", ""1"", ""--shuffle"", ""true"", ""--popsize"", ""100"", ""--p-cross"", ""0.4"", ""--tournament-size"", ""3"", ""--tau-reset"", ""50"", ""--resetpop-rate"", ""0.99"", ""--local-search"", ""false"", ""--stop"", ""gen"", ""--max-gen"", ""100"", ""--edge-epsilon"", ""1e-06"", ""--save-generation-trace"", ""true"", ""--save-linkage-events"", ""false"", ""--save-graph-snapshots"", ""false"", ""--graph-snapshot-interval"", ""1"", ""--graph-snapshot-min-weight"", ""0.0"", ""--lr-gap-gen"", ""1"", ""--lr-min-samples"", ""10"", ""--lr-sparse-alpha"", ""0.001"", ""--lr-auto-alpha"", ""true"", ""--lr-alpha-c"", ""0.2"", ""--lr-delta"", ""0.05"", ""--lr-auto-min-samples"", ""true"", ""--lr-min-samples-c"", ""2.0"", ""--lr-stability-subsamples"", ""0"", ""--lr-stability-fraction"", ""0.75"", ""--lr-edge-min-weight"", ""0.0"", ""--lr-encoding"", ""binary"", ""--lr-solver"", ""auto"", ""--lr-matrix-free-threshold"", ""700"", ""--lr-matrix-free-max-iter"", ""8"", ""--lr-matrix-free-tol"", ""0.0001"", ""--lr-matrix-free-step-scale"", ""0.5"", ""--lr-matrix-free-dtype"", ""float32"", ""--build-building-blocks"", ""true"", ""--bb-weight-mode"", ""positive"", ""--bb-search-mode"", ""uniform"", ""--bb-min-block-size"", ""2"", ""--bb-max-blocks"", ""20"", ""--bb-snapshot-interval"", ""1"", ""--bb-external-penalty"", ""0.25"", ""--bb-size-penalty"", ""0.01"", ""--bb-pattern-top-fraction"", ""0.2"", ""--bb-pattern-min-support"", ""2"", ""--bb-refine-fraction"", ""0.2"", ""--bb-accept-equal-sparser"", ""true"", ""--bb-shuffle-blocks"", ""true"", ""--bb-signed-repair-probability"", ""0.75"", ""--pre-lr-explore"", ""false"", ""--pre-lr-mutation-multiplier"", ""3.0"", ""--pre-lr-immigrant-rate"", ""0.1"", ""--artifact-layout"", ""nested"", ""--write-aggregate-outputs"", ""false"", ""--lr-expected-edges"", ""60"", ""--lr-refit-expected-edges"", ""30"", ""--bb-gawll-update-interval"", ""10"", ""--bb-max-refine-trials"", ""10"", ""--repeat-id"", ""0"", ""--outer-fold-id"", ""0""]"
205,hiva_agnostic_task363677,2,2,0,1,..\Results\results_fs_uniform_positive_medium_highdim\hiva_agnostic_task363677\blur_ga_pairwise_lasso_uniform_positive_binary_nopre,"[""hiva_agnostic_task363677"", ""2"", ""2"", ""--data-dir"", ""../Dataset/prepared_feature_selection"", ""--output-dir"", ""..\\Results\\results_fs_uniform_positive_medium_highdim\\hiva_agnostic_task363677\\blur_ga_pairwise_lasso_uniform_positive_binary_nopre"", ""--outer-folds"", ""4"", ""--inner-folds"", ""4"", ""--repeats"", ""3"", ""--seed"", ""1"", ""--shuffle"", ""true"", ""--popsize"", ""100"", ""--p-cross"", ""0.4"", ""--tournament-size"", ""3"", ""--tau-reset"", ""50"", ""--resetpop-rate"", ""0.99"", ""--local-search"", ""false"", ""--stop"", ""gen"", ""--max-gen"", ""100"", ""--edge-epsilon"", ""1e-06"", ""--save-generation-trace"", ""true"", ""--save-linkage-events"", ""false"", ""--save-graph-snapshots"", ""false"", ""--graph-snapshot-interval"", ""1"", ""--graph-snapshot-min-weight"", ""0.0"", ""--lr-gap-gen"", ""1"", ""--lr-min-samples"", ""10"", ""--lr-sparse-alpha"", ""0.001"", ""--lr-auto-alpha"", ""true"", ""--lr-alpha-c"", ""0.2"", ""--lr-delta"", ""0.05"", ""--lr-auto-min-samples"", ""true"", ""--lr-min-samples-c"", ""2.0"", ""--lr-stability-subsamples"", ""0"", ""--lr-stability-fraction"", ""0.75"", ""--lr-edge-min-weight"", ""0.0"", ""--lr-encoding"", ""binary"", ""--lr-solver"", ""auto"", ""--lr-matrix-free-threshold"", ""700"", ""--lr-matrix-free-max-iter"", ""8"", ""--lr-matrix-free-tol"", ""0.0001"", ""--lr-matrix-free-step-scale"", ""0.5"", ""--lr-matrix-free-dtype"", ""float32"", ""--build-building-blocks"", ""true"", ""--bb-weight-mode"", ""positive"", ""--bb-search-mode"", ""uniform"", ""--bb-min-block-size"", ""2"", ""--bb-max-blocks"", ""20"", ""--bb-snapshot-interval"", ""1"", ""--bb-external-penalty"", ""0.25"", ""--bb-size-penalty"", ""0.01"", ""--bb-pattern-top-fraction"", ""0.2"", ""--bb-pattern-min-support"", ""2"", ""--bb-refine-fraction"", ""0.2"", ""--bb-accept-equal-sparser"", ""true"", ""--bb-shuffle-blocks"", ""true"", ""--bb-signed-repair-probability"", ""0.75"", ""--pre-lr-explore"", ""false"", ""--pre-lr-mutation-multiplier"", ""3.0"", ""--pre-lr-immigrant-rate"", ""0.1"", ""--artifact-layout"", ""nested"", ""--write-aggregate-outputs"", ""false"", ""--lr-expected-edges"", ""60"", ""--lr-refit-expected-edges"", ""30"", ""--bb-gawll-update-interval"", ""10"", ""--bb-max-refine-trials"", ""10"", ""--repeat-id"", ""0"", ""--outer-fold-id"", ""1""]"
206,hiva_agnostic_task363677,2,2,0,2,..\Results\results_fs_uniform_positive_medium_highdim\hiva_agnostic_task363677\blur_ga_pairwise_lasso_uniform_positive_binary_nopre,"[""hiva_agnostic_task363677"", ""2"", ""2"", ""--data-dir"", ""../Dataset/prepared_feature_selection"", ""--output-dir"", ""..\\Results\\results_fs_uniform_positive_medium_highdim\\hiva_agnostic_task363677\\blur_ga_pairwise_lasso_uniform_positive_binary_nopre"", ""--outer-folds"", ""4"", ""--inner-folds"", ""4"", ""--repeats"", ""3"", ""--seed"", ""1"", ""--shuffle"", ""true"", ""--popsize"", ""100"", ""--p-cross"", ""0.4"", ""--tournament-size"", ""3"", ""--tau-reset"", ""50"", ""--resetpop-rate"", ""0.99"", ""--local-search"", ""false"", ""--stop"", ""gen"", ""--max-gen"", ""100"", ""--edge-epsilon"", ""1e-06"", ""--save-generation-trace"", ""true"", ""--save-linkage-events"", ""false"", ""--save-graph-snapshots"", ""false"", ""--graph-snapshot-interval"", ""1"", ""--graph-snapshot-min-weight"", ""0.0"", ""--lr-gap-gen"", ""1"", ""--lr-min-samples"", ""10"", ""--lr-sparse-alpha"", ""0.001"", ""--lr-auto-alpha"", ""true"", ""--lr-alpha-c"", ""0.2"", ""--lr-delta"", ""0.05"", ""--lr-auto-min-samples"", ""true"", ""--lr-min-samples-c"", ""2.0"", ""--lr-stability-subsamples"", ""0"", ""--lr-stability-fraction"", ""0.75"", ""--lr-edge-min-weight"", ""0.0"", ""--lr-encoding"", ""binary"", ""--lr-solver"", ""auto"", ""--lr-matrix-free-threshold"", ""700"", ""--lr-matrix-free-max-iter"", ""8"", ""--lr-matrix-free-tol"", ""0.0001"", ""--lr-matrix-free-step-scale"", ""0.5"", ""--lr-matrix-free-dtype"", ""float32"", ""--build-building-blocks"", ""true"", ""--bb-weight-mode"", ""positive"", ""--bb-search-mode"", ""uniform"", ""--bb-min-block-size"", ""2"", ""--bb-max-blocks"", ""20"", ""--bb-snapshot-interval"", ""1"", ""--bb-external-penalty"", ""0.25"", ""--bb-size-penalty"", ""0.01"", ""--bb-pattern-top-fraction"", ""0.2"", ""--bb-pattern-min-support"", ""2"", ""--bb-refine-fraction"", ""0.2"", ""--bb-accept-equal-sparser"", ""true"", ""--bb-shuffle-blocks"", ""true"", ""--bb-signed-repair-probability"", ""0.75"", ""--pre-lr-explore"", ""false"", ""--pre-lr-mutation-multiplier"", ""3.0"", ""--pre-lr-immigrant-rate"", ""0.1"", ""--artifact-layout"", ""nested"", ""--write-aggregate-outputs"", ""false"", ""--lr-expected-edges"", ""60"", ""--lr-refit-expected-edges"", ""30"", ""--bb-gawll-update-interval"", ""10"", ""--bb-max-refine-trials"", ""10"", ""--repeat-id"", ""0"", ""--outer-fold-id"", ""2""]"
207,hiva_agnostic_task363677,2,2,0,3,..\Results\results_fs_uniform_positive_medium_highdim\hiva_agnostic_task363677\blur_ga_pairwise_lasso_uniform_positive_binary_nopre,"[""hiva_agnostic_task363677"", ""2"", ""2"", ""--data-dir"", ""../Dataset/prepared_feature_selection"", ""--output-dir"", ""..\\Results\\results_fs_uniform_positive_medium_highdim\\hiva_agnostic_task363677\\blur_ga_pairwise_lasso_uniform_positive_binary_nopre"", ""--outer-folds"", ""4"", ""--inner-folds"", ""4"", ""--repeats"", ""3"", ""--seed"", ""1"", ""--shuffle"", ""true"", ""--popsize"", ""100"", ""--p-cross"", ""0.4"", ""--tournament-size"", ""3"", ""--tau-reset"", ""50"", ""--resetpop-rate"", ""0.99"", ""--local-search"", ""false"", ""--stop"", ""gen"", ""--max-gen"", ""100"", ""--edge-epsilon"", ""1e-06"", ""--save-generation-trace"", ""true"", ""--save-linkage-events"", ""false"", ""--save-graph-snapshots"", ""false"", ""--graph-snapshot-interval"", ""1"", ""--graph-snapshot-min-weight"", ""0.0"", ""--lr-gap-gen"", ""1"", ""--lr-min-samples"", ""10"", ""--lr-sparse-alpha"", ""0.001"", ""--lr-auto-alpha"", ""true"", ""--lr-alpha-c"", ""0.2"", ""--lr-delta"", ""0.05"", ""--lr-auto-min-samples"", ""true"", ""--lr-min-samples-c"", ""2.0"", ""--lr-stability-subsamples"", ""0"", ""--lr-stability-fraction"", ""0.75"", ""--lr-edge-min-weight"", ""0.0"", ""--lr-encoding"", ""binary"", ""--lr-solver"", ""auto"", ""--lr-matrix-free-threshold"", ""700"", ""--lr-matrix-free-max-iter"", ""8"", ""--lr-matrix-free-tol"", ""0.0001"", ""--lr-matrix-free-step-scale"", ""0.5"", ""--lr-matrix-free-dtype"", ""float32"", ""--build-building-blocks"", ""true"", ""--bb-weight-mode"", ""positive"", ""--bb-search-mode"", ""uniform"", ""--bb-min-block-size"", ""2"", ""--bb-max-blocks"", ""20"", ""--bb-snapshot-interval"", ""1"", ""--bb-external-penalty"", ""0.25"", ""--bb-size-penalty"", ""0.01"", ""--bb-pattern-top-fraction"", ""0.2"", ""--bb-pattern-min-support"", ""2"", ""--bb-refine-fraction"", ""0.2"", ""--bb-accept-equal-sparser"", ""true"", ""--bb-shuffle-blocks"", ""true"", ""--bb-signed-repair-probability"", ""0.75"", ""--pre-lr-explore"", ""false"", ""--pre-lr-mutation-multiplier"", ""3.0"", ""--pre-lr-immigrant-rate"", ""0.1"", ""--artifact-layout"", ""nested"", ""--write-aggregate-outputs"", ""false"", ""--lr-expected-edges"", ""60"", ""--lr-refit-expected-edges"", ""30"", ""--bb-gawll-update-interval"", ""10"", ""--bb-max-refine-trials"", ""10"", ""--repeat-id"", ""0"", ""--outer-fold-id"", ""3""]"
208,hiva_agnostic_task363677,2,2,1,0,..\Results\results_fs_uniform_positive_medium_highdim\hiva_agnostic_task363677\blur_ga_pairwise_lasso_uniform_positive_binary_nopre,"[""hiva_agnostic_task363677"", ""2"", ""2"", ""--data-dir"", ""../Dataset/prepared_feature_selection"", ""--output-dir"", ""..\\Results\\results_fs_uniform_positive_medium_highdim\\hiva_agnostic_task363677\\blur_ga_pairwise_lasso_uniform_positive_binary_nopre"", ""--outer-folds"", ""4"", ""--inner-folds"", ""4"", ""--repeats"", ""3"", ""--seed"", ""1"", ""--shuffle"", ""true"", ""--popsize"", ""100"", ""--p-cross"", ""0.4"", ""--tournament-size"", ""3"", ""--tau-reset"", ""50"", ""--resetpop-rate"", ""0.99"", ""--local-search"", ""false"", ""--stop"", ""gen"", ""--max-gen"", ""100"", ""--edge-epsilon"", ""1e-06"", ""--save-generation-trace"", ""true"", ""--save-linkage-events"", ""false"", ""--save-graph-snapshots"", ""false"", ""--graph-snapshot-interval"", ""1"", ""--graph-snapshot-min-weight"", ""0.0"", ""--lr-gap-gen"", ""1"", ""--lr-min-samples"", ""10"", ""--lr-sparse-alpha"", ""0.001"", ""--lr-auto-alpha"", ""true"", ""--lr-alpha-c"", ""0.2"", ""--lr-delta"", ""0.05"", ""--lr-auto-min-samples"", ""true"", ""--lr-min-samples-c"", ""2.0"", ""--lr-stability-subsamples"", ""0"", ""--lr-stability-fraction"", ""0.75"", ""--lr-edge-min-weight"", ""0.0"", ""--lr-encoding"", ""binary"", ""--lr-solver"", ""auto"", ""--lr-matrix-free-threshold"", ""700"", ""--lr-matrix-free-max-iter"", ""8"", ""--lr-matrix-free-tol"", ""0.0001"", ""--lr-matrix-free-step-scale"", ""0.5"", ""--lr-matrix-free-dtype"", ""float32"", ""--build-building-blocks"", ""true"", ""--bb-weight-mode"", ""positive"", ""--bb-search-mode"", ""uniform"", ""--bb-min-block-size"", ""2"", ""--bb-max-blocks"", ""20"", ""--bb-snapshot-interval"", ""1"", ""--bb-external-penalty"", ""0.25"", ""--bb-size-penalty"", ""0.01"", ""--bb-pattern-top-fraction"", ""0.2"", ""--bb-pattern-min-support"", ""2"", ""--bb-refine-fraction"", ""0.2"", ""--bb-accept-equal-sparser"", ""true"", ""--bb-shuffle-blocks"", ""true"", ""--bb-signed-repair-probability"", ""0.75"", ""--pre-lr-explore"", ""false"", ""--pre-lr-mutation-multiplier"", ""3.0"", ""--pre-lr-immigrant-rate"", ""0.1"", ""--artifact-layout"", ""nested"", ""--write-aggregate-outputs"", ""false"", ""--lr-expected-edges"", ""60"", ""--lr-refit-expected-edges"", ""30"", ""--bb-gawll-update-interval"", ""10"", ""--bb-max-refine-trials"", ""10"", ""--repeat-id"", ""1"", ""--outer-fold-id"", ""0""]"
209,hiva_agnostic_task363677,2,2,1,1,..\Results\results_fs_uniform_positive_medium_highdim\hiva_agnostic_task363677\blur_ga_pairwise_lasso_uniform_positive_binary_nopre,"[""hiva_agnostic_task363677"", ""2"", ""2"", ""--data-dir"", ""../Dataset/prepared_feature_selection"", ""--output-dir"", ""..\\Results\\results_fs_uniform_positive_medium_highdim\\hiva_agnostic_task363677\\blur_ga_pairwise_lasso_uniform_positive_binary_nopre"", ""--outer-folds"", ""4"", ""--inner-folds"", ""4"", ""--repeats"", ""3"", ""--seed"", ""1"", ""--shuffle"", ""true"", ""--popsize"", ""100"", ""--p-cross"", ""0.4"", ""--tournament-size"", ""3"", ""--tau-reset"", ""50"", ""--resetpop-rate"", ""0.99"", ""--local-search"", ""false"", ""--stop"", ""gen"", ""--max-gen"", ""100"", ""--edge-epsilon"", ""1e-06"", ""--save-generation-trace"", ""true"", ""--save-linkage-events"", ""false"", ""--save-graph-snapshots"", ""false"", ""--graph-snapshot-interval"", ""1"", ""--graph-snapshot-min-weight"", ""0.0"", ""--lr-gap-gen"", ""1"", ""--lr-min-samples"", ""10"", ""--lr-sparse-alpha"", ""0.001"", ""--lr-auto-alpha"", ""true"", ""--lr-alpha-c"", ""0.2"", ""--lr-delta"", ""0.05"", ""--lr-auto-min-samples"", ""true"", ""--lr-min-samples-c"", ""2.0"", ""--lr-stability-subsamples"", ""0"", ""--lr-stability-fraction"", ""0.75"", ""--lr-edge-min-weight"", ""0.0"", ""--lr-encoding"", ""binary"", ""--lr-solver"", ""auto"", ""--lr-matrix-free-threshold"", ""700"", ""--lr-matrix-free-max-iter"", ""8"", ""--lr-matrix-free-tol"", ""0.0001"", ""--lr-matrix-free-step-scale"", ""0.5"", ""--lr-matrix-free-dtype"", ""float32"", ""--build-building-blocks"", ""true"", ""--bb-weight-mode"", ""positive"", ""--bb-search-mode"", ""uniform"", ""--bb-min-block-size"", ""2"", ""--bb-max-blocks"", ""20"", ""--bb-snapshot-interval"", ""1"", ""--bb-external-penalty"", ""0.25"", ""--bb-size-penalty"", ""0.01"", ""--bb-pattern-top-fraction"", ""0.2"", ""--bb-pattern-min-support"", ""2"", ""--bb-refine-fraction"", ""0.2"", ""--bb-accept-equal-sparser"", ""true"", ""--bb-shuffle-blocks"", ""true"", ""--bb-signed-repair-probability"", ""0.75"", ""--pre-lr-explore"", ""false"", ""--pre-lr-mutation-multiplier"", ""3.0"", ""--pre-lr-immigrant-rate"", ""0.1"", ""--artifact-layout"", ""nested"", ""--write-aggregate-outputs"", ""false"", ""--lr-expected-edges"", ""60"", ""--lr-refit-expected-edges"", ""30"", ""--bb-gawll-update-interval"", ""10"", ""--bb-max-refine-trials"", ""10"", ""--repeat-id"", ""1"", ""--outer-fold-id"", ""1""]"
210,hiva_agnostic_task363677,2,2,1,2,..\Results\results_fs_uniform_positive_medium_highdim\hiva_agnostic_task363677\blur_ga_pairwise_lasso_uniform_positive_binary_nopre,"[""hiva_agnostic_task363677"", ""2"", ""2"", ""--data-dir"", ""../Dataset/prepared_feature_selection"", ""--output-dir"", ""..\\Results\\results_fs_uniform_positive_medium_highdim\\hiva_agnostic_task363677\\blur_ga_pairwise_lasso_uniform_positive_binary_nopre"", ""--outer-folds"", ""4"", ""--inner-folds"", ""4"", ""--repeats"", ""3"", ""--seed"", ""1"", ""--shuffle"", ""true"", ""--popsize"", ""100"", ""--p-cross"", ""0.4"", ""--tournament-size"", ""3"", ""--tau-reset"", ""50"", ""--resetpop-rate"", ""0.99"", ""--local-search"", ""false"", ""--stop"", ""gen"", ""--max-gen"", ""100"", ""--edge-epsilon"", ""1e-06"", ""--save-generation-trace"", ""true"", ""--save-linkage-events"", ""false"", ""--save-graph-snapshots"", ""false"", ""--graph-snapshot-interval"", ""1"", ""--graph-snapshot-min-weight"", ""0.0"", ""--lr-gap-gen"", ""1"", ""--lr-min-samples"", ""10"", ""--lr-sparse-alpha"", ""0.001"", ""--lr-auto-alpha"", ""true"", ""--lr-alpha-c"", ""0.2"", ""--lr-delta"", ""0.05"", ""--lr-auto-min-samples"", ""true"", ""--lr-min-samples-c"", ""2.0"", ""--lr-stability-subsamples"", ""0"", ""--lr-stability-fraction"", ""0.75"", ""--lr-edge-min-weight"", ""0.0"", ""--lr-encoding"", ""binary"", ""--lr-solver"", ""auto"", ""--lr-matrix-free-threshold"", ""700"", ""--lr-matrix-free-max-iter"", ""8"", ""--lr-matrix-free-tol"", ""0.0001"", ""--lr-matrix-free-step-scale"", ""0.5"", ""--lr-matrix-free-dtype"", ""float32"", ""--build-building-blocks"", ""true"", ""--bb-weight-mode"", ""positive"", ""--bb-search-mode"", ""uniform"", ""--bb-min-block-size"", ""2"", ""--bb-max-blocks"", ""20"", ""--bb-snapshot-interval"", ""1"", ""--bb-external-penalty"", ""0.25"", ""--bb-size-penalty"", ""0.01"", ""--bb-pattern-top-fraction"", ""0.2"", ""--bb-pattern-min-support"", ""2"", ""--bb-refine-fraction"", ""0.2"", ""--bb-accept-equal-sparser"", ""true"", ""--bb-shuffle-blocks"", ""true"", ""--bb-signed-repair-probability"", ""0.75"", ""--pre-lr-explore"", ""false"", ""--pre-lr-mutation-multiplier"", ""3.0"", ""--pre-lr-immigrant-rate"", ""0.1"", ""--artifact-layout"", ""nested"", ""--write-aggregate-outputs"", ""false"", ""--lr-expected-edges"", ""60"", ""--lr-refit-expected-edges"", ""30"", ""--bb-gawll-update-interval"", ""10"", ""--bb-max-refine-trials"", ""10"", ""--repeat-id"", ""1"", ""--outer-fold-id"", ""2""]"
211,hiva_agnostic_task363677,2,2,1,3,..\Results\results_fs_uniform_positive_medium_highdim\hiva_agnostic_task363677\blur_ga_pairwise_lasso_uniform_positive_binary_nopre,"[""hiva_agnostic_task363677"", ""2"", ""2"", ""--data-dir"", ""../Dataset/prepared_feature_selection"", ""--output-dir"", ""..\\Results\\results_fs_uniform_positive_medium_highdim\\hiva_agnostic_task363677\\blur_ga_pairwise_lasso_uniform_positive_binary_nopre"", ""--outer-folds"", ""4"", ""--inner-folds"", ""4"", ""--repeats"", ""3"", ""--seed"", ""1"", ""--shuffle"", ""true"", ""--popsize"", ""100"", ""--p-cross"", ""0.4"", ""--tournament-size"", ""3"", ""--tau-reset"", ""50"", ""--resetpop-rate"", ""0.99"", ""--local-search"", ""false"", ""--stop"", ""gen"", ""--max-gen"", ""100"", ""--edge-epsilon"", ""1e-06"", ""--save-generation-trace"", ""true"", ""--save-linkage-events"", ""false"", ""--save-graph-snapshots"", ""false"", ""--graph-snapshot-interval"", ""1"", ""--graph-snapshot-min-weight"", ""0.0"", ""--lr-gap-gen"", ""1"", ""--lr-min-samples"", ""10"", ""--lr-sparse-alpha"", ""0.001"", ""--lr-auto-alpha"", ""true"", ""--lr-alpha-c"", ""0.2"", ""--lr-delta"", ""0.05"", ""--lr-auto-min-samples"", ""true"", ""--lr-min-samples-c"", ""2.0"", ""--lr-stability-subsamples"", ""0"", ""--lr-stability-fraction"", ""0.75"", ""--lr-edge-min-weight"", ""0.0"", ""--lr-encoding"", ""binary"", ""--lr-solver"", ""auto"", ""--lr-matrix-free-threshold"", ""700"", ""--lr-matrix-free-max-iter"", ""8"", ""--lr-matrix-free-tol"", ""0.0001"", ""--lr-matrix-free-step-scale"", ""0.5"", ""--lr-matrix-free-dtype"", ""float32"", ""--build-building-blocks"", ""true"", ""--bb-weight-mode"", ""positive"", ""--bb-search-mode"", ""uniform"", ""--bb-min-block-size"", ""2"", ""--bb-max-blocks"", ""20"", ""--bb-snapshot-interval"", ""1"", ""--bb-external-penalty"", ""0.25"", ""--bb-size-penalty"", ""0.01"", ""--bb-pattern-top-fraction"", ""0.2"", ""--bb-pattern-min-support"", ""2"", ""--bb-refine-fraction"", ""0.2"", ""--bb-accept-equal-sparser"", ""true"", ""--bb-shuffle-blocks"", ""true"", ""--bb-signed-repair-probability"", ""0.75"", ""--pre-lr-explore"", ""false"", ""--pre-lr-mutation-multiplier"", ""3.0"", ""--pre-lr-immigrant-rate"", ""0.1"", ""--artifact-layout"", ""nested"", ""--write-aggregate-outputs"", ""false"", ""--lr-expected-edges"", ""60"", ""--lr-refit-expected-edges"", ""30"", ""--bb-gawll-update-interval"", ""10"", ""--bb-max-refine-trials"", ""10"", ""--repeat-id"", ""1"", ""--outer-fold-id"", ""3""]"
212,hiva_agnostic_task363677,2,2,2,0,..\Results\results_fs_uniform_positive_medium_highdim\hiva_agnostic_task363677\blur_ga_pairwise_lasso_uniform_positive_binary_nopre,"[""hiva_agnostic_task363677"", ""2"", ""2"", ""--data-dir"", ""../Dataset/prepared_feature_selection"", ""--output-dir"", ""..\\Results\\results_fs_uniform_positive_medium_highdim\\hiva_agnostic_task363677\\blur_ga_pairwise_lasso_uniform_positive_binary_nopre"", ""--outer-folds"", ""4"", ""--inner-folds"", ""4"", ""--repeats"", ""3"", ""--seed"", ""1"", ""--shuffle"", ""true"", ""--popsize"", ""100"", ""--p-cross"", ""0.4"", ""--tournament-size"", ""3"", ""--tau-reset"", ""50"", ""--resetpop-rate"", ""0.99"", ""--local-search"", ""false"", ""--stop"", ""gen"", ""--max-gen"", ""100"", ""--edge-epsilon"", ""1e-06"", ""--save-generation-trace"", ""true"", ""--save-linkage-events"", ""false"", ""--save-graph-snapshots"", ""false"", ""--graph-snapshot-interval"", ""1"", ""--graph-snapshot-min-weight"", ""0.0"", ""--lr-gap-gen"", ""1"", ""--lr-min-samples"", ""10"", ""--lr-sparse-alpha"", ""0.001"", ""--lr-auto-alpha"", ""true"", ""--lr-alpha-c"", ""0.2"", ""--lr-delta"", ""0.05"", ""--lr-auto-min-samples"", ""true"", ""--lr-min-samples-c"", ""2.0"", ""--lr-stability-subsamples"", ""0"", ""--lr-stability-fraction"", ""0.75"", ""--lr-edge-min-weight"", ""0.0"", ""--lr-encoding"", ""binary"", ""--lr-solver"", ""auto"", ""--lr-matrix-free-threshold"", ""700"", ""--lr-matrix-free-max-iter"", ""8"", ""--lr-matrix-free-tol"", ""0.0001"", ""--lr-matrix-free-step-scale"", ""0.5"", ""--lr-matrix-free-dtype"", ""float32"", ""--build-building-blocks"", ""true"", ""--bb-weight-mode"", ""positive"", ""--bb-search-mode"", ""uniform"", ""--bb-min-block-size"", ""2"", ""--bb-max-blocks"", ""20"", ""--bb-snapshot-interval"", ""1"", ""--bb-external-penalty"", ""0.25"", ""--bb-size-penalty"", ""0.01"", ""--bb-pattern-top-fraction"", ""0.2"", ""--bb-pattern-min-support"", ""2"", ""--bb-refine-fraction"", ""0.2"", ""--bb-accept-equal-sparser"", ""true"", ""--bb-shuffle-blocks"", ""true"", ""--bb-signed-repair-probability"", ""0.75"", ""--pre-lr-explore"", ""false"", ""--pre-lr-mutation-multiplier"", ""3.0"", ""--pre-lr-immigrant-rate"", ""0.1"", ""--artifact-layout"", ""nested"", ""--write-aggregate-outputs"", ""false"", ""--lr-expected-edges"", ""60"", ""--lr-refit-expected-edges"", ""30"", ""--bb-gawll-update-interval"", ""10"", ""--bb-max-refine-trials"", ""10"", ""--repeat-id"", ""2"", ""--outer-fold-id"", ""0""]"
213,hiva_agnostic_task363677,2,2,2,1,..\Results\results_fs_uniform_positive_medium_highdim\hiva_agnostic_task363677\blur_ga_pairwise_lasso_uniform_positive_binary_nopre,"[""hiva_agnostic_task363677"", ""2"", ""2"", ""--data-dir"", ""../Dataset/prepared_feature_selection"", ""--output-dir"", ""..\\Results\\results_fs_uniform_positive_medium_highdim\\hiva_agnostic_task363677\\blur_ga_pairwise_lasso_uniform_positive_binary_nopre"", ""--outer-folds"", ""4"", ""--inner-folds"", ""4"", ""--repeats"", ""3"", ""--seed"", ""1"", ""--shuffle"", ""true"", ""--popsize"", ""100"", ""--p-cross"", ""0.4"", ""--tournament-size"", ""3"", ""--tau-reset"", ""50"", ""--resetpop-rate"", ""0.99"", ""--local-search"", ""false"", ""--stop"", ""gen"", ""--max-gen"", ""100"", ""--edge-epsilon"", ""1e-06"", ""--save-generation-trace"", ""true"", ""--save-linkage-events"", ""false"", ""--save-graph-snapshots"", ""false"", ""--graph-snapshot-interval"", ""1"", ""--graph-snapshot-min-weight"", ""0.0"", ""--lr-gap-gen"", ""1"", ""--lr-min-samples"", ""10"", ""--lr-sparse-alpha"", ""0.001"", ""--lr-auto-alpha"", ""true"", ""--lr-alpha-c"", ""0.2"", ""--lr-delta"", ""0.05"", ""--lr-auto-min-samples"", ""true"", ""--lr-min-samples-c"", ""2.0"", ""--lr-stability-subsamples"", ""0"", ""--lr-stability-fraction"", ""0.75"", ""--lr-edge-min-weight"", ""0.0"", ""--lr-encoding"", ""binary"", ""--lr-solver"", ""auto"", ""--lr-matrix-free-threshold"", ""700"", ""--lr-matrix-free-max-iter"", ""8"", ""--lr-matrix-free-tol"", ""0.0001"", ""--lr-matrix-free-step-scale"", ""0.5"", ""--lr-matrix-free-dtype"", ""float32"", ""--build-building-blocks"", ""true"", ""--bb-weight-mode"", ""positive"", ""--bb-search-mode"", ""uniform"", ""--bb-min-block-size"", ""2"", ""--bb-max-blocks"", ""20"", ""--bb-snapshot-interval"", ""1"", ""--bb-external-penalty"", ""0.25"", ""--bb-size-penalty"", ""0.01"", ""--bb-pattern-top-fraction"", ""0.2"", ""--bb-pattern-min-support"", ""2"", ""--bb-refine-fraction"", ""0.2"", ""--bb-accept-equal-sparser"", ""true"", ""--bb-shuffle-blocks"", ""true"", ""--bb-signed-repair-probability"", ""0.75"", ""--pre-lr-explore"", ""false"", ""--pre-lr-mutation-multiplier"", ""3.0"", ""--pre-lr-immigrant-rate"", ""0.1"", ""--artifact-layout"", ""nested"", ""--write-aggregate-outputs"", ""false"", ""--lr-expected-edges"", ""60"", ""--lr-refit-expected-edges"", ""30"", ""--bb-gawll-update-interval"", ""10"", ""--bb-max-refine-trials"", ""10"", ""--repeat-id"", ""2"", ""--outer-fold-id"", ""1""]"
214,hiva_agnostic_task363677,2,2,2,2,..\Results\results_fs_uniform_positive_medium_highdim\hiva_agnostic_task363677\blur_ga_pairwise_lasso_uniform_positive_binary_nopre,"[""hiva_agnostic_task363677"", ""2"", ""2"", ""--data-dir"", ""../Dataset/prepared_feature_selection"", ""--output-dir"", ""..\\Results\\results_fs_uniform_positive_medium_highdim\\hiva_agnostic_task363677\\blur_ga_pairwise_lasso_uniform_positive_binary_nopre"", ""--outer-folds"", ""4"", ""--inner-folds"", ""4"", ""--repeats"", ""3"", ""--seed"", ""1"", ""--shuffle"", ""true"", ""--popsize"", ""100"", ""--p-cross"", ""0.4"", ""--tournament-size"", ""3"", ""--tau-reset"", ""50"", ""--resetpop-rate"", ""0.99"", ""--local-search"", ""false"", ""--stop"", ""gen"", ""--max-gen"", ""100"", ""--edge-epsilon"", ""1e-06"", ""--save-generation-trace"", ""true"", ""--save-linkage-events"", ""false"", ""--save-graph-snapshots"", ""false"", ""--graph-snapshot-interval"", ""1"", ""--graph-snapshot-min-weight"", ""0.0"", ""--lr-gap-gen"", ""1"", ""--lr-min-samples"", ""10"", ""--lr-sparse-alpha"", ""0.001"", ""--lr-auto-alpha"", ""true"", ""--lr-alpha-c"", ""0.2"", ""--lr-delta"", ""0.05"", ""--lr-auto-min-samples"", ""true"", ""--lr-min-samples-c"", ""2.0"", ""--lr-stability-subsamples"", ""0"", ""--lr-stability-fraction"", ""0.75"", ""--lr-edge-min-weight"", ""0.0"", ""--lr-encoding"", ""binary"", ""--lr-solver"", ""auto"", ""--lr-matrix-free-threshold"", ""700"", ""--lr-matrix-free-max-iter"", ""8"", ""--lr-matrix-free-tol"", ""0.0001"", ""--lr-matrix-free-step-scale"", ""0.5"", ""--lr-matrix-free-dtype"", ""float32"", ""--build-building-blocks"", ""true"", ""--bb-weight-mode"", ""positive"", ""--bb-search-mode"", ""uniform"", ""--bb-min-block-size"", ""2"", ""--bb-max-blocks"", ""20"", ""--bb-snapshot-interval"", ""1"", ""--bb-external-penalty"", ""0.25"", ""--bb-size-penalty"", ""0.01"", ""--bb-pattern-top-fraction"", ""0.2"", ""--bb-pattern-min-support"", ""2"", ""--bb-refine-fraction"", ""0.2"", ""--bb-accept-equal-sparser"", ""true"", ""--bb-shuffle-blocks"", ""true"", ""--bb-signed-repair-probability"", ""0.75"", ""--pre-lr-explore"", ""false"", ""--pre-lr-mutation-multiplier"", ""3.0"", ""--pre-lr-immigrant-rate"", ""0.1"", ""--artifact-layout"", ""nested"", ""--write-aggregate-outputs"", ""false"", ""--lr-expected-edges"", ""60"", ""--lr-refit-expected-edges"", ""30"", ""--bb-gawll-update-interval"", ""10"", ""--bb-max-refine-trials"", ""10"", ""--repeat-id"", ""2"", ""--outer-fold-id"", ""2""]"
215,hiva_agnostic_task363677,2,2,2,3,..\Results\results_fs_uniform_positive_medium_highdim\hiva_agnostic_task363677\blur_ga_pairwise_lasso_uniform_positive_binary_nopre,"[""hiva_agnostic_task363677"", ""2"", ""2"", ""--data-dir"", ""../Dataset/prepared_feature_selection"", ""--output-dir"", ""..\\Results\\results_fs_uniform_positive_medium_highdim\\hiva_agnostic_task363677\\blur_ga_pairwise_lasso_uniform_positive_binary_nopre"", ""--outer-folds"", ""4"", ""--inner-folds"", ""4"", ""--repeats"", ""3"", ""--seed"", ""1"", ""--shuffle"", ""true"", ""--popsize"", ""100"", ""--p-cross"", ""0.4"", ""--tournament-size"", ""3"", ""--tau-reset"", ""50"", ""--resetpop-rate"", ""0.99"", ""--local-search"", ""false"", ""--stop"", ""gen"", ""--max-gen"", ""100"", ""--edge-epsilon"", ""1e-06"", ""--save-generation-trace"", ""true"", ""--save-linkage-events"", ""false"", ""--save-graph-snapshots"", ""false"", ""--graph-snapshot-interval"", ""1"", ""--graph-snapshot-min-weight"", ""0.0"", ""--lr-gap-gen"", ""1"", ""--lr-min-samples"", ""10"", ""--lr-sparse-alpha"", ""0.001"", ""--lr-auto-alpha"", ""true"", ""--lr-alpha-c"", ""0.2"", ""--lr-delta"", ""0.05"", ""--lr-auto-min-samples"", ""true"", ""--lr-min-samples-c"", ""2.0"", ""--lr-stability-subsamples"", ""0"", ""--lr-stability-fraction"", ""0.75"", ""--lr-edge-min-weight"", ""0.0"", ""--lr-encoding"", ""binary"", ""--lr-solver"", ""auto"", ""--lr-matrix-free-threshold"", ""700"", ""--lr-matrix-free-max-iter"", ""8"", ""--lr-matrix-free-tol"", ""0.0001"", ""--lr-matrix-free-step-scale"", ""0.5"", ""--lr-matrix-free-dtype"", ""float32"", ""--build-building-blocks"", ""true"", ""--bb-weight-mode"", ""positive"", ""--bb-search-mode"", ""uniform"", ""--bb-min-block-size"", ""2"", ""--bb-max-blocks"", ""20"", ""--bb-snapshot-interval"", ""1"", ""--bb-external-penalty"", ""0.25"", ""--bb-size-penalty"", ""0.01"", ""--bb-pattern-top-fraction"", ""0.2"", ""--bb-pattern-min-support"", ""2"", ""--bb-refine-fraction"", ""0.2"", ""--bb-accept-equal-sparser"", ""true"", ""--bb-shuffle-blocks"", ""true"", ""--bb-signed-repair-probability"", ""0.75"", ""--pre-lr-explore"", ""false"", ""--pre-lr-mutation-multiplier"", ""3.0"", ""--pre-lr-immigrant-rate"", ""0.1"", ""--artifact-layout"", ""nested"", ""--write-aggregate-outputs"", ""false"", ""--lr-expected-edges"", ""60"", ""--lr-refit-expected-edges"", ""30"", ""--bb-gawll-update-interval"", ""10"", ""--bb-max-refine-trials"", ""10"", ""--repeat-id"", ""2"", ""--outer-fold-id"", ""3""]"
216,Bioresponse_task363620,2,2,0,0,..\Results\results_fs_uniform_positive_medium_highdim\Bioresponse_task363620\blur_ga_pairwise_lasso_uniform_positive_binary_nopre,"[""Bioresponse_task363620"", ""2"", ""2"", ""--data-dir"", ""../Dataset/prepared_feature_selection"", ""--output-dir"", ""..\\Results\\results_fs_uniform_positive_medium_highdim\\Bioresponse_task363620\\blur_ga_pairwise_lasso_uniform_positive_binary_nopre"", ""--outer-folds"", ""4"", ""--inner-folds"", ""4"", ""--repeats"", ""3"", ""--seed"", ""1"", ""--shuffle"", ""true"", ""--popsize"", ""100"", ""--p-cross"", ""0.4"", ""--tournament-size"", ""3"", ""--tau-reset"", ""50"", ""--resetpop-rate"", ""0.99"", ""--local-search"", ""false"", ""--stop"", ""gen"", ""--max-gen"", ""100"", ""--edge-epsilon"", ""1e-06"", ""--save-generation-trace"", ""true"", ""--save-linkage-events"", ""false"", ""--save-graph-snapshots"", ""false"", ""--graph-snapshot-interval"", ""1"", ""--graph-snapshot-min-weight"", ""0.0"", ""--lr-gap-gen"", ""1"", ""--lr-min-samples"", ""10"", ""--lr-sparse-alpha"", ""0.001"", ""--lr-auto-alpha"", ""true"", ""--lr-alpha-c"", ""0.2"", ""--lr-delta"", ""0.05"", ""--lr-auto-min-samples"", ""true"", ""--lr-min-samples-c"", ""2.0"", ""--lr-stability-subsamples"", ""0"", ""--lr-stability-fraction"", ""0.75"", ""--lr-edge-min-weight"", ""0.0"", ""--lr-encoding"", ""binary"", ""--lr-solver"", ""auto"", ""--lr-matrix-free-threshold"", ""700"", ""--lr-matrix-free-max-iter"", ""8"", ""--lr-matrix-free-tol"", ""0.0001"", ""--lr-matrix-free-step-scale"", ""0.5"", ""--lr-matrix-free-dtype"", ""float32"", ""--build-building-blocks"", ""true"", ""--bb-weight-mode"", ""positive"", ""--bb-search-mode"", ""uniform"", ""--bb-min-block-size"", ""2"", ""--bb-max-blocks"", ""20"", ""--bb-snapshot-interval"", ""1"", ""--bb-external-penalty"", ""0.25"", ""--bb-size-penalty"", ""0.01"", ""--bb-pattern-top-fraction"", ""0.2"", ""--bb-pattern-min-support"", ""2"", ""--bb-refine-fraction"", ""0.2"", ""--bb-accept-equal-sparser"", ""true"", ""--bb-shuffle-blocks"", ""true"", ""--bb-signed-repair-probability"", ""0.75"", ""--pre-lr-explore"", ""false"", ""--pre-lr-mutation-multiplier"", ""3.0"", ""--pre-lr-immigrant-rate"", ""0.1"", ""--artifact-layout"", ""nested"", ""--write-aggregate-outputs"", ""false"", ""--lr-expected-edges"", ""60"", ""--lr-refit-expected-edges"", ""30"", ""--bb-gawll-update-interval"", ""10"", ""--bb-max-refine-trials"", ""10"", ""--repeat-id"", ""0"", ""--outer-fold-id"", ""0""]"
217,Bioresponse_task363620,2,2,0,1,..\Results\results_fs_uniform_positive_medium_highdim\Bioresponse_task363620\blur_ga_pairwise_lasso_uniform_positive_binary_nopre,"[""Bioresponse_task363620"", ""2"", ""2"", ""--data-dir"", ""../Dataset/prepared_feature_selection"", ""--output-dir"", ""..\\Results\\results_fs_uniform_positive_medium_highdim\\Bioresponse_task363620\\blur_ga_pairwise_lasso_uniform_positive_binary_nopre"", ""--outer-folds"", ""4"", ""--inner-folds"", ""4"", ""--repeats"", ""3"", ""--seed"", ""1"", ""--shuffle"", ""true"", ""--popsize"", ""100"", ""--p-cross"", ""0.4"", ""--tournament-size"", ""3"", ""--tau-reset"", ""50"", ""--resetpop-rate"", ""0.99"", ""--local-search"", ""false"", ""--stop"", ""gen"", ""--max-gen"", ""100"", ""--edge-epsilon"", ""1e-06"", ""--save-generation-trace"", ""true"", ""--save-linkage-events"", ""false"", ""--save-graph-snapshots"", ""false"", ""--graph-snapshot-interval"", ""1"", ""--graph-snapshot-min-weight"", ""0.0"", ""--lr-gap-gen"", ""1"", ""--lr-min-samples"", ""10"", ""--lr-sparse-alpha"", ""0.001"", ""--lr-auto-alpha"", ""true"", ""--lr-alpha-c"", ""0.2"", ""--lr-delta"", ""0.05"", ""--lr-auto-min-samples"", ""true"", ""--lr-min-samples-c"", ""2.0"", ""--lr-stability-subsamples"", ""0"", ""--lr-stability-fraction"", ""0.75"", ""--lr-edge-min-weight"", ""0.0"", ""--lr-encoding"", ""binary"", ""--lr-solver"", ""auto"", ""--lr-matrix-free-threshold"", ""700"", ""--lr-matrix-free-max-iter"", ""8"", ""--lr-matrix-free-tol"", ""0.0001"", ""--lr-matrix-free-step-scale"", ""0.5"", ""--lr-matrix-free-dtype"", ""float32"", ""--build-building-blocks"", ""true"", ""--bb-weight-mode"", ""positive"", ""--bb-search-mode"", ""uniform"", ""--bb-min-block-size"", ""2"", ""--bb-max-blocks"", ""20"", ""--bb-snapshot-interval"", ""1"", ""--bb-external-penalty"", ""0.25"", ""--bb-size-penalty"", ""0.01"", ""--bb-pattern-top-fraction"", ""0.2"", ""--bb-pattern-min-support"", ""2"", ""--bb-refine-fraction"", ""0.2"", ""--bb-accept-equal-sparser"", ""true"", ""--bb-shuffle-blocks"", ""true"", ""--bb-signed-repair-probability"", ""0.75"", ""--pre-lr-explore"", ""false"", ""--pre-lr-mutation-multiplier"", ""3.0"", ""--pre-lr-immigrant-rate"", ""0.1"", ""--artifact-layout"", ""nested"", ""--write-aggregate-outputs"", ""false"", ""--lr-expected-edges"", ""60"", ""--lr-refit-expected-edges"", ""30"", ""--bb-gawll-update-interval"", ""10"", ""--bb-max-refine-trials"", ""10"", ""--repeat-id"", ""0"", ""--outer-fold-id"", ""1""]"
218,Bioresponse_task363620,2,2,0,2,..\Results\results_fs_uniform_positive_medium_highdim\Bioresponse_task363620\blur_ga_pairwise_lasso_uniform_positive_binary_nopre,"[""Bioresponse_task363620"", ""2"", ""2"", ""--data-dir"", ""../Dataset/prepared_feature_selection"", ""--output-dir"", ""..\\Results\\results_fs_uniform_positive_medium_highdim\\Bioresponse_task363620\\blur_ga_pairwise_lasso_uniform_positive_binary_nopre"", ""--outer-folds"", ""4"", ""--inner-folds"", ""4"", ""--repeats"", ""3"", ""--seed"", ""1"", ""--shuffle"", ""true"", ""--popsize"", ""100"", ""--p-cross"", ""0.4"", ""--tournament-size"", ""3"", ""--tau-reset"", ""50"", ""--resetpop-rate"", ""0.99"", ""--local-search"", ""false"", ""--stop"", ""gen"", ""--max-gen"", ""100"", ""--edge-epsilon"", ""1e-06"", ""--save-generation-trace"", ""true"", ""--save-linkage-events"", ""false"", ""--save-graph-snapshots"", ""false"", ""--graph-snapshot-interval"", ""1"", ""--graph-snapshot-min-weight"", ""0.0"", ""--lr-gap-gen"", ""1"", ""--lr-min-samples"", ""10"", ""--lr-sparse-alpha"", ""0.001"", ""--lr-auto-alpha"", ""true"", ""--lr-alpha-c"", ""0.2"", ""--lr-delta"", ""0.05"", ""--lr-auto-min-samples"", ""true"", ""--lr-min-samples-c"", ""2.0"", ""--lr-stability-subsamples"", ""0"", ""--lr-stability-fraction"", ""0.75"", ""--lr-edge-min-weight"", ""0.0"", ""--lr-encoding"", ""binary"", ""--lr-solver"", ""auto"", ""--lr-matrix-free-threshold"", ""700"", ""--lr-matrix-free-max-iter"", ""8"", ""--lr-matrix-free-tol"", ""0.0001"", ""--lr-matrix-free-step-scale"", ""0.5"", ""--lr-matrix-free-dtype"", ""float32"", ""--build-building-blocks"", ""true"", ""--bb-weight-mode"", ""positive"", ""--bb-search-mode"", ""uniform"", ""--bb-min-block-size"", ""2"", ""--bb-max-blocks"", ""20"", ""--bb-snapshot-interval"", ""1"", ""--bb-external-penalty"", ""0.25"", ""--bb-size-penalty"", ""0.01"", ""--bb-pattern-top-fraction"", ""0.2"", ""--bb-pattern-min-support"", ""2"", ""--bb-refine-fraction"", ""0.2"", ""--bb-accept-equal-sparser"", ""true"", ""--bb-shuffle-blocks"", ""true"", ""--bb-signed-repair-probability"", ""0.75"", ""--pre-lr-explore"", ""false"", ""--pre-lr-mutation-multiplier"", ""3.0"", ""--pre-lr-immigrant-rate"", ""0.1"", ""--artifact-layout"", ""nested"", ""--write-aggregate-outputs"", ""false"", ""--lr-expected-edges"", ""60"", ""--lr-refit-expected-edges"", ""30"", ""--bb-gawll-update-interval"", ""10"", ""--bb-max-refine-trials"", ""10"", ""--repeat-id"", ""0"", ""--outer-fold-id"", ""2""]"
219,Bioresponse_task363620,2,2,0,3,..\Results\results_fs_uniform_positive_medium_highdim\Bioresponse_task363620\blur_ga_pairwise_lasso_uniform_positive_binary_nopre,"[""Bioresponse_task363620"", ""2"", ""2"", ""--data-dir"", ""../Dataset/prepared_feature_selection"", ""--output-dir"", ""..\\Results\\results_fs_uniform_positive_medium_highdim\\Bioresponse_task363620\\blur_ga_pairwise_lasso_uniform_positive_binary_nopre"", ""--outer-folds"", ""4"", ""--inner-folds"", ""4"", ""--repeats"", ""3"", ""--seed"", ""1"", ""--shuffle"", ""true"", ""--popsize"", ""100"", ""--p-cross"", ""0.4"", ""--tournament-size"", ""3"", ""--tau-reset"", ""50"", ""--resetpop-rate"", ""0.99"", ""--local-search"", ""false"", ""--stop"", ""gen"", ""--max-gen"", ""100"", ""--edge-epsilon"", ""1e-06"", ""--save-generation-trace"", ""true"", ""--save-linkage-events"", ""false"", ""--save-graph-snapshots"", ""false"", ""--graph-snapshot-interval"", ""1"", ""--graph-snapshot-min-weight"", ""0.0"", ""--lr-gap-gen"", ""1"", ""--lr-min-samples"", ""10"", ""--lr-sparse-alpha"", ""0.001"", ""--lr-auto-alpha"", ""true"", ""--lr-alpha-c"", ""0.2"", ""--lr-delta"", ""0.05"", ""--lr-auto-min-samples"", ""true"", ""--lr-min-samples-c"", ""2.0"", ""--lr-stability-subsamples"", ""0"", ""--lr-stability-fraction"", ""0.75"", ""--lr-edge-min-weight"", ""0.0"", ""--lr-encoding"", ""binary"", ""--lr-solver"", ""auto"", ""--lr-matrix-free-threshold"", ""700"", ""--lr-matrix-free-max-iter"", ""8"", ""--lr-matrix-free-tol"", ""0.0001"", ""--lr-matrix-free-step-scale"", ""0.5"", ""--lr-matrix-free-dtype"", ""float32"", ""--build-building-blocks"", ""true"", ""--bb-weight-mode"", ""positive"", ""--bb-search-mode"", ""uniform"", ""--bb-min-block-size"", ""2"", ""--bb-max-blocks"", ""20"", ""--bb-snapshot-interval"", ""1"", ""--bb-external-penalty"", ""0.25"", ""--bb-size-penalty"", ""0.01"", ""--bb-pattern-top-fraction"", ""0.2"", ""--bb-pattern-min-support"", ""2"", ""--bb-refine-fraction"", ""0.2"", ""--bb-accept-equal-sparser"", ""true"", ""--bb-shuffle-blocks"", ""true"", ""--bb-signed-repair-probability"", ""0.75"", ""--pre-lr-explore"", ""false"", ""--pre-lr-mutation-multiplier"", ""3.0"", ""--pre-lr-immigrant-rate"", ""0.1"", ""--artifact-layout"", ""nested"", ""--write-aggregate-outputs"", ""false"", ""--lr-expected-edges"", ""60"", ""--lr-refit-expected-edges"", ""30"", ""--bb-gawll-update-interval"", ""10"", ""--bb-max-refine-trials"", ""10"", ""--repeat-id"", ""0"", ""--outer-fold-id"", ""3""]"
220,Bioresponse_task363620,2,2,1,0,..\Results\results_fs_uniform_positive_medium_highdim\Bioresponse_task363620\blur_ga_pairwise_lasso_uniform_positive_binary_nopre,"[""Bioresponse_task363620"", ""2"", ""2"", ""--data-dir"", ""../Dataset/prepared_feature_selection"", ""--output-dir"", ""..\\Results\\results_fs_uniform_positive_medium_highdim\\Bioresponse_task363620\\blur_ga_pairwise_lasso_uniform_positive_binary_nopre"", ""--outer-folds"", ""4"", ""--inner-folds"", ""4"", ""--repeats"", ""3"", ""--seed"", ""1"", ""--shuffle"", ""true"", ""--popsize"", ""100"", ""--p-cross"", ""0.4"", ""--tournament-size"", ""3"", ""--tau-reset"", ""50"", ""--resetpop-rate"", ""0.99"", ""--local-search"", ""false"", ""--stop"", ""gen"", ""--max-gen"", ""100"", ""--edge-epsilon"", ""1e-06"", ""--save-generation-trace"", ""true"", ""--save-linkage-events"", ""false"", ""--save-graph-snapshots"", ""false"", ""--graph-snapshot-interval"", ""1"", ""--graph-snapshot-min-weight"", ""0.0"", ""--lr-gap-gen"", ""1"", ""--lr-min-samples"", ""10"", ""--lr-sparse-alpha"", ""0.001"", ""--lr-auto-alpha"", ""true"", ""--lr-alpha-c"", ""0.2"", ""--lr-delta"", ""0.05"", ""--lr-auto-min-samples"", ""true"", ""--lr-min-samples-c"", ""2.0"", ""--lr-stability-subsamples"", ""0"", ""--lr-stability-fraction"", ""0.75"", ""--lr-edge-min-weight"", ""0.0"", ""--lr-encoding"", ""binary"", ""--lr-solver"", ""auto"", ""--lr-matrix-free-threshold"", ""700"", ""--lr-matrix-free-max-iter"", ""8"", ""--lr-matrix-free-tol"", ""0.0001"", ""--lr-matrix-free-step-scale"", ""0.5"", ""--lr-matrix-free-dtype"", ""float32"", ""--build-building-blocks"", ""true"", ""--bb-weight-mode"", ""positive"", ""--bb-search-mode"", ""uniform"", ""--bb-min-block-size"", ""2"", ""--bb-max-blocks"", ""20"", ""--bb-snapshot-interval"", ""1"", ""--bb-external-penalty"", ""0.25"", ""--bb-size-penalty"", ""0.01"", ""--bb-pattern-top-fraction"", ""0.2"", ""--bb-pattern-min-support"", ""2"", ""--bb-refine-fraction"", ""0.2"", ""--bb-accept-equal-sparser"", ""true"", ""--bb-shuffle-blocks"", ""true"", ""--bb-signed-repair-probability"", ""0.75"", ""--pre-lr-explore"", ""false"", ""--pre-lr-mutation-multiplier"", ""3.0"", ""--pre-lr-immigrant-rate"", ""0.1"", ""--artifact-layout"", ""nested"", ""--write-aggregate-outputs"", ""false"", ""--lr-expected-edges"", ""60"", ""--lr-refit-expected-edges"", ""30"", ""--bb-gawll-update-interval"", ""10"", ""--bb-max-refine-trials"", ""10"", ""--repeat-id"", ""1"", ""--outer-fold-id"", ""0""]"
221,Bioresponse_task363620,2,2,1,1,..\Results\results_fs_uniform_positive_medium_highdim\Bioresponse_task363620\blur_ga_pairwise_lasso_uniform_positive_binary_nopre,"[""Bioresponse_task363620"", ""2"", ""2"", ""--data-dir"", ""../Dataset/prepared_feature_selection"", ""--output-dir"", ""..\\Results\\results_fs_uniform_positive_medium_highdim\\Bioresponse_task363620\\blur_ga_pairwise_lasso_uniform_positive_binary_nopre"", ""--outer-folds"", ""4"", ""--inner-folds"", ""4"", ""--repeats"", ""3"", ""--seed"", ""1"", ""--shuffle"", ""true"", ""--popsize"", ""100"", ""--p-cross"", ""0.4"", ""--tournament-size"", ""3"", ""--tau-reset"", ""50"", ""--resetpop-rate"", ""0.99"", ""--local-search"", ""false"", ""--stop"", ""gen"", ""--max-gen"", ""100"", ""--edge-epsilon"", ""1e-06"", ""--save-generation-trace"", ""true"", ""--save-linkage-events"", ""false"", ""--save-graph-snapshots"", ""false"", ""--graph-snapshot-interval"", ""1"", ""--graph-snapshot-min-weight"", ""0.0"", ""--lr-gap-gen"", ""1"", ""--lr-min-samples"", ""10"", ""--lr-sparse-alpha"", ""0.001"", ""--lr-auto-alpha"", ""true"", ""--lr-alpha-c"", ""0.2"", ""--lr-delta"", ""0.05"", ""--lr-auto-min-samples"", ""true"", ""--lr-min-samples-c"", ""2.0"", ""--lr-stability-subsamples"", ""0"", ""--lr-stability-fraction"", ""0.75"", ""--lr-edge-min-weight"", ""0.0"", ""--lr-encoding"", ""binary"", ""--lr-solver"", ""auto"", ""--lr-matrix-free-threshold"", ""700"", ""--lr-matrix-free-max-iter"", ""8"", ""--lr-matrix-free-tol"", ""0.0001"", ""--lr-matrix-free-step-scale"", ""0.5"", ""--lr-matrix-free-dtype"", ""float32"", ""--build-building-blocks"", ""true"", ""--bb-weight-mode"", ""positive"", ""--bb-search-mode"", ""uniform"", ""--bb-min-block-size"", ""2"", ""--bb-max-blocks"", ""20"", ""--bb-snapshot-interval"", ""1"", ""--bb-external-penalty"", ""0.25"", ""--bb-size-penalty"", ""0.01"", ""--bb-pattern-top-fraction"", ""0.2"", ""--bb-pattern-min-support"", ""2"", ""--bb-refine-fraction"", ""0.2"", ""--bb-accept-equal-sparser"", ""true"", ""--bb-shuffle-blocks"", ""true"", ""--bb-signed-repair-probability"", ""0.75"", ""--pre-lr-explore"", ""false"", ""--pre-lr-mutation-multiplier"", ""3.0"", ""--pre-lr-immigrant-rate"", ""0.1"", ""--artifact-layout"", ""nested"", ""--write-aggregate-outputs"", ""false"", ""--lr-expected-edges"", ""60"", ""--lr-refit-expected-edges"", ""30"", ""--bb-gawll-update-interval"", ""10"", ""--bb-max-refine-trials"", ""10"", ""--repeat-id"", ""1"", ""--outer-fold-id"", ""1""]"
222,Bioresponse_task363620,2,2,1,2,..\Results\results_fs_uniform_positive_medium_highdim\Bioresponse_task363620\blur_ga_pairwise_lasso_uniform_positive_binary_nopre,"[""Bioresponse_task363620"", ""2"", ""2"", ""--data-dir"", ""../Dataset/prepared_feature_selection"", ""--output-dir"", ""..\\Results\\results_fs_uniform_positive_medium_highdim\\Bioresponse_task363620\\blur_ga_pairwise_lasso_uniform_positive_binary_nopre"", ""--outer-folds"", ""4"", ""--inner-folds"", ""4"", ""--repeats"", ""3"", ""--seed"", ""1"", ""--shuffle"", ""true"", ""--popsize"", ""100"", ""--p-cross"", ""0.4"", ""--tournament-size"", ""3"", ""--tau-reset"", ""50"", ""--resetpop-rate"", ""0.99"", ""--local-search"", ""false"", ""--stop"", ""gen"", ""--max-gen"", ""100"", ""--edge-epsilon"", ""1e-06"", ""--save-generation-trace"", ""true"", ""--save-linkage-events"", ""false"", ""--save-graph-snapshots"", ""false"", ""--graph-snapshot-interval"", ""1"", ""--graph-snapshot-min-weight"", ""0.0"", ""--lr-gap-gen"", ""1"", ""--lr-min-samples"", ""10"", ""--lr-sparse-alpha"", ""0.001"", ""--lr-auto-alpha"", ""true"", ""--lr-alpha-c"", ""0.2"", ""--lr-delta"", ""0.05"", ""--lr-auto-min-samples"", ""true"", ""--lr-min-samples-c"", ""2.0"", ""--lr-stability-subsamples"", ""0"", ""--lr-stability-fraction"", ""0.75"", ""--lr-edge-min-weight"", ""0.0"", ""--lr-encoding"", ""binary"", ""--lr-solver"", ""auto"", ""--lr-matrix-free-threshold"", ""700"", ""--lr-matrix-free-max-iter"", ""8"", ""--lr-matrix-free-tol"", ""0.0001"", ""--lr-matrix-free-step-scale"", ""0.5"", ""--lr-matrix-free-dtype"", ""float32"", ""--build-building-blocks"", ""true"", ""--bb-weight-mode"", ""positive"", ""--bb-search-mode"", ""uniform"", ""--bb-min-block-size"", ""2"", ""--bb-max-blocks"", ""20"", ""--bb-snapshot-interval"", ""1"", ""--bb-external-penalty"", ""0.25"", ""--bb-size-penalty"", ""0.01"", ""--bb-pattern-top-fraction"", ""0.2"", ""--bb-pattern-min-support"", ""2"", ""--bb-refine-fraction"", ""0.2"", ""--bb-accept-equal-sparser"", ""true"", ""--bb-shuffle-blocks"", ""true"", ""--bb-signed-repair-probability"", ""0.75"", ""--pre-lr-explore"", ""false"", ""--pre-lr-mutation-multiplier"", ""3.0"", ""--pre-lr-immigrant-rate"", ""0.1"", ""--artifact-layout"", ""nested"", ""--write-aggregate-outputs"", ""false"", ""--lr-expected-edges"", ""60"", ""--lr-refit-expected-edges"", ""30"", ""--bb-gawll-update-interval"", ""10"", ""--bb-max-refine-trials"", ""10"", ""--repeat-id"", ""1"", ""--outer-fold-id"", ""2""]"
223,Bioresponse_task363620,2,2,1,3,..\Results\results_fs_uniform_positive_medium_highdim\Bioresponse_task363620\blur_ga_pairwise_lasso_uniform_positive_binary_nopre,"[""Bioresponse_task363620"", ""2"", ""2"", ""--data-dir"", ""../Dataset/prepared_feature_selection"", ""--output-dir"", ""..\\Results\\results_fs_uniform_positive_medium_highdim\\Bioresponse_task363620\\blur_ga_pairwise_lasso_uniform_positive_binary_nopre"", ""--outer-folds"", ""4"", ""--inner-folds"", ""4"", ""--repeats"", ""3"", ""--seed"", ""1"", ""--shuffle"", ""true"", ""--popsize"", ""100"", ""--p-cross"", ""0.4"", ""--tournament-size"", ""3"", ""--tau-reset"", ""50"", ""--resetpop-rate"", ""0.99"", ""--local-search"", ""false"", ""--stop"", ""gen"", ""--max-gen"", ""100"", ""--edge-epsilon"", ""1e-06"", ""--save-generation-trace"", ""true"", ""--save-linkage-events"", ""false"", ""--save-graph-snapshots"", ""false"", ""--graph-snapshot-interval"", ""1"", ""--graph-snapshot-min-weight"", ""0.0"", ""--lr-gap-gen"", ""1"", ""--lr-min-samples"", ""10"", ""--lr-sparse-alpha"", ""0.001"", ""--lr-auto-alpha"", ""true"", ""--lr-alpha-c"", ""0.2"", ""--lr-delta"", ""0.05"", ""--lr-auto-min-samples"", ""true"", ""--lr-min-samples-c"", ""2.0"", ""--lr-stability-subsamples"", ""0"", ""--lr-stability-fraction"", ""0.75"", ""--lr-edge-min-weight"", ""0.0"", ""--lr-encoding"", ""binary"", ""--lr-solver"", ""auto"", ""--lr-matrix-free-threshold"", ""700"", ""--lr-matrix-free-max-iter"", ""8"", ""--lr-matrix-free-tol"", ""0.0001"", ""--lr-matrix-free-step-scale"", ""0.5"", ""--lr-matrix-free-dtype"", ""float32"", ""--build-building-blocks"", ""true"", ""--bb-weight-mode"", ""positive"", ""--bb-search-mode"", ""uniform"", ""--bb-min-block-size"", ""2"", ""--bb-max-blocks"", ""20"", ""--bb-snapshot-interval"", ""1"", ""--bb-external-penalty"", ""0.25"", ""--bb-size-penalty"", ""0.01"", ""--bb-pattern-top-fraction"", ""0.2"", ""--bb-pattern-min-support"", ""2"", ""--bb-refine-fraction"", ""0.2"", ""--bb-accept-equal-sparser"", ""true"", ""--bb-shuffle-blocks"", ""true"", ""--bb-signed-repair-probability"", ""0.75"", ""--pre-lr-explore"", ""false"", ""--pre-lr-mutation-multiplier"", ""3.0"", ""--pre-lr-immigrant-rate"", ""0.1"", ""--artifact-layout"", ""nested"", ""--write-aggregate-outputs"", ""false"", ""--lr-expected-edges"", ""60"", ""--lr-refit-expected-edges"", ""30"", ""--bb-gawll-update-interval"", ""10"", ""--bb-max-refine-trials"", ""10"", ""--repeat-id"", ""1"", ""--outer-fold-id"", ""3""]"
224,Bioresponse_task363620,2,2,2,0,..\Results\results_fs_uniform_positive_medium_highdim\Bioresponse_task363620\blur_ga_pairwise_lasso_uniform_positive_binary_nopre,"[""Bioresponse_task363620"", ""2"", ""2"", ""--data-dir"", ""../Dataset/prepared_feature_selection"", ""--output-dir"", ""..\\Results\\results_fs_uniform_positive_medium_highdim\\Bioresponse_task363620\\blur_ga_pairwise_lasso_uniform_positive_binary_nopre"", ""--outer-folds"", ""4"", ""--inner-folds"", ""4"", ""--repeats"", ""3"", ""--seed"", ""1"", ""--shuffle"", ""true"", ""--popsize"", ""100"", ""--p-cross"", ""0.4"", ""--tournament-size"", ""3"", ""--tau-reset"", ""50"", ""--resetpop-rate"", ""0.99"", ""--local-search"", ""false"", ""--stop"", ""gen"", ""--max-gen"", ""100"", ""--edge-epsilon"", ""1e-06"", ""--save-generation-trace"", ""true"", ""--save-linkage-events"", ""false"", ""--save-graph-snapshots"", ""false"", ""--graph-snapshot-interval"", ""1"", ""--graph-snapshot-min-weight"", ""0.0"", ""--lr-gap-gen"", ""1"", ""--lr-min-samples"", ""10"", ""--lr-sparse-alpha"", ""0.001"", ""--lr-auto-alpha"", ""true"", ""--lr-alpha-c"", ""0.2"", ""--lr-delta"", ""0.05"", ""--lr-auto-min-samples"", ""true"", ""--lr-min-samples-c"", ""2.0"", ""--lr-stability-subsamples"", ""0"", ""--lr-stability-fraction"", ""0.75"", ""--lr-edge-min-weight"", ""0.0"", ""--lr-encoding"", ""binary"", ""--lr-solver"", ""auto"", ""--lr-matrix-free-threshold"", ""700"", ""--lr-matrix-free-max-iter"", ""8"", ""--lr-matrix-free-tol"", ""0.0001"", ""--lr-matrix-free-step-scale"", ""0.5"", ""--lr-matrix-free-dtype"", ""float32"", ""--build-building-blocks"", ""true"", ""--bb-weight-mode"", ""positive"", ""--bb-search-mode"", ""uniform"", ""--bb-min-block-size"", ""2"", ""--bb-max-blocks"", ""20"", ""--bb-snapshot-interval"", ""1"", ""--bb-external-penalty"", ""0.25"", ""--bb-size-penalty"", ""0.01"", ""--bb-pattern-top-fraction"", ""0.2"", ""--bb-pattern-min-support"", ""2"", ""--bb-refine-fraction"", ""0.2"", ""--bb-accept-equal-sparser"", ""true"", ""--bb-shuffle-blocks"", ""true"", ""--bb-signed-repair-probability"", ""0.75"", ""--pre-lr-explore"", ""false"", ""--pre-lr-mutation-multiplier"", ""3.0"", ""--pre-lr-immigrant-rate"", ""0.1"", ""--artifact-layout"", ""nested"", ""--write-aggregate-outputs"", ""false"", ""--lr-expected-edges"", ""60"", ""--lr-refit-expected-edges"", ""30"", ""--bb-gawll-update-interval"", ""10"", ""--bb-max-refine-trials"", ""10"", ""--repeat-id"", ""2"", ""--outer-fold-id"", ""0""]"
225,Bioresponse_task363620,2,2,2,1,..\Results\results_fs_uniform_positive_medium_highdim\Bioresponse_task363620\blur_ga_pairwise_lasso_uniform_positive_binary_nopre,"[""Bioresponse_task363620"", ""2"", ""2"", ""--data-dir"", ""../Dataset/prepared_feature_selection"", ""--output-dir"", ""..\\Results\\results_fs_uniform_positive_medium_highdim\\Bioresponse_task363620\\blur_ga_pairwise_lasso_uniform_positive_binary_nopre"", ""--outer-folds"", ""4"", ""--inner-folds"", ""4"", ""--repeats"", ""3"", ""--seed"", ""1"", ""--shuffle"", ""true"", ""--popsize"", ""100"", ""--p-cross"", ""0.4"", ""--tournament-size"", ""3"", ""--tau-reset"", ""50"", ""--resetpop-rate"", ""0.99"", ""--local-search"", ""false"", ""--stop"", ""gen"", ""--max-gen"", ""100"", ""--edge-epsilon"", ""1e-06"", ""--save-generation-trace"", ""true"", ""--save-linkage-events"", ""false"", ""--save-graph-snapshots"", ""false"", ""--graph-snapshot-interval"", ""1"", ""--graph-snapshot-min-weight"", ""0.0"", ""--lr-gap-gen"", ""1"", ""--lr-min-samples"", ""10"", ""--lr-sparse-alpha"", ""0.001"", ""--lr-auto-alpha"", ""true"", ""--lr-alpha-c"", ""0.2"", ""--lr-delta"", ""0.05"", ""--lr-auto-min-samples"", ""true"", ""--lr-min-samples-c"", ""2.0"", ""--lr-stability-subsamples"", ""0"", ""--lr-stability-fraction"", ""0.75"", ""--lr-edge-min-weight"", ""0.0"", ""--lr-encoding"", ""binary"", ""--lr-solver"", ""auto"", ""--lr-matrix-free-threshold"", ""700"", ""--lr-matrix-free-max-iter"", ""8"", ""--lr-matrix-free-tol"", ""0.0001"", ""--lr-matrix-free-step-scale"", ""0.5"", ""--lr-matrix-free-dtype"", ""float32"", ""--build-building-blocks"", ""true"", ""--bb-weight-mode"", ""positive"", ""--bb-search-mode"", ""uniform"", ""--bb-min-block-size"", ""2"", ""--bb-max-blocks"", ""20"", ""--bb-snapshot-interval"", ""1"", ""--bb-external-penalty"", ""0.25"", ""--bb-size-penalty"", ""0.01"", ""--bb-pattern-top-fraction"", ""0.2"", ""--bb-pattern-min-support"", ""2"", ""--bb-refine-fraction"", ""0.2"", ""--bb-accept-equal-sparser"", ""true"", ""--bb-shuffle-blocks"", ""true"", ""--bb-signed-repair-probability"", ""0.75"", ""--pre-lr-explore"", ""false"", ""--pre-lr-mutation-multiplier"", ""3.0"", ""--pre-lr-immigrant-rate"", ""0.1"", ""--artifact-layout"", ""nested"", ""--write-aggregate-outputs"", ""false"", ""--lr-expected-edges"", ""60"", ""--lr-refit-expected-edges"", ""30"", ""--bb-gawll-update-interval"", ""10"", ""--bb-max-refine-trials"", ""10"", ""--repeat-id"", ""2"", ""--outer-fold-id"", ""1""]"
226,Bioresponse_task363620,2,2,2,2,..\Results\results_fs_uniform_positive_medium_highdim\Bioresponse_task363620\blur_ga_pairwise_lasso_uniform_positive_binary_nopre,"[""Bioresponse_task363620"", ""2"", ""2"", ""--data-dir"", ""../Dataset/prepared_feature_selection"", ""--output-dir"", ""..\\Results\\results_fs_uniform_positive_medium_highdim\\Bioresponse_task363620\\blur_ga_pairwise_lasso_uniform_positive_binary_nopre"", ""--outer-folds"", ""4"", ""--inner-folds"", ""4"", ""--repeats"", ""3"", ""--seed"", ""1"", ""--shuffle"", ""true"", ""--popsize"", ""100"", ""--p-cross"", ""0.4"", ""--tournament-size"", ""3"", ""--tau-reset"", ""50"", ""--resetpop-rate"", ""0.99"", ""--local-search"", ""false"", ""--stop"", ""gen"", ""--max-gen"", ""100"", ""--edge-epsilon"", ""1e-06"", ""--save-generation-trace"", ""true"", ""--save-linkage-events"", ""false"", ""--save-graph-snapshots"", ""false"", ""--graph-snapshot-interval"", ""1"", ""--graph-snapshot-min-weight"", ""0.0"", ""--lr-gap-gen"", ""1"", ""--lr-min-samples"", ""10"", ""--lr-sparse-alpha"", ""0.001"", ""--lr-auto-alpha"", ""true"", ""--lr-alpha-c"", ""0.2"", ""--lr-delta"", ""0.05"", ""--lr-auto-min-samples"", ""true"", ""--lr-min-samples-c"", ""2.0"", ""--lr-stability-subsamples"", ""0"", ""--lr-stability-fraction"", ""0.75"", ""--lr-edge-min-weight"", ""0.0"", ""--lr-encoding"", ""binary"", ""--lr-solver"", ""auto"", ""--lr-matrix-free-threshold"", ""700"", ""--lr-matrix-free-max-iter"", ""8"", ""--lr-matrix-free-tol"", ""0.0001"", ""--lr-matrix-free-step-scale"", ""0.5"", ""--lr-matrix-free-dtype"", ""float32"", ""--build-building-blocks"", ""true"", ""--bb-weight-mode"", ""positive"", ""--bb-search-mode"", ""uniform"", ""--bb-min-block-size"", ""2"", ""--bb-max-blocks"", ""20"", ""--bb-snapshot-interval"", ""1"", ""--bb-external-penalty"", ""0.25"", ""--bb-size-penalty"", ""0.01"", ""--bb-pattern-top-fraction"", ""0.2"", ""--bb-pattern-min-support"", ""2"", ""--bb-refine-fraction"", ""0.2"", ""--bb-accept-equal-sparser"", ""true"", ""--bb-shuffle-blocks"", ""true"", ""--bb-signed-repair-probability"", ""0.75"", ""--pre-lr-explore"", ""false"", ""--pre-lr-mutation-multiplier"", ""3.0"", ""--pre-lr-immigrant-rate"", ""0.1"", ""--artifact-layout"", ""nested"", ""--write-aggregate-outputs"", ""false"", ""--lr-expected-edges"", ""60"", ""--lr-refit-expected-edges"", ""30"", ""--bb-gawll-update-interval"", ""10"", ""--bb-max-refine-trials"", ""10"", ""--repeat-id"", ""2"", ""--outer-fold-id"", ""2""]"
227,Bioresponse_task363620,2,2,2,3,..\Results\results_fs_uniform_positive_medium_highdim\Bioresponse_task363620\blur_ga_pairwise_lasso_uniform_positive_binary_nopre,"[""Bioresponse_task363620"", ""2"", ""2"", ""--data-dir"", ""../Dataset/prepared_feature_selection"", ""--output-dir"", ""..\\Results\\results_fs_uniform_positive_medium_highdim\\Bioresponse_task363620\\blur_ga_pairwise_lasso_uniform_positive_binary_nopre"", ""--outer-folds"", ""4"", ""--inner-folds"", ""4"", ""--repeats"", ""3"", ""--seed"", ""1"", ""--shuffle"", ""true"", ""--popsize"", ""100"", ""--p-cross"", ""0.4"", ""--tournament-size"", ""3"", ""--tau-reset"", ""50"", ""--resetpop-rate"", ""0.99"", ""--local-search"", ""false"", ""--stop"", ""gen"", ""--max-gen"", ""100"", ""--edge-epsilon"", ""1e-06"", ""--save-generation-trace"", ""true"", ""--save-linkage-events"", ""false"", ""--save-graph-snapshots"", ""false"", ""--graph-snapshot-interval"", ""1"", ""--graph-snapshot-min-weight"", ""0.0"", ""--lr-gap-gen"", ""1"", ""--lr-min-samples"", ""10"", ""--lr-sparse-alpha"", ""0.001"", ""--lr-auto-alpha"", ""true"", ""--lr-alpha-c"", ""0.2"", ""--lr-delta"", ""0.05"", ""--lr-auto-min-samples"", ""true"", ""--lr-min-samples-c"", ""2.0"", ""--lr-stability-subsamples"", ""0"", ""--lr-stability-fraction"", ""0.75"", ""--lr-edge-min-weight"", ""0.0"", ""--lr-encoding"", ""binary"", ""--lr-solver"", ""auto"", ""--lr-matrix-free-threshold"", ""700"", ""--lr-matrix-free-max-iter"", ""8"", ""--lr-matrix-free-tol"", ""0.0001"", ""--lr-matrix-free-step-scale"", ""0.5"", ""--lr-matrix-free-dtype"", ""float32"", ""--build-building-blocks"", ""true"", ""--bb-weight-mode"", ""positive"", ""--bb-search-mode"", ""uniform"", ""--bb-min-block-size"", ""2"", ""--bb-max-blocks"", ""20"", ""--bb-snapshot-interval"", ""1"", ""--bb-external-penalty"", ""0.25"", ""--bb-size-penalty"", ""0.01"", ""--bb-pattern-top-fraction"", ""0.2"", ""--bb-pattern-min-support"", ""2"", ""--bb-refine-fraction"", ""0.2"", ""--bb-accept-equal-sparser"", ""true"", ""--bb-shuffle-blocks"", ""true"", ""--bb-signed-repair-probability"", ""0.75"", ""--pre-lr-explore"", ""false"", ""--pre-lr-mutation-multiplier"", ""3.0"", ""--pre-lr-immigrant-rate"", ""0.1"", ""--artifact-layout"", ""nested"", ""--write-aggregate-outputs"", ""false"", ""--lr-expected-edges"", ""60"", ""--lr-refit-expected-edges"", ""30"", ""--bb-gawll-update-interval"", ""10"", ""--bb-max-refine-trials"", ""10"", ""--repeat-id"", ""2"", ""--outer-fold-id"", ""3""]"
228,colon_asu,2,2,0,0,..\Results\results_fs_uniform_positive_medium_highdim\colon_asu\blur_ga_pairwise_lasso_uniform_positive_binary_nopre,"[""colon_asu"", ""2"", ""2"", ""--data-dir"", ""../Dataset/prepared_feature_selection"", ""--output-dir"", ""..\\Results\\results_fs_uniform_positive_medium_highdim\\colon_asu\\blur_ga_pairwise_lasso_uniform_positive_binary_nopre"", ""--outer-folds"", ""4"", ""--inner-folds"", ""4"", ""--repeats"", ""3"", ""--seed"", ""1"", ""--shuffle"", ""true"", ""--popsize"", ""100"", ""--p-cross"", ""0.4"", ""--tournament-size"", ""3"", ""--tau-reset"", ""50"", ""--resetpop-rate"", ""0.99"", ""--local-search"", ""false"", ""--stop"", ""gen"", ""--max-gen"", ""100"", ""--edge-epsilon"", ""1e-06"", ""--save-generation-trace"", ""true"", ""--save-linkage-events"", ""false"", ""--save-graph-snapshots"", ""false"", ""--graph-snapshot-interval"", ""1"", ""--graph-snapshot-min-weight"", ""0.0"", ""--lr-gap-gen"", ""1"", ""--lr-min-samples"", ""10"", ""--lr-sparse-alpha"", ""0.001"", ""--lr-auto-alpha"", ""true"", ""--lr-alpha-c"", ""0.2"", ""--lr-delta"", ""0.05"", ""--lr-auto-min-samples"", ""true"", ""--lr-min-samples-c"", ""2.0"", ""--lr-stability-subsamples"", ""0"", ""--lr-stability-fraction"", ""0.75"", ""--lr-edge-min-weight"", ""0.0"", ""--lr-encoding"", ""binary"", ""--lr-solver"", ""auto"", ""--lr-matrix-free-threshold"", ""700"", ""--lr-matrix-free-max-iter"", ""8"", ""--lr-matrix-free-tol"", ""0.0001"", ""--lr-matrix-free-step-scale"", ""0.5"", ""--lr-matrix-free-dtype"", ""float32"", ""--build-building-blocks"", ""true"", ""--bb-weight-mode"", ""positive"", ""--bb-search-mode"", ""uniform"", ""--bb-min-block-size"", ""2"", ""--bb-max-blocks"", ""20"", ""--bb-snapshot-interval"", ""1"", ""--bb-external-penalty"", ""0.25"", ""--bb-size-penalty"", ""0.01"", ""--bb-pattern-top-fraction"", ""0.2"", ""--bb-pattern-min-support"", ""2"", ""--bb-refine-fraction"", ""0.2"", ""--bb-accept-equal-sparser"", ""true"", ""--bb-shuffle-blocks"", ""true"", ""--bb-signed-repair-probability"", ""0.75"", ""--pre-lr-explore"", ""false"", ""--pre-lr-mutation-multiplier"", ""3.0"", ""--pre-lr-immigrant-rate"", ""0.1"", ""--artifact-layout"", ""nested"", ""--write-aggregate-outputs"", ""false"", ""--lr-expected-edges"", ""60"", ""--lr-refit-expected-edges"", ""30"", ""--bb-gawll-update-interval"", ""10"", ""--bb-max-refine-trials"", ""10"", ""--repeat-id"", ""0"", ""--outer-fold-id"", ""0""]"
229,colon_asu,2,2,0,1,..\Results\results_fs_uniform_positive_medium_highdim\colon_asu\blur_ga_pairwise_lasso_uniform_positive_binary_nopre,"[""colon_asu"", ""2"", ""2"", ""--data-dir"", ""../Dataset/prepared_feature_selection"", ""--output-dir"", ""..\\Results\\results_fs_uniform_positive_medium_highdim\\colon_asu\\blur_ga_pairwise_lasso_uniform_positive_binary_nopre"", ""--outer-folds"", ""4"", ""--inner-folds"", ""4"", ""--repeats"", ""3"", ""--seed"", ""1"", ""--shuffle"", ""true"", ""--popsize"", ""100"", ""--p-cross"", ""0.4"", ""--tournament-size"", ""3"", ""--tau-reset"", ""50"", ""--resetpop-rate"", ""0.99"", ""--local-search"", ""false"", ""--stop"", ""gen"", ""--max-gen"", ""100"", ""--edge-epsilon"", ""1e-06"", ""--save-generation-trace"", ""true"", ""--save-linkage-events"", ""false"", ""--save-graph-snapshots"", ""false"", ""--graph-snapshot-interval"", ""1"", ""--graph-snapshot-min-weight"", ""0.0"", ""--lr-gap-gen"", ""1"", ""--lr-min-samples"", ""10"", ""--lr-sparse-alpha"", ""0.001"", ""--lr-auto-alpha"", ""true"", ""--lr-alpha-c"", ""0.2"", ""--lr-delta"", ""0.05"", ""--lr-auto-min-samples"", ""true"", ""--lr-min-samples-c"", ""2.0"", ""--lr-stability-subsamples"", ""0"", ""--lr-stability-fraction"", ""0.75"", ""--lr-edge-min-weight"", ""0.0"", ""--lr-encoding"", ""binary"", ""--lr-solver"", ""auto"", ""--lr-matrix-free-threshold"", ""700"", ""--lr-matrix-free-max-iter"", ""8"", ""--lr-matrix-free-tol"", ""0.0001"", ""--lr-matrix-free-step-scale"", ""0.5"", ""--lr-matrix-free-dtype"", ""float32"", ""--build-building-blocks"", ""true"", ""--bb-weight-mode"", ""positive"", ""--bb-search-mode"", ""uniform"", ""--bb-min-block-size"", ""2"", ""--bb-max-blocks"", ""20"", ""--bb-snapshot-interval"", ""1"", ""--bb-external-penalty"", ""0.25"", ""--bb-size-penalty"", ""0.01"", ""--bb-pattern-top-fraction"", ""0.2"", ""--bb-pattern-min-support"", ""2"", ""--bb-refine-fraction"", ""0.2"", ""--bb-accept-equal-sparser"", ""true"", ""--bb-shuffle-blocks"", ""true"", ""--bb-signed-repair-probability"", ""0.75"", ""--pre-lr-explore"", ""false"", ""--pre-lr-mutation-multiplier"", ""3.0"", ""--pre-lr-immigrant-rate"", ""0.1"", ""--artifact-layout"", ""nested"", ""--write-aggregate-outputs"", ""false"", ""--lr-expected-edges"", ""60"", ""--lr-refit-expected-edges"", ""30"", ""--bb-gawll-update-interval"", ""10"", ""--bb-max-refine-trials"", ""10"", ""--repeat-id"", ""0"", ""--outer-fold-id"", ""1""]"
230,colon_asu,2,2,0,2,..\Results\results_fs_uniform_positive_medium_highdim\colon_asu\blur_ga_pairwise_lasso_uniform_positive_binary_nopre,"[""colon_asu"", ""2"", ""2"", ""--data-dir"", ""../Dataset/prepared_feature_selection"", ""--output-dir"", ""..\\Results\\results_fs_uniform_positive_medium_highdim\\colon_asu\\blur_ga_pairwise_lasso_uniform_positive_binary_nopre"", ""--outer-folds"", ""4"", ""--inner-folds"", ""4"", ""--repeats"", ""3"", ""--seed"", ""1"", ""--shuffle"", ""true"", ""--popsize"", ""100"", ""--p-cross"", ""0.4"", ""--tournament-size"", ""3"", ""--tau-reset"", ""50"", ""--resetpop-rate"", ""0.99"", ""--local-search"", ""false"", ""--stop"", ""gen"", ""--max-gen"", ""100"", ""--edge-epsilon"", ""1e-06"", ""--save-generation-trace"", ""true"", ""--save-linkage-events"", ""false"", ""--save-graph-snapshots"", ""false"", ""--graph-snapshot-interval"", ""1"", ""--graph-snapshot-min-weight"", ""0.0"", ""--lr-gap-gen"", ""1"", ""--lr-min-samples"", ""10"", ""--lr-sparse-alpha"", ""0.001"", ""--lr-auto-alpha"", ""true"", ""--lr-alpha-c"", ""0.2"", ""--lr-delta"", ""0.05"", ""--lr-auto-min-samples"", ""true"", ""--lr-min-samples-c"", ""2.0"", ""--lr-stability-subsamples"", ""0"", ""--lr-stability-fraction"", ""0.75"", ""--lr-edge-min-weight"", ""0.0"", ""--lr-encoding"", ""binary"", ""--lr-solver"", ""auto"", ""--lr-matrix-free-threshold"", ""700"", ""--lr-matrix-free-max-iter"", ""8"", ""--lr-matrix-free-tol"", ""0.0001"", ""--lr-matrix-free-step-scale"", ""0.5"", ""--lr-matrix-free-dtype"", ""float32"", ""--build-building-blocks"", ""true"", ""--bb-weight-mode"", ""positive"", ""--bb-search-mode"", ""uniform"", ""--bb-min-block-size"", ""2"", ""--bb-max-blocks"", ""20"", ""--bb-snapshot-interval"", ""1"", ""--bb-external-penalty"", ""0.25"", ""--bb-size-penalty"", ""0.01"", ""--bb-pattern-top-fraction"", ""0.2"", ""--bb-pattern-min-support"", ""2"", ""--bb-refine-fraction"", ""0.2"", ""--bb-accept-equal-sparser"", ""true"", ""--bb-shuffle-blocks"", ""true"", ""--bb-signed-repair-probability"", ""0.75"", ""--pre-lr-explore"", ""false"", ""--pre-lr-mutation-multiplier"", ""3.0"", ""--pre-lr-immigrant-rate"", ""0.1"", ""--artifact-layout"", ""nested"", ""--write-aggregate-outputs"", ""false"", ""--lr-expected-edges"", ""60"", ""--lr-refit-expected-edges"", ""30"", ""--bb-gawll-update-interval"", ""10"", ""--bb-max-refine-trials"", ""10"", ""--repeat-id"", ""0"", ""--outer-fold-id"", ""2""]"
231,colon_asu,2,2,0,3,..\Results\results_fs_uniform_positive_medium_highdim\colon_asu\blur_ga_pairwise_lasso_uniform_positive_binary_nopre,"[""colon_asu"", ""2"", ""2"", ""--data-dir"", ""../Dataset/prepared_feature_selection"", ""--output-dir"", ""..\\Results\\results_fs_uniform_positive_medium_highdim\\colon_asu\\blur_ga_pairwise_lasso_uniform_positive_binary_nopre"", ""--outer-folds"", ""4"", ""--inner-folds"", ""4"", ""--repeats"", ""3"", ""--seed"", ""1"", ""--shuffle"", ""true"", ""--popsize"", ""100"", ""--p-cross"", ""0.4"", ""--tournament-size"", ""3"", ""--tau-reset"", ""50"", ""--resetpop-rate"", ""0.99"", ""--local-search"", ""false"", ""--stop"", ""gen"", ""--max-gen"", ""100"", ""--edge-epsilon"", ""1e-06"", ""--save-generation-trace"", ""true"", ""--save-linkage-events"", ""false"", ""--save-graph-snapshots"", ""false"", ""--graph-snapshot-interval"", ""1"", ""--graph-snapshot-min-weight"", ""0.0"", ""--lr-gap-gen"", ""1"", ""--lr-min-samples"", ""10"", ""--lr-sparse-alpha"", ""0.001"", ""--lr-auto-alpha"", ""true"", ""--lr-alpha-c"", ""0.2"", ""--lr-delta"", ""0.05"", ""--lr-auto-min-samples"", ""true"", ""--lr-min-samples-c"", ""2.0"", ""--lr-stability-subsamples"", ""0"", ""--lr-stability-fraction"", ""0.75"", ""--lr-edge-min-weight"", ""0.0"", ""--lr-encoding"", ""binary"", ""--lr-solver"", ""auto"", ""--lr-matrix-free-threshold"", ""700"", ""--lr-matrix-free-max-iter"", ""8"", ""--lr-matrix-free-tol"", ""0.0001"", ""--lr-matrix-free-step-scale"", ""0.5"", ""--lr-matrix-free-dtype"", ""float32"", ""--build-building-blocks"", ""true"", ""--bb-weight-mode"", ""positive"", ""--bb-search-mode"", ""uniform"", ""--bb-min-block-size"", ""2"", ""--bb-max-blocks"", ""20"", ""--bb-snapshot-interval"", ""1"", ""--bb-external-penalty"", ""0.25"", ""--bb-size-penalty"", ""0.01"", ""--bb-pattern-top-fraction"", ""0.2"", ""--bb-pattern-min-support"", ""2"", ""--bb-refine-fraction"", ""0.2"", ""--bb-accept-equal-sparser"", ""true"", ""--bb-shuffle-blocks"", ""true"", ""--bb-signed-repair-probability"", ""0.75"", ""--pre-lr-explore"", ""false"", ""--pre-lr-mutation-multiplier"", ""3.0"", ""--pre-lr-immigrant-rate"", ""0.1"", ""--artifact-layout"", ""nested"", ""--write-aggregate-outputs"", ""false"", ""--lr-expected-edges"", ""60"", ""--lr-refit-expected-edges"", ""30"", ""--bb-gawll-update-interval"", ""10"", ""--bb-max-refine-trials"", ""10"", ""--repeat-id"", ""0"", ""--outer-fold-id"", ""3""]"
232,colon_asu,2,2,1,0,..\Results\results_fs_uniform_positive_medium_highdim\colon_asu\blur_ga_pairwise_lasso_uniform_positive_binary_nopre,"[""colon_asu"", ""2"", ""2"", ""--data-dir"", ""../Dataset/prepared_feature_selection"", ""--output-dir"", ""..\\Results\\results_fs_uniform_positive_medium_highdim\\colon_asu\\blur_ga_pairwise_lasso_uniform_positive_binary_nopre"", ""--outer-folds"", ""4"", ""--inner-folds"", ""4"", ""--repeats"", ""3"", ""--seed"", ""1"", ""--shuffle"", ""true"", ""--popsize"", ""100"", ""--p-cross"", ""0.4"", ""--tournament-size"", ""3"", ""--tau-reset"", ""50"", ""--resetpop-rate"", ""0.99"", ""--local-search"", ""false"", ""--stop"", ""gen"", ""--max-gen"", ""100"", ""--edge-epsilon"", ""1e-06"", ""--save-generation-trace"", ""true"", ""--save-linkage-events"", ""false"", ""--save-graph-snapshots"", ""false"", ""--graph-snapshot-interval"", ""1"", ""--graph-snapshot-min-weight"", ""0.0"", ""--lr-gap-gen"", ""1"", ""--lr-min-samples"", ""10"", ""--lr-sparse-alpha"", ""0.001"", ""--lr-auto-alpha"", ""true"", ""--lr-alpha-c"", ""0.2"", ""--lr-delta"", ""0.05"", ""--lr-auto-min-samples"", ""true"", ""--lr-min-samples-c"", ""2.0"", ""--lr-stability-subsamples"", ""0"", ""--lr-stability-fraction"", ""0.75"", ""--lr-edge-min-weight"", ""0.0"", ""--lr-encoding"", ""binary"", ""--lr-solver"", ""auto"", ""--lr-matrix-free-threshold"", ""700"", ""--lr-matrix-free-max-iter"", ""8"", ""--lr-matrix-free-tol"", ""0.0001"", ""--lr-matrix-free-step-scale"", ""0.5"", ""--lr-matrix-free-dtype"", ""float32"", ""--build-building-blocks"", ""true"", ""--bb-weight-mode"", ""positive"", ""--bb-search-mode"", ""uniform"", ""--bb-min-block-size"", ""2"", ""--bb-max-blocks"", ""20"", ""--bb-snapshot-interval"", ""1"", ""--bb-external-penalty"", ""0.25"", ""--bb-size-penalty"", ""0.01"", ""--bb-pattern-top-fraction"", ""0.2"", ""--bb-pattern-min-support"", ""2"", ""--bb-refine-fraction"", ""0.2"", ""--bb-accept-equal-sparser"", ""true"", ""--bb-shuffle-blocks"", ""true"", ""--bb-signed-repair-probability"", ""0.75"", ""--pre-lr-explore"", ""false"", ""--pre-lr-mutation-multiplier"", ""3.0"", ""--pre-lr-immigrant-rate"", ""0.1"", ""--artifact-layout"", ""nested"", ""--write-aggregate-outputs"", ""false"", ""--lr-expected-edges"", ""60"", ""--lr-refit-expected-edges"", ""30"", ""--bb-gawll-update-interval"", ""10"", ""--bb-max-refine-trials"", ""10"", ""--repeat-id"", ""1"", ""--outer-fold-id"", ""0""]"
233,colon_asu,2,2,1,1,..\Results\results_fs_uniform_positive_medium_highdim\colon_asu\blur_ga_pairwise_lasso_uniform_positive_binary_nopre,"[""colon_asu"", ""2"", ""2"", ""--data-dir"", ""../Dataset/prepared_feature_selection"", ""--output-dir"", ""..\\Results\\results_fs_uniform_positive_medium_highdim\\colon_asu\\blur_ga_pairwise_lasso_uniform_positive_binary_nopre"", ""--outer-folds"", ""4"", ""--inner-folds"", ""4"", ""--repeats"", ""3"", ""--seed"", ""1"", ""--shuffle"", ""true"", ""--popsize"", ""100"", ""--p-cross"", ""0.4"", ""--tournament-size"", ""3"", ""--tau-reset"", ""50"", ""--resetpop-rate"", ""0.99"", ""--local-search"", ""false"", ""--stop"", ""gen"", ""--max-gen"", ""100"", ""--edge-epsilon"", ""1e-06"", ""--save-generation-trace"", ""true"", ""--save-linkage-events"", ""false"", ""--save-graph-snapshots"", ""false"", ""--graph-snapshot-interval"", ""1"", ""--graph-snapshot-min-weight"", ""0.0"", ""--lr-gap-gen"", ""1"", ""--lr-min-samples"", ""10"", ""--lr-sparse-alpha"", ""0.001"", ""--lr-auto-alpha"", ""true"", ""--lr-alpha-c"", ""0.2"", ""--lr-delta"", ""0.05"", ""--lr-auto-min-samples"", ""true"", ""--lr-min-samples-c"", ""2.0"", ""--lr-stability-subsamples"", ""0"", ""--lr-stability-fraction"", ""0.75"", ""--lr-edge-min-weight"", ""0.0"", ""--lr-encoding"", ""binary"", ""--lr-solver"", ""auto"", ""--lr-matrix-free-threshold"", ""700"", ""--lr-matrix-free-max-iter"", ""8"", ""--lr-matrix-free-tol"", ""0.0001"", ""--lr-matrix-free-step-scale"", ""0.5"", ""--lr-matrix-free-dtype"", ""float32"", ""--build-building-blocks"", ""true"", ""--bb-weight-mode"", ""positive"", ""--bb-search-mode"", ""uniform"", ""--bb-min-block-size"", ""2"", ""--bb-max-blocks"", ""20"", ""--bb-snapshot-interval"", ""1"", ""--bb-external-penalty"", ""0.25"", ""--bb-size-penalty"", ""0.01"", ""--bb-pattern-top-fraction"", ""0.2"", ""--bb-pattern-min-support"", ""2"", ""--bb-refine-fraction"", ""0.2"", ""--bb-accept-equal-sparser"", ""true"", ""--bb-shuffle-blocks"", ""true"", ""--bb-signed-repair-probability"", ""0.75"", ""--pre-lr-explore"", ""false"", ""--pre-lr-mutation-multiplier"", ""3.0"", ""--pre-lr-immigrant-rate"", ""0.1"", ""--artifact-layout"", ""nested"", ""--write-aggregate-outputs"", ""false"", ""--lr-expected-edges"", ""60"", ""--lr-refit-expected-edges"", ""30"", ""--bb-gawll-update-interval"", ""10"", ""--bb-max-refine-trials"", ""10"", ""--repeat-id"", ""1"", ""--outer-fold-id"", ""1""]"
234,colon_asu,2,2,1,2,..\Results\results_fs_uniform_positive_medium_highdim\colon_asu\blur_ga_pairwise_lasso_uniform_positive_binary_nopre,"[""colon_asu"", ""2"", ""2"", ""--data-dir"", ""../Dataset/prepared_feature_selection"", ""--output-dir"", ""..\\Results\\results_fs_uniform_positive_medium_highdim\\colon_asu\\blur_ga_pairwise_lasso_uniform_positive_binary_nopre"", ""--outer-folds"", ""4"", ""--inner-folds"", ""4"", ""--repeats"", ""3"", ""--seed"", ""1"", ""--shuffle"", ""true"", ""--popsize"", ""100"", ""--p-cross"", ""0.4"", ""--tournament-size"", ""3"", ""--tau-reset"", ""50"", ""--resetpop-rate"", ""0.99"", ""--local-search"", ""false"", ""--stop"", ""gen"", ""--max-gen"", ""100"", ""--edge-epsilon"", ""1e-06"", ""--save-generation-trace"", ""true"", ""--save-linkage-events"", ""false"", ""--save-graph-snapshots"", ""false"", ""--graph-snapshot-interval"", ""1"", ""--graph-snapshot-min-weight"", ""0.0"", ""--lr-gap-gen"", ""1"", ""--lr-min-samples"", ""10"", ""--lr-sparse-alpha"", ""0.001"", ""--lr-auto-alpha"", ""true"", ""--lr-alpha-c"", ""0.2"", ""--lr-delta"", ""0.05"", ""--lr-auto-min-samples"", ""true"", ""--lr-min-samples-c"", ""2.0"", ""--lr-stability-subsamples"", ""0"", ""--lr-stability-fraction"", ""0.75"", ""--lr-edge-min-weight"", ""0.0"", ""--lr-encoding"", ""binary"", ""--lr-solver"", ""auto"", ""--lr-matrix-free-threshold"", ""700"", ""--lr-matrix-free-max-iter"", ""8"", ""--lr-matrix-free-tol"", ""0.0001"", ""--lr-matrix-free-step-scale"", ""0.5"", ""--lr-matrix-free-dtype"", ""float32"", ""--build-building-blocks"", ""true"", ""--bb-weight-mode"", ""positive"", ""--bb-search-mode"", ""uniform"", ""--bb-min-block-size"", ""2"", ""--bb-max-blocks"", ""20"", ""--bb-snapshot-interval"", ""1"", ""--bb-external-penalty"", ""0.25"", ""--bb-size-penalty"", ""0.01"", ""--bb-pattern-top-fraction"", ""0.2"", ""--bb-pattern-min-support"", ""2"", ""--bb-refine-fraction"", ""0.2"", ""--bb-accept-equal-sparser"", ""true"", ""--bb-shuffle-blocks"", ""true"", ""--bb-signed-repair-probability"", ""0.75"", ""--pre-lr-explore"", ""false"", ""--pre-lr-mutation-multiplier"", ""3.0"", ""--pre-lr-immigrant-rate"", ""0.1"", ""--artifact-layout"", ""nested"", ""--write-aggregate-outputs"", ""false"", ""--lr-expected-edges"", ""60"", ""--lr-refit-expected-edges"", ""30"", ""--bb-gawll-update-interval"", ""10"", ""--bb-max-refine-trials"", ""10"", ""--repeat-id"", ""1"", ""--outer-fold-id"", ""2""]"
235,colon_asu,2,2,1,3,..\Results\results_fs_uniform_positive_medium_highdim\colon_asu\blur_ga_pairwise_lasso_uniform_positive_binary_nopre,"[""colon_asu"", ""2"", ""2"", ""--data-dir"", ""../Dataset/prepared_feature_selection"", ""--output-dir"", ""..\\Results\\results_fs_uniform_positive_medium_highdim\\colon_asu\\blur_ga_pairwise_lasso_uniform_positive_binary_nopre"", ""--outer-folds"", ""4"", ""--inner-folds"", ""4"", ""--repeats"", ""3"", ""--seed"", ""1"", ""--shuffle"", ""true"", ""--popsize"", ""100"", ""--p-cross"", ""0.4"", ""--tournament-size"", ""3"", ""--tau-reset"", ""50"", ""--resetpop-rate"", ""0.99"", ""--local-search"", ""false"", ""--stop"", ""gen"", ""--max-gen"", ""100"", ""--edge-epsilon"", ""1e-06"", ""--save-generation-trace"", ""true"", ""--save-linkage-events"", ""false"", ""--save-graph-snapshots"", ""false"", ""--graph-snapshot-interval"", ""1"", ""--graph-snapshot-min-weight"", ""0.0"", ""--lr-gap-gen"", ""1"", ""--lr-min-samples"", ""10"", ""--lr-sparse-alpha"", ""0.001"", ""--lr-auto-alpha"", ""true"", ""--lr-alpha-c"", ""0.2"", ""--lr-delta"", ""0.05"", ""--lr-auto-min-samples"", ""true"", ""--lr-min-samples-c"", ""2.0"", ""--lr-stability-subsamples"", ""0"", ""--lr-stability-fraction"", ""0.75"", ""--lr-edge-min-weight"", ""0.0"", ""--lr-encoding"", ""binary"", ""--lr-solver"", ""auto"", ""--lr-matrix-free-threshold"", ""700"", ""--lr-matrix-free-max-iter"", ""8"", ""--lr-matrix-free-tol"", ""0.0001"", ""--lr-matrix-free-step-scale"", ""0.5"", ""--lr-matrix-free-dtype"", ""float32"", ""--build-building-blocks"", ""true"", ""--bb-weight-mode"", ""positive"", ""--bb-search-mode"", ""uniform"", ""--bb-min-block-size"", ""2"", ""--bb-max-blocks"", ""20"", ""--bb-snapshot-interval"", ""1"", ""--bb-external-penalty"", ""0.25"", ""--bb-size-penalty"", ""0.01"", ""--bb-pattern-top-fraction"", ""0.2"", ""--bb-pattern-min-support"", ""2"", ""--bb-refine-fraction"", ""0.2"", ""--bb-accept-equal-sparser"", ""true"", ""--bb-shuffle-blocks"", ""true"", ""--bb-signed-repair-probability"", ""0.75"", ""--pre-lr-explore"", ""false"", ""--pre-lr-mutation-multiplier"", ""3.0"", ""--pre-lr-immigrant-rate"", ""0.1"", ""--artifact-layout"", ""nested"", ""--write-aggregate-outputs"", ""false"", ""--lr-expected-edges"", ""60"", ""--lr-refit-expected-edges"", ""30"", ""--bb-gawll-update-interval"", ""10"", ""--bb-max-refine-trials"", ""10"", ""--repeat-id"", ""1"", ""--outer-fold-id"", ""3""]"
236,colon_asu,2,2,2,0,..\Results\results_fs_uniform_positive_medium_highdim\colon_asu\blur_ga_pairwise_lasso_uniform_positive_binary_nopre,"[""colon_asu"", ""2"", ""2"", ""--data-dir"", ""../Dataset/prepared_feature_selection"", ""--output-dir"", ""..\\Results\\results_fs_uniform_positive_medium_highdim\\colon_asu\\blur_ga_pairwise_lasso_uniform_positive_binary_nopre"", ""--outer-folds"", ""4"", ""--inner-folds"", ""4"", ""--repeats"", ""3"", ""--seed"", ""1"", ""--shuffle"", ""true"", ""--popsize"", ""100"", ""--p-cross"", ""0.4"", ""--tournament-size"", ""3"", ""--tau-reset"", ""50"", ""--resetpop-rate"", ""0.99"", ""--local-search"", ""false"", ""--stop"", ""gen"", ""--max-gen"", ""100"", ""--edge-epsilon"", ""1e-06"", ""--save-generation-trace"", ""true"", ""--save-linkage-events"", ""false"", ""--save-graph-snapshots"", ""false"", ""--graph-snapshot-interval"", ""1"", ""--graph-snapshot-min-weight"", ""0.0"", ""--lr-gap-gen"", ""1"", ""--lr-min-samples"", ""10"", ""--lr-sparse-alpha"", ""0.001"", ""--lr-auto-alpha"", ""true"", ""--lr-alpha-c"", ""0.2"", ""--lr-delta"", ""0.05"", ""--lr-auto-min-samples"", ""true"", ""--lr-min-samples-c"", ""2.0"", ""--lr-stability-subsamples"", ""0"", ""--lr-stability-fraction"", ""0.75"", ""--lr-edge-min-weight"", ""0.0"", ""--lr-encoding"", ""binary"", ""--lr-solver"", ""auto"", ""--lr-matrix-free-threshold"", ""700"", ""--lr-matrix-free-max-iter"", ""8"", ""--lr-matrix-free-tol"", ""0.0001"", ""--lr-matrix-free-step-scale"", ""0.5"", ""--lr-matrix-free-dtype"", ""float32"", ""--build-building-blocks"", ""true"", ""--bb-weight-mode"", ""positive"", ""--bb-search-mode"", ""uniform"", ""--bb-min-block-size"", ""2"", ""--bb-max-blocks"", ""20"", ""--bb-snapshot-interval"", ""1"", ""--bb-external-penalty"", ""0.25"", ""--bb-size-penalty"", ""0.01"", ""--bb-pattern-top-fraction"", ""0.2"", ""--bb-pattern-min-support"", ""2"", ""--bb-refine-fraction"", ""0.2"", ""--bb-accept-equal-sparser"", ""true"", ""--bb-shuffle-blocks"", ""true"", ""--bb-signed-repair-probability"", ""0.75"", ""--pre-lr-explore"", ""false"", ""--pre-lr-mutation-multiplier"", ""3.0"", ""--pre-lr-immigrant-rate"", ""0.1"", ""--artifact-layout"", ""nested"", ""--write-aggregate-outputs"", ""false"", ""--lr-expected-edges"", ""60"", ""--lr-refit-expected-edges"", ""30"", ""--bb-gawll-update-interval"", ""10"", ""--bb-max-refine-trials"", ""10"", ""--repeat-id"", ""2"", ""--outer-fold-id"", ""0""]"
237,colon_asu,2,2,2,1,..\Results\results_fs_uniform_positive_medium_highdim\colon_asu\blur_ga_pairwise_lasso_uniform_positive_binary_nopre,"[""colon_asu"", ""2"", ""2"", ""--data-dir"", ""../Dataset/prepared_feature_selection"", ""--output-dir"", ""..\\Results\\results_fs_uniform_positive_medium_highdim\\colon_asu\\blur_ga_pairwise_lasso_uniform_positive_binary_nopre"", ""--outer-folds"", ""4"", ""--inner-folds"", ""4"", ""--repeats"", ""3"", ""--seed"", ""1"", ""--shuffle"", ""true"", ""--popsize"", ""100"", ""--p-cross"", ""0.4"", ""--tournament-size"", ""3"", ""--tau-reset"", ""50"", ""--resetpop-rate"", ""0.99"", ""--local-search"", ""false"", ""--stop"", ""gen"", ""--max-gen"", ""100"", ""--edge-epsilon"", ""1e-06"", ""--save-generation-trace"", ""true"", ""--save-linkage-events"", ""false"", ""--save-graph-snapshots"", ""false"", ""--graph-snapshot-interval"", ""1"", ""--graph-snapshot-min-weight"", ""0.0"", ""--lr-gap-gen"", ""1"", ""--lr-min-samples"", ""10"", ""--lr-sparse-alpha"", ""0.001"", ""--lr-auto-alpha"", ""true"", ""--lr-alpha-c"", ""0.2"", ""--lr-delta"", ""0.05"", ""--lr-auto-min-samples"", ""true"", ""--lr-min-samples-c"", ""2.0"", ""--lr-stability-subsamples"", ""0"", ""--lr-stability-fraction"", ""0.75"", ""--lr-edge-min-weight"", ""0.0"", ""--lr-encoding"", ""binary"", ""--lr-solver"", ""auto"", ""--lr-matrix-free-threshold"", ""700"", ""--lr-matrix-free-max-iter"", ""8"", ""--lr-matrix-free-tol"", ""0.0001"", ""--lr-matrix-free-step-scale"", ""0.5"", ""--lr-matrix-free-dtype"", ""float32"", ""--build-building-blocks"", ""true"", ""--bb-weight-mode"", ""positive"", ""--bb-search-mode"", ""uniform"", ""--bb-min-block-size"", ""2"", ""--bb-max-blocks"", ""20"", ""--bb-snapshot-interval"", ""1"", ""--bb-external-penalty"", ""0.25"", ""--bb-size-penalty"", ""0.01"", ""--bb-pattern-top-fraction"", ""0.2"", ""--bb-pattern-min-support"", ""2"", ""--bb-refine-fraction"", ""0.2"", ""--bb-accept-equal-sparser"", ""true"", ""--bb-shuffle-blocks"", ""true"", ""--bb-signed-repair-probability"", ""0.75"", ""--pre-lr-explore"", ""false"", ""--pre-lr-mutation-multiplier"", ""3.0"", ""--pre-lr-immigrant-rate"", ""0.1"", ""--artifact-layout"", ""nested"", ""--write-aggregate-outputs"", ""false"", ""--lr-expected-edges"", ""60"", ""--lr-refit-expected-edges"", ""30"", ""--bb-gawll-update-interval"", ""10"", ""--bb-max-refine-trials"", ""10"", ""--repeat-id"", ""2"", ""--outer-fold-id"", ""1""]"
238,colon_asu,2,2,2,2,..\Results\results_fs_uniform_positive_medium_highdim\colon_asu\blur_ga_pairwise_lasso_uniform_positive_binary_nopre,"[""colon_asu"", ""2"", ""2"", ""--data-dir"", ""../Dataset/prepared_feature_selection"", ""--output-dir"", ""..\\Results\\results_fs_uniform_positive_medium_highdim\\colon_asu\\blur_ga_pairwise_lasso_uniform_positive_binary_nopre"", ""--outer-folds"", ""4"", ""--inner-folds"", ""4"", ""--repeats"", ""3"", ""--seed"", ""1"", ""--shuffle"", ""true"", ""--popsize"", ""100"", ""--p-cross"", ""0.4"", ""--tournament-size"", ""3"", ""--tau-reset"", ""50"", ""--resetpop-rate"", ""0.99"", ""--local-search"", ""false"", ""--stop"", ""gen"", ""--max-gen"", ""100"", ""--edge-epsilon"", ""1e-06"", ""--save-generation-trace"", ""true"", ""--save-linkage-events"", ""false"", ""--save-graph-snapshots"", ""false"", ""--graph-snapshot-interval"", ""1"", ""--graph-snapshot-min-weight"", ""0.0"", ""--lr-gap-gen"", ""1"", ""--lr-min-samples"", ""10"", ""--lr-sparse-alpha"", ""0.001"", ""--lr-auto-alpha"", ""true"", ""--lr-alpha-c"", ""0.2"", ""--lr-delta"", ""0.05"", ""--lr-auto-min-samples"", ""true"", ""--lr-min-samples-c"", ""2.0"", ""--lr-stability-subsamples"", ""0"", ""--lr-stability-fraction"", ""0.75"", ""--lr-edge-min-weight"", ""0.0"", ""--lr-encoding"", ""binary"", ""--lr-solver"", ""auto"", ""--lr-matrix-free-threshold"", ""700"", ""--lr-matrix-free-max-iter"", ""8"", ""--lr-matrix-free-tol"", ""0.0001"", ""--lr-matrix-free-step-scale"", ""0.5"", ""--lr-matrix-free-dtype"", ""float32"", ""--build-building-blocks"", ""true"", ""--bb-weight-mode"", ""positive"", ""--bb-search-mode"", ""uniform"", ""--bb-min-block-size"", ""2"", ""--bb-max-blocks"", ""20"", ""--bb-snapshot-interval"", ""1"", ""--bb-external-penalty"", ""0.25"", ""--bb-size-penalty"", ""0.01"", ""--bb-pattern-top-fraction"", ""0.2"", ""--bb-pattern-min-support"", ""2"", ""--bb-refine-fraction"", ""0.2"", ""--bb-accept-equal-sparser"", ""true"", ""--bb-shuffle-blocks"", ""true"", ""--bb-signed-repair-probability"", ""0.75"", ""--pre-lr-explore"", ""false"", ""--pre-lr-mutation-multiplier"", ""3.0"", ""--pre-lr-immigrant-rate"", ""0.1"", ""--artifact-layout"", ""nested"", ""--write-aggregate-outputs"", ""false"", ""--lr-expected-edges"", ""60"", ""--lr-refit-expected-edges"", ""30"", ""--bb-gawll-update-interval"", ""10"", ""--bb-max-refine-trials"", ""10"", ""--repeat-id"", ""2"", ""--outer-fold-id"", ""2""]"
239,colon_asu,2,2,2,3,..\Results\results_fs_uniform_positive_medium_highdim\colon_asu\blur_ga_pairwise_lasso_uniform_positive_binary_nopre,"[""colon_asu"", ""2"", ""2"", ""--data-dir"", ""../Dataset/prepared_feature_selection"", ""--output-dir"", ""..\\Results\\results_fs_uniform_positive_medium_highdim\\colon_asu\\blur_ga_pairwise_lasso_uniform_positive_binary_nopre"", ""--outer-folds"", ""4"", ""--inner-folds"", ""4"", ""--repeats"", ""3"", ""--seed"", ""1"", ""--shuffle"", ""true"", ""--popsize"", ""100"", ""--p-cross"", ""0.4"", ""--tournament-size"", ""3"", ""--tau-reset"", ""50"", ""--resetpop-rate"", ""0.99"", ""--local-search"", ""false"", ""--stop"", ""gen"", ""--max-gen"", ""100"", ""--edge-epsilon"", ""1e-06"", ""--save-generation-trace"", ""true"", ""--save-linkage-events"", ""false"", ""--save-graph-snapshots"", ""false"", ""--graph-snapshot-interval"", ""1"", ""--graph-snapshot-min-weight"", ""0.0"", ""--lr-gap-gen"", ""1"", ""--lr-min-samples"", ""10"", ""--lr-sparse-alpha"", ""0.001"", ""--lr-auto-alpha"", ""true"", ""--lr-alpha-c"", ""0.2"", ""--lr-delta"", ""0.05"", ""--lr-auto-min-samples"", ""true"", ""--lr-min-samples-c"", ""2.0"", ""--lr-stability-subsamples"", ""0"", ""--lr-stability-fraction"", ""0.75"", ""--lr-edge-min-weight"", ""0.0"", ""--lr-encoding"", ""binary"", ""--lr-solver"", ""auto"", ""--lr-matrix-free-threshold"", ""700"", ""--lr-matrix-free-max-iter"", ""8"", ""--lr-matrix-free-tol"", ""0.0001"", ""--lr-matrix-free-step-scale"", ""0.5"", ""--lr-matrix-free-dtype"", ""float32"", ""--build-building-blocks"", ""true"", ""--bb-weight-mode"", ""positive"", ""--bb-search-mode"", ""uniform"", ""--bb-min-block-size"", ""2"", ""--bb-max-blocks"", ""20"", ""--bb-snapshot-interval"", ""1"", ""--bb-external-penalty"", ""0.25"", ""--bb-size-penalty"", ""0.01"", ""--bb-pattern-top-fraction"", ""0.2"", ""--bb-pattern-min-support"", ""2"", ""--bb-refine-fraction"", ""0.2"", ""--bb-accept-equal-sparser"", ""true"", ""--bb-shuffle-blocks"", ""true"", ""--bb-signed-repair-probability"", ""0.75"", ""--pre-lr-explore"", ""false"", ""--pre-lr-mutation-multiplier"", ""3.0"", ""--pre-lr-immigrant-rate"", ""0.1"", ""--artifact-layout"", ""nested"", ""--write-aggregate-outputs"", ""false"", ""--lr-expected-edges"", ""60"", ""--lr-refit-expected-edges"", ""30"", ""--bb-gawll-update-interval"", ""10"", ""--bb-max-refine-trials"", ""10"", ""--repeat-id"", ""2"", ""--outer-fold-id"", ""3""]"
240,warpPIE10P_asu,2,2,0,0,..\Results\results_fs_uniform_positive_medium_highdim\warpPIE10P_asu\blur_ga_pairwise_lasso_uniform_positive_binary_nopre,"[""warpPIE10P_asu"", ""2"", ""2"", ""--data-dir"", ""../Dataset/prepared_feature_selection"", ""--output-dir"", ""..\\Results\\results_fs_uniform_positive_medium_highdim\\warpPIE10P_asu\\blur_ga_pairwise_lasso_uniform_positive_binary_nopre"", ""--outer-folds"", ""4"", ""--inner-folds"", ""4"", ""--repeats"", ""3"", ""--seed"", ""1"", ""--shuffle"", ""true"", ""--popsize"", ""100"", ""--p-cross"", ""0.4"", ""--tournament-size"", ""3"", ""--tau-reset"", ""50"", ""--resetpop-rate"", ""0.99"", ""--local-search"", ""false"", ""--stop"", ""gen"", ""--max-gen"", ""100"", ""--edge-epsilon"", ""1e-06"", ""--save-generation-trace"", ""true"", ""--save-linkage-events"", ""false"", ""--save-graph-snapshots"", ""false"", ""--graph-snapshot-interval"", ""1"", ""--graph-snapshot-min-weight"", ""0.0"", ""--lr-gap-gen"", ""1"", ""--lr-min-samples"", ""10"", ""--lr-sparse-alpha"", ""0.001"", ""--lr-auto-alpha"", ""true"", ""--lr-alpha-c"", ""0.2"", ""--lr-delta"", ""0.05"", ""--lr-auto-min-samples"", ""true"", ""--lr-min-samples-c"", ""2.0"", ""--lr-stability-subsamples"", ""0"", ""--lr-stability-fraction"", ""0.75"", ""--lr-edge-min-weight"", ""0.0"", ""--lr-encoding"", ""binary"", ""--lr-solver"", ""auto"", ""--lr-matrix-free-threshold"", ""700"", ""--lr-matrix-free-max-iter"", ""8"", ""--lr-matrix-free-tol"", ""0.0001"", ""--lr-matrix-free-step-scale"", ""0.5"", ""--lr-matrix-free-dtype"", ""float32"", ""--build-building-blocks"", ""true"", ""--bb-weight-mode"", ""positive"", ""--bb-search-mode"", ""uniform"", ""--bb-min-block-size"", ""2"", ""--bb-max-blocks"", ""20"", ""--bb-snapshot-interval"", ""1"", ""--bb-external-penalty"", ""0.25"", ""--bb-size-penalty"", ""0.01"", ""--bb-pattern-top-fraction"", ""0.2"", ""--bb-pattern-min-support"", ""2"", ""--bb-refine-fraction"", ""0.2"", ""--bb-accept-equal-sparser"", ""true"", ""--bb-shuffle-blocks"", ""true"", ""--bb-signed-repair-probability"", ""0.75"", ""--pre-lr-explore"", ""false"", ""--pre-lr-mutation-multiplier"", ""3.0"", ""--pre-lr-immigrant-rate"", ""0.1"", ""--artifact-layout"", ""nested"", ""--write-aggregate-outputs"", ""false"", ""--lr-expected-edges"", ""60"", ""--lr-refit-expected-edges"", ""30"", ""--bb-gawll-update-interval"", ""10"", ""--bb-max-refine-trials"", ""10"", ""--repeat-id"", ""0"", ""--outer-fold-id"", ""0""]"
241,warpPIE10P_asu,2,2,0,1,..\Results\results_fs_uniform_positive_medium_highdim\warpPIE10P_asu\blur_ga_pairwise_lasso_uniform_positive_binary_nopre,"[""warpPIE10P_asu"", ""2"", ""2"", ""--data-dir"", ""../Dataset/prepared_feature_selection"", ""--output-dir"", ""..\\Results\\results_fs_uniform_positive_medium_highdim\\warpPIE10P_asu\\blur_ga_pairwise_lasso_uniform_positive_binary_nopre"", ""--outer-folds"", ""4"", ""--inner-folds"", ""4"", ""--repeats"", ""3"", ""--seed"", ""1"", ""--shuffle"", ""true"", ""--popsize"", ""100"", ""--p-cross"", ""0.4"", ""--tournament-size"", ""3"", ""--tau-reset"", ""50"", ""--resetpop-rate"", ""0.99"", ""--local-search"", ""false"", ""--stop"", ""gen"", ""--max-gen"", ""100"", ""--edge-epsilon"", ""1e-06"", ""--save-generation-trace"", ""true"", ""--save-linkage-events"", ""false"", ""--save-graph-snapshots"", ""false"", ""--graph-snapshot-interval"", ""1"", ""--graph-snapshot-min-weight"", ""0.0"", ""--lr-gap-gen"", ""1"", ""--lr-min-samples"", ""10"", ""--lr-sparse-alpha"", ""0.001"", ""--lr-auto-alpha"", ""true"", ""--lr-alpha-c"", ""0.2"", ""--lr-delta"", ""0.05"", ""--lr-auto-min-samples"", ""true"", ""--lr-min-samples-c"", ""2.0"", ""--lr-stability-subsamples"", ""0"", ""--lr-stability-fraction"", ""0.75"", ""--lr-edge-min-weight"", ""0.0"", ""--lr-encoding"", ""binary"", ""--lr-solver"", ""auto"", ""--lr-matrix-free-threshold"", ""700"", ""--lr-matrix-free-max-iter"", ""8"", ""--lr-matrix-free-tol"", ""0.0001"", ""--lr-matrix-free-step-scale"", ""0.5"", ""--lr-matrix-free-dtype"", ""float32"", ""--build-building-blocks"", ""true"", ""--bb-weight-mode"", ""positive"", ""--bb-search-mode"", ""uniform"", ""--bb-min-block-size"", ""2"", ""--bb-max-blocks"", ""20"", ""--bb-snapshot-interval"", ""1"", ""--bb-external-penalty"", ""0.25"", ""--bb-size-penalty"", ""0.01"", ""--bb-pattern-top-fraction"", ""0.2"", ""--bb-pattern-min-support"", ""2"", ""--bb-refine-fraction"", ""0.2"", ""--bb-accept-equal-sparser"", ""true"", ""--bb-shuffle-blocks"", ""true"", ""--bb-signed-repair-probability"", ""0.75"", ""--pre-lr-explore"", ""false"", ""--pre-lr-mutation-multiplier"", ""3.0"", ""--pre-lr-immigrant-rate"", ""0.1"", ""--artifact-layout"", ""nested"", ""--write-aggregate-outputs"", ""false"", ""--lr-expected-edges"", ""60"", ""--lr-refit-expected-edges"", ""30"", ""--bb-gawll-update-interval"", ""10"", ""--bb-max-refine-trials"", ""10"", ""--repeat-id"", ""0"", ""--outer-fold-id"", ""1""]"
242,warpPIE10P_asu,2,2,0,2,..\Results\results_fs_uniform_positive_medium_highdim\warpPIE10P_asu\blur_ga_pairwise_lasso_uniform_positive_binary_nopre,"[""warpPIE10P_asu"", ""2"", ""2"", ""--data-dir"", ""../Dataset/prepared_feature_selection"", ""--output-dir"", ""..\\Results\\results_fs_uniform_positive_medium_highdim\\warpPIE10P_asu\\blur_ga_pairwise_lasso_uniform_positive_binary_nopre"", ""--outer-folds"", ""4"", ""--inner-folds"", ""4"", ""--repeats"", ""3"", ""--seed"", ""1"", ""--shuffle"", ""true"", ""--popsize"", ""100"", ""--p-cross"", ""0.4"", ""--tournament-size"", ""3"", ""--tau-reset"", ""50"", ""--resetpop-rate"", ""0.99"", ""--local-search"", ""false"", ""--stop"", ""gen"", ""--max-gen"", ""100"", ""--edge-epsilon"", ""1e-06"", ""--save-generation-trace"", ""true"", ""--save-linkage-events"", ""false"", ""--save-graph-snapshots"", ""false"", ""--graph-snapshot-interval"", ""1"", ""--graph-snapshot-min-weight"", ""0.0"", ""--lr-gap-gen"", ""1"", ""--lr-min-samples"", ""10"", ""--lr-sparse-alpha"", ""0.001"", ""--lr-auto-alpha"", ""true"", ""--lr-alpha-c"", ""0.2"", ""--lr-delta"", ""0.05"", ""--lr-auto-min-samples"", ""true"", ""--lr-min-samples-c"", ""2.0"", ""--lr-stability-subsamples"", ""0"", ""--lr-stability-fraction"", ""0.75"", ""--lr-edge-min-weight"", ""0.0"", ""--lr-encoding"", ""binary"", ""--lr-solver"", ""auto"", ""--lr-matrix-free-threshold"", ""700"", ""--lr-matrix-free-max-iter"", ""8"", ""--lr-matrix-free-tol"", ""0.0001"", ""--lr-matrix-free-step-scale"", ""0.5"", ""--lr-matrix-free-dtype"", ""float32"", ""--build-building-blocks"", ""true"", ""--bb-weight-mode"", ""positive"", ""--bb-search-mode"", ""uniform"", ""--bb-min-block-size"", ""2"", ""--bb-max-blocks"", ""20"", ""--bb-snapshot-interval"", ""1"", ""--bb-external-penalty"", ""0.25"", ""--bb-size-penalty"", ""0.01"", ""--bb-pattern-top-fraction"", ""0.2"", ""--bb-pattern-min-support"", ""2"", ""--bb-refine-fraction"", ""0.2"", ""--bb-accept-equal-sparser"", ""true"", ""--bb-shuffle-blocks"", ""true"", ""--bb-signed-repair-probability"", ""0.75"", ""--pre-lr-explore"", ""false"", ""--pre-lr-mutation-multiplier"", ""3.0"", ""--pre-lr-immigrant-rate"", ""0.1"", ""--artifact-layout"", ""nested"", ""--write-aggregate-outputs"", ""false"", ""--lr-expected-edges"", ""60"", ""--lr-refit-expected-edges"", ""30"", ""--bb-gawll-update-interval"", ""10"", ""--bb-max-refine-trials"", ""10"", ""--repeat-id"", ""0"", ""--outer-fold-id"", ""2""]"
243,warpPIE10P_asu,2,2,0,3,..\Results\results_fs_uniform_positive_medium_highdim\warpPIE10P_asu\blur_ga_pairwise_lasso_uniform_positive_binary_nopre,"[""warpPIE10P_asu"", ""2"", ""2"", ""--data-dir"", ""../Dataset/prepared_feature_selection"", ""--output-dir"", ""..\\Results\\results_fs_uniform_positive_medium_highdim\\warpPIE10P_asu\\blur_ga_pairwise_lasso_uniform_positive_binary_nopre"", ""--outer-folds"", ""4"", ""--inner-folds"", ""4"", ""--repeats"", ""3"", ""--seed"", ""1"", ""--shuffle"", ""true"", ""--popsize"", ""100"", ""--p-cross"", ""0.4"", ""--tournament-size"", ""3"", ""--tau-reset"", ""50"", ""--resetpop-rate"", ""0.99"", ""--local-search"", ""false"", ""--stop"", ""gen"", ""--max-gen"", ""100"", ""--edge-epsilon"", ""1e-06"", ""--save-generation-trace"", ""true"", ""--save-linkage-events"", ""false"", ""--save-graph-snapshots"", ""false"", ""--graph-snapshot-interval"", ""1"", ""--graph-snapshot-min-weight"", ""0.0"", ""--lr-gap-gen"", ""1"", ""--lr-min-samples"", ""10"", ""--lr-sparse-alpha"", ""0.001"", ""--lr-auto-alpha"", ""true"", ""--lr-alpha-c"", ""0.2"", ""--lr-delta"", ""0.05"", ""--lr-auto-min-samples"", ""true"", ""--lr-min-samples-c"", ""2.0"", ""--lr-stability-subsamples"", ""0"", ""--lr-stability-fraction"", ""0.75"", ""--lr-edge-min-weight"", ""0.0"", ""--lr-encoding"", ""binary"", ""--lr-solver"", ""auto"", ""--lr-matrix-free-threshold"", ""700"", ""--lr-matrix-free-max-iter"", ""8"", ""--lr-matrix-free-tol"", ""0.0001"", ""--lr-matrix-free-step-scale"", ""0.5"", ""--lr-matrix-free-dtype"", ""float32"", ""--build-building-blocks"", ""true"", ""--bb-weight-mode"", ""positive"", ""--bb-search-mode"", ""uniform"", ""--bb-min-block-size"", ""2"", ""--bb-max-blocks"", ""20"", ""--bb-snapshot-interval"", ""1"", ""--bb-external-penalty"", ""0.25"", ""--bb-size-penalty"", ""0.01"", ""--bb-pattern-top-fraction"", ""0.2"", ""--bb-pattern-min-support"", ""2"", ""--bb-refine-fraction"", ""0.2"", ""--bb-accept-equal-sparser"", ""true"", ""--bb-shuffle-blocks"", ""true"", ""--bb-signed-repair-probability"", ""0.75"", ""--pre-lr-explore"", ""false"", ""--pre-lr-mutation-multiplier"", ""3.0"", ""--pre-lr-immigrant-rate"", ""0.1"", ""--artifact-layout"", ""nested"", ""--write-aggregate-outputs"", ""false"", ""--lr-expected-edges"", ""60"", ""--lr-refit-expected-edges"", ""30"", ""--bb-gawll-update-interval"", ""10"", ""--bb-max-refine-trials"", ""10"", ""--repeat-id"", ""0"", ""--outer-fold-id"", ""3""]"
244,warpPIE10P_asu,2,2,1,0,..\Results\results_fs_uniform_positive_medium_highdim\warpPIE10P_asu\blur_ga_pairwise_lasso_uniform_positive_binary_nopre,"[""warpPIE10P_asu"", ""2"", ""2"", ""--data-dir"", ""../Dataset/prepared_feature_selection"", ""--output-dir"", ""..\\Results\\results_fs_uniform_positive_medium_highdim\\warpPIE10P_asu\\blur_ga_pairwise_lasso_uniform_positive_binary_nopre"", ""--outer-folds"", ""4"", ""--inner-folds"", ""4"", ""--repeats"", ""3"", ""--seed"", ""1"", ""--shuffle"", ""true"", ""--popsize"", ""100"", ""--p-cross"", ""0.4"", ""--tournament-size"", ""3"", ""--tau-reset"", ""50"", ""--resetpop-rate"", ""0.99"", ""--local-search"", ""false"", ""--stop"", ""gen"", ""--max-gen"", ""100"", ""--edge-epsilon"", ""1e-06"", ""--save-generation-trace"", ""true"", ""--save-linkage-events"", ""false"", ""--save-graph-snapshots"", ""false"", ""--graph-snapshot-interval"", ""1"", ""--graph-snapshot-min-weight"", ""0.0"", ""--lr-gap-gen"", ""1"", ""--lr-min-samples"", ""10"", ""--lr-sparse-alpha"", ""0.001"", ""--lr-auto-alpha"", ""true"", ""--lr-alpha-c"", ""0.2"", ""--lr-delta"", ""0.05"", ""--lr-auto-min-samples"", ""true"", ""--lr-min-samples-c"", ""2.0"", ""--lr-stability-subsamples"", ""0"", ""--lr-stability-fraction"", ""0.75"", ""--lr-edge-min-weight"", ""0.0"", ""--lr-encoding"", ""binary"", ""--lr-solver"", ""auto"", ""--lr-matrix-free-threshold"", ""700"", ""--lr-matrix-free-max-iter"", ""8"", ""--lr-matrix-free-tol"", ""0.0001"", ""--lr-matrix-free-step-scale"", ""0.5"", ""--lr-matrix-free-dtype"", ""float32"", ""--build-building-blocks"", ""true"", ""--bb-weight-mode"", ""positive"", ""--bb-search-mode"", ""uniform"", ""--bb-min-block-size"", ""2"", ""--bb-max-blocks"", ""20"", ""--bb-snapshot-interval"", ""1"", ""--bb-external-penalty"", ""0.25"", ""--bb-size-penalty"", ""0.01"", ""--bb-pattern-top-fraction"", ""0.2"", ""--bb-pattern-min-support"", ""2"", ""--bb-refine-fraction"", ""0.2"", ""--bb-accept-equal-sparser"", ""true"", ""--bb-shuffle-blocks"", ""true"", ""--bb-signed-repair-probability"", ""0.75"", ""--pre-lr-explore"", ""false"", ""--pre-lr-mutation-multiplier"", ""3.0"", ""--pre-lr-immigrant-rate"", ""0.1"", ""--artifact-layout"", ""nested"", ""--write-aggregate-outputs"", ""false"", ""--lr-expected-edges"", ""60"", ""--lr-refit-expected-edges"", ""30"", ""--bb-gawll-update-interval"", ""10"", ""--bb-max-refine-trials"", ""10"", ""--repeat-id"", ""1"", ""--outer-fold-id"", ""0""]"
245,warpPIE10P_asu,2,2,1,1,..\Results\results_fs_uniform_positive_medium_highdim\warpPIE10P_asu\blur_ga_pairwise_lasso_uniform_positive_binary_nopre,"[""warpPIE10P_asu"", ""2"", ""2"", ""--data-dir"", ""../Dataset/prepared_feature_selection"", ""--output-dir"", ""..\\Results\\results_fs_uniform_positive_medium_highdim\\warpPIE10P_asu\\blur_ga_pairwise_lasso_uniform_positive_binary_nopre"", ""--outer-folds"", ""4"", ""--inner-folds"", ""4"", ""--repeats"", ""3"", ""--seed"", ""1"", ""--shuffle"", ""true"", ""--popsize"", ""100"", ""--p-cross"", ""0.4"", ""--tournament-size"", ""3"", ""--tau-reset"", ""50"", ""--resetpop-rate"", ""0.99"", ""--local-search"", ""false"", ""--stop"", ""gen"", ""--max-gen"", ""100"", ""--edge-epsilon"", ""1e-06"", ""--save-generation-trace"", ""true"", ""--save-linkage-events"", ""false"", ""--save-graph-snapshots"", ""false"", ""--graph-snapshot-interval"", ""1"", ""--graph-snapshot-min-weight"", ""0.0"", ""--lr-gap-gen"", ""1"", ""--lr-min-samples"", ""10"", ""--lr-sparse-alpha"", ""0.001"", ""--lr-auto-alpha"", ""true"", ""--lr-alpha-c"", ""0.2"", ""--lr-delta"", ""0.05"", ""--lr-auto-min-samples"", ""true"", ""--lr-min-samples-c"", ""2.0"", ""--lr-stability-subsamples"", ""0"", ""--lr-stability-fraction"", ""0.75"", ""--lr-edge-min-weight"", ""0.0"", ""--lr-encoding"", ""binary"", ""--lr-solver"", ""auto"", ""--lr-matrix-free-threshold"", ""700"", ""--lr-matrix-free-max-iter"", ""8"", ""--lr-matrix-free-tol"", ""0.0001"", ""--lr-matrix-free-step-scale"", ""0.5"", ""--lr-matrix-free-dtype"", ""float32"", ""--build-building-blocks"", ""true"", ""--bb-weight-mode"", ""positive"", ""--bb-search-mode"", ""uniform"", ""--bb-min-block-size"", ""2"", ""--bb-max-blocks"", ""20"", ""--bb-snapshot-interval"", ""1"", ""--bb-external-penalty"", ""0.25"", ""--bb-size-penalty"", ""0.01"", ""--bb-pattern-top-fraction"", ""0.2"", ""--bb-pattern-min-support"", ""2"", ""--bb-refine-fraction"", ""0.2"", ""--bb-accept-equal-sparser"", ""true"", ""--bb-shuffle-blocks"", ""true"", ""--bb-signed-repair-probability"", ""0.75"", ""--pre-lr-explore"", ""false"", ""--pre-lr-mutation-multiplier"", ""3.0"", ""--pre-lr-immigrant-rate"", ""0.1"", ""--artifact-layout"", ""nested"", ""--write-aggregate-outputs"", ""false"", ""--lr-expected-edges"", ""60"", ""--lr-refit-expected-edges"", ""30"", ""--bb-gawll-update-interval"", ""10"", ""--bb-max-refine-trials"", ""10"", ""--repeat-id"", ""1"", ""--outer-fold-id"", ""1""]"
246,warpPIE10P_asu,2,2,1,2,..\Results\results_fs_uniform_positive_medium_highdim\warpPIE10P_asu\blur_ga_pairwise_lasso_uniform_positive_binary_nopre,"[""warpPIE10P_asu"", ""2"", ""2"", ""--data-dir"", ""../Dataset/prepared_feature_selection"", ""--output-dir"", ""..\\Results\\results_fs_uniform_positive_medium_highdim\\warpPIE10P_asu\\blur_ga_pairwise_lasso_uniform_positive_binary_nopre"", ""--outer-folds"", ""4"", ""--inner-folds"", ""4"", ""--repeats"", ""3"", ""--seed"", ""1"", ""--shuffle"", ""true"", ""--popsize"", ""100"", ""--p-cross"", ""0.4"", ""--tournament-size"", ""3"", ""--tau-reset"", ""50"", ""--resetpop-rate"", ""0.99"", ""--local-search"", ""false"", ""--stop"", ""gen"", ""--max-gen"", ""100"", ""--edge-epsilon"", ""1e-06"", ""--save-generation-trace"", ""true"", ""--save-linkage-events"", ""false"", ""--save-graph-snapshots"", ""false"", ""--graph-snapshot-interval"", ""1"", ""--graph-snapshot-min-weight"", ""0.0"", ""--lr-gap-gen"", ""1"", ""--lr-min-samples"", ""10"", ""--lr-sparse-alpha"", ""0.001"", ""--lr-auto-alpha"", ""true"", ""--lr-alpha-c"", ""0.2"", ""--lr-delta"", ""0.05"", ""--lr-auto-min-samples"", ""true"", ""--lr-min-samples-c"", ""2.0"", ""--lr-stability-subsamples"", ""0"", ""--lr-stability-fraction"", ""0.75"", ""--lr-edge-min-weight"", ""0.0"", ""--lr-encoding"", ""binary"", ""--lr-solver"", ""auto"", ""--lr-matrix-free-threshold"", ""700"", ""--lr-matrix-free-max-iter"", ""8"", ""--lr-matrix-free-tol"", ""0.0001"", ""--lr-matrix-free-step-scale"", ""0.5"", ""--lr-matrix-free-dtype"", ""float32"", ""--build-building-blocks"", ""true"", ""--bb-weight-mode"", ""positive"", ""--bb-search-mode"", ""uniform"", ""--bb-min-block-size"", ""2"", ""--bb-max-blocks"", ""20"", ""--bb-snapshot-interval"", ""1"", ""--bb-external-penalty"", ""0.25"", ""--bb-size-penalty"", ""0.01"", ""--bb-pattern-top-fraction"", ""0.2"", ""--bb-pattern-min-support"", ""2"", ""--bb-refine-fraction"", ""0.2"", ""--bb-accept-equal-sparser"", ""true"", ""--bb-shuffle-blocks"", ""true"", ""--bb-signed-repair-probability"", ""0.75"", ""--pre-lr-explore"", ""false"", ""--pre-lr-mutation-multiplier"", ""3.0"", ""--pre-lr-immigrant-rate"", ""0.1"", ""--artifact-layout"", ""nested"", ""--write-aggregate-outputs"", ""false"", ""--lr-expected-edges"", ""60"", ""--lr-refit-expected-edges"", ""30"", ""--bb-gawll-update-interval"", ""10"", ""--bb-max-refine-trials"", ""10"", ""--repeat-id"", ""1"", ""--outer-fold-id"", ""2""]"
247,warpPIE10P_asu,2,2,1,3,..\Results\results_fs_uniform_positive_medium_highdim\warpPIE10P_asu\blur_ga_pairwise_lasso_uniform_positive_binary_nopre,"[""warpPIE10P_asu"", ""2"", ""2"", ""--data-dir"", ""../Dataset/prepared_feature_selection"", ""--output-dir"", ""..\\Results\\results_fs_uniform_positive_medium_highdim\\warpPIE10P_asu\\blur_ga_pairwise_lasso_uniform_positive_binary_nopre"", ""--outer-folds"", ""4"", ""--inner-folds"", ""4"", ""--repeats"", ""3"", ""--seed"", ""1"", ""--shuffle"", ""true"", ""--popsize"", ""100"", ""--p-cross"", ""0.4"", ""--tournament-size"", ""3"", ""--tau-reset"", ""50"", ""--resetpop-rate"", ""0.99"", ""--local-search"", ""false"", ""--stop"", ""gen"", ""--max-gen"", ""100"", ""--edge-epsilon"", ""1e-06"", ""--save-generation-trace"", ""true"", ""--save-linkage-events"", ""false"", ""--save-graph-snapshots"", ""false"", ""--graph-snapshot-interval"", ""1"", ""--graph-snapshot-min-weight"", ""0.0"", ""--lr-gap-gen"", ""1"", ""--lr-min-samples"", ""10"", ""--lr-sparse-alpha"", ""0.001"", ""--lr-auto-alpha"", ""true"", ""--lr-alpha-c"", ""0.2"", ""--lr-delta"", ""0.05"", ""--lr-auto-min-samples"", ""true"", ""--lr-min-samples-c"", ""2.0"", ""--lr-stability-subsamples"", ""0"", ""--lr-stability-fraction"", ""0.75"", ""--lr-edge-min-weight"", ""0.0"", ""--lr-encoding"", ""binary"", ""--lr-solver"", ""auto"", ""--lr-matrix-free-threshold"", ""700"", ""--lr-matrix-free-max-iter"", ""8"", ""--lr-matrix-free-tol"", ""0.0001"", ""--lr-matrix-free-step-scale"", ""0.5"", ""--lr-matrix-free-dtype"", ""float32"", ""--build-building-blocks"", ""true"", ""--bb-weight-mode"", ""positive"", ""--bb-search-mode"", ""uniform"", ""--bb-min-block-size"", ""2"", ""--bb-max-blocks"", ""20"", ""--bb-snapshot-interval"", ""1"", ""--bb-external-penalty"", ""0.25"", ""--bb-size-penalty"", ""0.01"", ""--bb-pattern-top-fraction"", ""0.2"", ""--bb-pattern-min-support"", ""2"", ""--bb-refine-fraction"", ""0.2"", ""--bb-accept-equal-sparser"", ""true"", ""--bb-shuffle-blocks"", ""true"", ""--bb-signed-repair-probability"", ""0.75"", ""--pre-lr-explore"", ""false"", ""--pre-lr-mutation-multiplier"", ""3.0"", ""--pre-lr-immigrant-rate"", ""0.1"", ""--artifact-layout"", ""nested"", ""--write-aggregate-outputs"", ""false"", ""--lr-expected-edges"", ""60"", ""--lr-refit-expected-edges"", ""30"", ""--bb-gawll-update-interval"", ""10"", ""--bb-max-refine-trials"", ""10"", ""--repeat-id"", ""1"", ""--outer-fold-id"", ""3""]"
248,warpPIE10P_asu,2,2,2,0,..\Results\results_fs_uniform_positive_medium_highdim\warpPIE10P_asu\blur_ga_pairwise_lasso_uniform_positive_binary_nopre,"[""warpPIE10P_asu"", ""2"", ""2"", ""--data-dir"", ""../Dataset/prepared_feature_selection"", ""--output-dir"", ""..\\Results\\results_fs_uniform_positive_medium_highdim\\warpPIE10P_asu\\blur_ga_pairwise_lasso_uniform_positive_binary_nopre"", ""--outer-folds"", ""4"", ""--inner-folds"", ""4"", ""--repeats"", ""3"", ""--seed"", ""1"", ""--shuffle"", ""true"", ""--popsize"", ""100"", ""--p-cross"", ""0.4"", ""--tournament-size"", ""3"", ""--tau-reset"", ""50"", ""--resetpop-rate"", ""0.99"", ""--local-search"", ""false"", ""--stop"", ""gen"", ""--max-gen"", ""100"", ""--edge-epsilon"", ""1e-06"", ""--save-generation-trace"", ""true"", ""--save-linkage-events"", ""false"", ""--save-graph-snapshots"", ""false"", ""--graph-snapshot-interval"", ""1"", ""--graph-snapshot-min-weight"", ""0.0"", ""--lr-gap-gen"", ""1"", ""--lr-min-samples"", ""10"", ""--lr-sparse-alpha"", ""0.001"", ""--lr-auto-alpha"", ""true"", ""--lr-alpha-c"", ""0.2"", ""--lr-delta"", ""0.05"", ""--lr-auto-min-samples"", ""true"", ""--lr-min-samples-c"", ""2.0"", ""--lr-stability-subsamples"", ""0"", ""--lr-stability-fraction"", ""0.75"", ""--lr-edge-min-weight"", ""0.0"", ""--lr-encoding"", ""binary"", ""--lr-solver"", ""auto"", ""--lr-matrix-free-threshold"", ""700"", ""--lr-matrix-free-max-iter"", ""8"", ""--lr-matrix-free-tol"", ""0.0001"", ""--lr-matrix-free-step-scale"", ""0.5"", ""--lr-matrix-free-dtype"", ""float32"", ""--build-building-blocks"", ""true"", ""--bb-weight-mode"", ""positive"", ""--bb-search-mode"", ""uniform"", ""--bb-min-block-size"", ""2"", ""--bb-max-blocks"", ""20"", ""--bb-snapshot-interval"", ""1"", ""--bb-external-penalty"", ""0.25"", ""--bb-size-penalty"", ""0.01"", ""--bb-pattern-top-fraction"", ""0.2"", ""--bb-pattern-min-support"", ""2"", ""--bb-refine-fraction"", ""0.2"", ""--bb-accept-equal-sparser"", ""true"", ""--bb-shuffle-blocks"", ""true"", ""--bb-signed-repair-probability"", ""0.75"", ""--pre-lr-explore"", ""false"", ""--pre-lr-mutation-multiplier"", ""3.0"", ""--pre-lr-immigrant-rate"", ""0.1"", ""--artifact-layout"", ""nested"", ""--write-aggregate-outputs"", ""false"", ""--lr-expected-edges"", ""60"", ""--lr-refit-expected-edges"", ""30"", ""--bb-gawll-update-interval"", ""10"", ""--bb-max-refine-trials"", ""10"", ""--repeat-id"", ""2"", ""--outer-fold-id"", ""0""]"
249,warpPIE10P_asu,2,2,2,1,..\Results\results_fs_uniform_positive_medium_highdim\warpPIE10P_asu\blur_ga_pairwise_lasso_uniform_positive_binary_nopre,"[""warpPIE10P_asu"", ""2"", ""2"", ""--data-dir"", ""../Dataset/prepared_feature_selection"", ""--output-dir"", ""..\\Results\\results_fs_uniform_positive_medium_highdim\\warpPIE10P_asu\\blur_ga_pairwise_lasso_uniform_positive_binary_nopre"", ""--outer-folds"", ""4"", ""--inner-folds"", ""4"", ""--repeats"", ""3"", ""--seed"", ""1"", ""--shuffle"", ""true"", ""--popsize"", ""100"", ""--p-cross"", ""0.4"", ""--tournament-size"", ""3"", ""--tau-reset"", ""50"", ""--resetpop-rate"", ""0.99"", ""--local-search"", ""false"", ""--stop"", ""gen"", ""--max-gen"", ""100"", ""--edge-epsilon"", ""1e-06"", ""--save-generation-trace"", ""true"", ""--save-linkage-events"", ""false"", ""--save-graph-snapshots"", ""false"", ""--graph-snapshot-interval"", ""1"", ""--graph-snapshot-min-weight"", ""0.0"", ""--lr-gap-gen"", ""1"", ""--lr-min-samples"", ""10"", ""--lr-sparse-alpha"", ""0.001"", ""--lr-auto-alpha"", ""true"", ""--lr-alpha-c"", ""0.2"", ""--lr-delta"", ""0.05"", ""--lr-auto-min-samples"", ""true"", ""--lr-min-samples-c"", ""2.0"", ""--lr-stability-subsamples"", ""0"", ""--lr-stability-fraction"", ""0.75"", ""--lr-edge-min-weight"", ""0.0"", ""--lr-encoding"", ""binary"", ""--lr-solver"", ""auto"", ""--lr-matrix-free-threshold"", ""700"", ""--lr-matrix-free-max-iter"", ""8"", ""--lr-matrix-free-tol"", ""0.0001"", ""--lr-matrix-free-step-scale"", ""0.5"", ""--lr-matrix-free-dtype"", ""float32"", ""--build-building-blocks"", ""true"", ""--bb-weight-mode"", ""positive"", ""--bb-search-mode"", ""uniform"", ""--bb-min-block-size"", ""2"", ""--bb-max-blocks"", ""20"", ""--bb-snapshot-interval"", ""1"", ""--bb-external-penalty"", ""0.25"", ""--bb-size-penalty"", ""0.01"", ""--bb-pattern-top-fraction"", ""0.2"", ""--bb-pattern-min-support"", ""2"", ""--bb-refine-fraction"", ""0.2"", ""--bb-accept-equal-sparser"", ""true"", ""--bb-shuffle-blocks"", ""true"", ""--bb-signed-repair-probability"", ""0.75"", ""--pre-lr-explore"", ""false"", ""--pre-lr-mutation-multiplier"", ""3.0"", ""--pre-lr-immigrant-rate"", ""0.1"", ""--artifact-layout"", ""nested"", ""--write-aggregate-outputs"", ""false"", ""--lr-expected-edges"", ""60"", ""--lr-refit-expected-edges"", ""30"", ""--bb-gawll-update-interval"", ""10"", ""--bb-max-refine-trials"", ""10"", ""--repeat-id"", ""2"", ""--outer-fold-id"", ""1""]"
250,warpPIE10P_asu,2,2,2,2,..\Results\results_fs_uniform_positive_medium_highdim\warpPIE10P_asu\blur_ga_pairwise_lasso_uniform_positive_binary_nopre,"[""warpPIE10P_asu"", ""2"", ""2"", ""--data-dir"", ""../Dataset/prepared_feature_selection"", ""--output-dir"", ""..\\Results\\results_fs_uniform_positive_medium_highdim\\warpPIE10P_asu\\blur_ga_pairwise_lasso_uniform_positive_binary_nopre"", ""--outer-folds"", ""4"", ""--inner-folds"", ""4"", ""--repeats"", ""3"", ""--seed"", ""1"", ""--shuffle"", ""true"", ""--popsize"", ""100"", ""--p-cross"", ""0.4"", ""--tournament-size"", ""3"", ""--tau-reset"", ""50"", ""--resetpop-rate"", ""0.99"", ""--local-search"", ""false"", ""--stop"", ""gen"", ""--max-gen"", ""100"", ""--edge-epsilon"", ""1e-06"", ""--save-generation-trace"", ""true"", ""--save-linkage-events"", ""false"", ""--save-graph-snapshots"", ""false"", ""--graph-snapshot-interval"", ""1"", ""--graph-snapshot-min-weight"", ""0.0"", ""--lr-gap-gen"", ""1"", ""--lr-min-samples"", ""10"", ""--lr-sparse-alpha"", ""0.001"", ""--lr-auto-alpha"", ""true"", ""--lr-alpha-c"", ""0.2"", ""--lr-delta"", ""0.05"", ""--lr-auto-min-samples"", ""true"", ""--lr-min-samples-c"", ""2.0"", ""--lr-stability-subsamples"", ""0"", ""--lr-stability-fraction"", ""0.75"", ""--lr-edge-min-weight"", ""0.0"", ""--lr-encoding"", ""binary"", ""--lr-solver"", ""auto"", ""--lr-matrix-free-threshold"", ""700"", ""--lr-matrix-free-max-iter"", ""8"", ""--lr-matrix-free-tol"", ""0.0001"", ""--lr-matrix-free-step-scale"", ""0.5"", ""--lr-matrix-free-dtype"", ""float32"", ""--build-building-blocks"", ""true"", ""--bb-weight-mode"", ""positive"", ""--bb-search-mode"", ""uniform"", ""--bb-min-block-size"", ""2"", ""--bb-max-blocks"", ""20"", ""--bb-snapshot-interval"", ""1"", ""--bb-external-penalty"", ""0.25"", ""--bb-size-penalty"", ""0.01"", ""--bb-pattern-top-fraction"", ""0.2"", ""--bb-pattern-min-support"", ""2"", ""--bb-refine-fraction"", ""0.2"", ""--bb-accept-equal-sparser"", ""true"", ""--bb-shuffle-blocks"", ""true"", ""--bb-signed-repair-probability"", ""0.75"", ""--pre-lr-explore"", ""false"", ""--pre-lr-mutation-multiplier"", ""3.0"", ""--pre-lr-immigrant-rate"", ""0.1"", ""--artifact-layout"", ""nested"", ""--write-aggregate-outputs"", ""false"", ""--lr-expected-edges"", ""60"", ""--lr-refit-expected-edges"", ""30"", ""--bb-gawll-update-interval"", ""10"", ""--bb-max-refine-trials"", ""10"", ""--repeat-id"", ""2"", ""--outer-fold-id"", ""2""]"
251,warpPIE10P_asu,2,2,2,3,..\Results\results_fs_uniform_positive_medium_highdim\warpPIE10P_asu\blur_ga_pairwise_lasso_uniform_positive_binary_nopre,"[""warpPIE10P_asu"", ""2"", ""2"", ""--data-dir"", ""../Dataset/prepared_feature_selection"", ""--output-dir"", ""..\\Results\\results_fs_uniform_positive_medium_highdim\\warpPIE10P_asu\\blur_ga_pairwise_lasso_uniform_positive_binary_nopre"", ""--outer-folds"", ""4"", ""--inner-folds"", ""4"", ""--repeats"", ""3"", ""--seed"", ""1"", ""--shuffle"", ""true"", ""--popsize"", ""100"", ""--p-cross"", ""0.4"", ""--tournament-size"", ""3"", ""--tau-reset"", ""50"", ""--resetpop-rate"", ""0.99"", ""--local-search"", ""false"", ""--stop"", ""gen"", ""--max-gen"", ""100"", ""--edge-epsilon"", ""1e-06"", ""--save-generation-trace"", ""true"", ""--save-linkage-events"", ""false"", ""--save-graph-snapshots"", ""false"", ""--graph-snapshot-interval"", ""1"", ""--graph-snapshot-min-weight"", ""0.0"", ""--lr-gap-gen"", ""1"", ""--lr-min-samples"", ""10"", ""--lr-sparse-alpha"", ""0.001"", ""--lr-auto-alpha"", ""true"", ""--lr-alpha-c"", ""0.2"", ""--lr-delta"", ""0.05"", ""--lr-auto-min-samples"", ""true"", ""--lr-min-samples-c"", ""2.0"", ""--lr-stability-subsamples"", ""0"", ""--lr-stability-fraction"", ""0.75"", ""--lr-edge-min-weight"", ""0.0"", ""--lr-encoding"", ""binary"", ""--lr-solver"", ""auto"", ""--lr-matrix-free-threshold"", ""700"", ""--lr-matrix-free-max-iter"", ""8"", ""--lr-matrix-free-tol"", ""0.0001"", ""--lr-matrix-free-step-scale"", ""0.5"", ""--lr-matrix-free-dtype"", ""float32"", ""--build-building-blocks"", ""true"", ""--bb-weight-mode"", ""positive"", ""--bb-search-mode"", ""uniform"", ""--bb-min-block-size"", ""2"", ""--bb-max-blocks"", ""20"", ""--bb-snapshot-interval"", ""1"", ""--bb-external-penalty"", ""0.25"", ""--bb-size-penalty"", ""0.01"", ""--bb-pattern-top-fraction"", ""0.2"", ""--bb-pattern-min-support"", ""2"", ""--bb-refine-fraction"", ""0.2"", ""--bb-accept-equal-sparser"", ""true"", ""--bb-shuffle-blocks"", ""true"", ""--bb-signed-repair-probability"", ""0.75"", ""--pre-lr-explore"", ""false"", ""--pre-lr-mutation-multiplier"", ""3.0"", ""--pre-lr-immigrant-rate"", ""0.1"", ""--artifact-layout"", ""nested"", ""--write-aggregate-outputs"", ""false"", ""--lr-expected-edges"", ""60"", ""--lr-refit-expected-edges"", ""30"", ""--bb-gawll-update-interval"", ""10"", ""--bb-max-refine-trials"", ""10"", ""--repeat-id"", ""2"", ""--outer-fold-id"", ""3""]"
252,lung_discrete_asu,2,2,0,0,..\Results\results_fs_uniform_positive_medium_highdim\lung_discrete_asu\blur_ga_pairwise_lasso_uniform_positive_binary_pre,"[""lung_discrete_asu"", ""2"", ""2"", ""--data-dir"", ""../Dataset/prepared_feature_selection"", ""--output-dir"", ""..\\Results\\results_fs_uniform_positive_medium_highdim\\lung_discrete_asu\\blur_ga_pairwise_lasso_uniform_positive_binary_pre"", ""--outer-folds"", ""4"", ""--inner-folds"", ""4"", ""--repeats"", ""3"", ""--seed"", ""1"", ""--shuffle"", ""true"", ""--popsize"", ""100"", ""--p-cross"", ""0.4"", ""--tournament-size"", ""3"", ""--tau-reset"", ""50"", ""--resetpop-rate"", ""0.99"", ""--local-search"", ""false"", ""--stop"", ""gen"", ""--max-gen"", ""100"", ""--edge-epsilon"", ""1e-06"", ""--save-generation-trace"", ""true"", ""--save-linkage-events"", ""false"", ""--save-graph-snapshots"", ""false"", ""--graph-snapshot-interval"", ""1"", ""--graph-snapshot-min-weight"", ""0.0"", ""--lr-gap-gen"", ""1"", ""--lr-min-samples"", ""10"", ""--lr-sparse-alpha"", ""0.001"", ""--lr-auto-alpha"", ""true"", ""--lr-alpha-c"", ""0.2"", ""--lr-delta"", ""0.05"", ""--lr-auto-min-samples"", ""true"", ""--lr-min-samples-c"", ""2.0"", ""--lr-stability-subsamples"", ""0"", ""--lr-stability-fraction"", ""0.75"", ""--lr-edge-min-weight"", ""0.0"", ""--lr-encoding"", ""binary"", ""--lr-solver"", ""auto"", ""--lr-matrix-free-threshold"", ""700"", ""--lr-matrix-free-max-iter"", ""8"", ""--lr-matrix-free-tol"", ""0.0001"", ""--lr-matrix-free-step-scale"", ""0.5"", ""--lr-matrix-free-dtype"", ""float32"", ""--build-building-blocks"", ""true"", ""--bb-weight-mode"", ""positive"", ""--bb-search-mode"", ""uniform"", ""--bb-min-block-size"", ""2"", ""--bb-max-blocks"", ""20"", ""--bb-snapshot-interval"", ""1"", ""--bb-external-penalty"", ""0.25"", ""--bb-size-penalty"", ""0.01"", ""--bb-pattern-top-fraction"", ""0.2"", ""--bb-pattern-min-support"", ""2"", ""--bb-refine-fraction"", ""0.2"", ""--bb-accept-equal-sparser"", ""true"", ""--bb-shuffle-blocks"", ""true"", ""--bb-signed-repair-probability"", ""0.75"", ""--pre-lr-explore"", ""true"", ""--pre-lr-mutation-multiplier"", ""3.0"", ""--pre-lr-immigrant-rate"", ""0.1"", ""--artifact-layout"", ""nested"", ""--write-aggregate-outputs"", ""false"", ""--lr-expected-edges"", ""60"", ""--lr-refit-expected-edges"", ""30"", ""--bb-gawll-update-interval"", ""10"", ""--bb-max-refine-trials"", ""10"", ""--repeat-id"", ""0"", ""--outer-fold-id"", ""0""]"
253,lung_discrete_asu,2,2,0,1,..\Results\results_fs_uniform_positive_medium_highdim\lung_discrete_asu\blur_ga_pairwise_lasso_uniform_positive_binary_pre,"[""lung_discrete_asu"", ""2"", ""2"", ""--data-dir"", ""../Dataset/prepared_feature_selection"", ""--output-dir"", ""..\\Results\\results_fs_uniform_positive_medium_highdim\\lung_discrete_asu\\blur_ga_pairwise_lasso_uniform_positive_binary_pre"", ""--outer-folds"", ""4"", ""--inner-folds"", ""4"", ""--repeats"", ""3"", ""--seed"", ""1"", ""--shuffle"", ""true"", ""--popsize"", ""100"", ""--p-cross"", ""0.4"", ""--tournament-size"", ""3"", ""--tau-reset"", ""50"", ""--resetpop-rate"", ""0.99"", ""--local-search"", ""false"", ""--stop"", ""gen"", ""--max-gen"", ""100"", ""--edge-epsilon"", ""1e-06"", ""--save-generation-trace"", ""true"", ""--save-linkage-events"", ""false"", ""--save-graph-snapshots"", ""false"", ""--graph-snapshot-interval"", ""1"", ""--graph-snapshot-min-weight"", ""0.0"", ""--lr-gap-gen"", ""1"", ""--lr-min-samples"", ""10"", ""--lr-sparse-alpha"", ""0.001"", ""--lr-auto-alpha"", ""true"", ""--lr-alpha-c"", ""0.2"", ""--lr-delta"", ""0.05"", ""--lr-auto-min-samples"", ""true"", ""--lr-min-samples-c"", ""2.0"", ""--lr-stability-subsamples"", ""0"", ""--lr-stability-fraction"", ""0.75"", ""--lr-edge-min-weight"", ""0.0"", ""--lr-encoding"", ""binary"", ""--lr-solver"", ""auto"", ""--lr-matrix-free-threshold"", ""700"", ""--lr-matrix-free-max-iter"", ""8"", ""--lr-matrix-free-tol"", ""0.0001"", ""--lr-matrix-free-step-scale"", ""0.5"", ""--lr-matrix-free-dtype"", ""float32"", ""--build-building-blocks"", ""true"", ""--bb-weight-mode"", ""positive"", ""--bb-search-mode"", ""uniform"", ""--bb-min-block-size"", ""2"", ""--bb-max-blocks"", ""20"", ""--bb-snapshot-interval"", ""1"", ""--bb-external-penalty"", ""0.25"", ""--bb-size-penalty"", ""0.01"", ""--bb-pattern-top-fraction"", ""0.2"", ""--bb-pattern-min-support"", ""2"", ""--bb-refine-fraction"", ""0.2"", ""--bb-accept-equal-sparser"", ""true"", ""--bb-shuffle-blocks"", ""true"", ""--bb-signed-repair-probability"", ""0.75"", ""--pre-lr-explore"", ""true"", ""--pre-lr-mutation-multiplier"", ""3.0"", ""--pre-lr-immigrant-rate"", ""0.1"", ""--artifact-layout"", ""nested"", ""--write-aggregate-outputs"", ""false"", ""--lr-expected-edges"", ""60"", ""--lr-refit-expected-edges"", ""30"", ""--bb-gawll-update-interval"", ""10"", ""--bb-max-refine-trials"", ""10"", ""--repeat-id"", ""0"", ""--outer-fold-id"", ""1""]"
254,lung_discrete_asu,2,2,0,2,..\Results\results_fs_uniform_positive_medium_highdim\lung_discrete_asu\blur_ga_pairwise_lasso_uniform_positive_binary_pre,"[""lung_discrete_asu"", ""2"", ""2"", ""--data-dir"", ""../Dataset/prepared_feature_selection"", ""--output-dir"", ""..\\Results\\results_fs_uniform_positive_medium_highdim\\lung_discrete_asu\\blur_ga_pairwise_lasso_uniform_positive_binary_pre"", ""--outer-folds"", ""4"", ""--inner-folds"", ""4"", ""--repeats"", ""3"", ""--seed"", ""1"", ""--shuffle"", ""true"", ""--popsize"", ""100"", ""--p-cross"", ""0.4"", ""--tournament-size"", ""3"", ""--tau-reset"", ""50"", ""--resetpop-rate"", ""0.99"", ""--local-search"", ""false"", ""--stop"", ""gen"", ""--max-gen"", ""100"", ""--edge-epsilon"", ""1e-06"", ""--save-generation-trace"", ""true"", ""--save-linkage-events"", ""false"", ""--save-graph-snapshots"", ""false"", ""--graph-snapshot-interval"", ""1"", ""--graph-snapshot-min-weight"", ""0.0"", ""--lr-gap-gen"", ""1"", ""--lr-min-samples"", ""10"", ""--lr-sparse-alpha"", ""0.001"", ""--lr-auto-alpha"", ""true"", ""--lr-alpha-c"", ""0.2"", ""--lr-delta"", ""0.05"", ""--lr-auto-min-samples"", ""true"", ""--lr-min-samples-c"", ""2.0"", ""--lr-stability-subsamples"", ""0"", ""--lr-stability-fraction"", ""0.75"", ""--lr-edge-min-weight"", ""0.0"", ""--lr-encoding"", ""binary"", ""--lr-solver"", ""auto"", ""--lr-matrix-free-threshold"", ""700"", ""--lr-matrix-free-max-iter"", ""8"", ""--lr-matrix-free-tol"", ""0.0001"", ""--lr-matrix-free-step-scale"", ""0.5"", ""--lr-matrix-free-dtype"", ""float32"", ""--build-building-blocks"", ""true"", ""--bb-weight-mode"", ""positive"", ""--bb-search-mode"", ""uniform"", ""--bb-min-block-size"", ""2"", ""--bb-max-blocks"", ""20"", ""--bb-snapshot-interval"", ""1"", ""--bb-external-penalty"", ""0.25"", ""--bb-size-penalty"", ""0.01"", ""--bb-pattern-top-fraction"", ""0.2"", ""--bb-pattern-min-support"", ""2"", ""--bb-refine-fraction"", ""0.2"", ""--bb-accept-equal-sparser"", ""true"", ""--bb-shuffle-blocks"", ""true"", ""--bb-signed-repair-probability"", ""0.75"", ""--pre-lr-explore"", ""true"", ""--pre-lr-mutation-multiplier"", ""3.0"", ""--pre-lr-immigrant-rate"", ""0.1"", ""--artifact-layout"", ""nested"", ""--write-aggregate-outputs"", ""false"", ""--lr-expected-edges"", ""60"", ""--lr-refit-expected-edges"", ""30"", ""--bb-gawll-update-interval"", ""10"", ""--bb-max-refine-trials"", ""10"", ""--repeat-id"", ""0"", ""--outer-fold-id"", ""2""]"
255,lung_discrete_asu,2,2,0,3,..\Results\results_fs_uniform_positive_medium_highdim\lung_discrete_asu\blur_ga_pairwise_lasso_uniform_positive_binary_pre,"[""lung_discrete_asu"", ""2"", ""2"", ""--data-dir"", ""../Dataset/prepared_feature_selection"", ""--output-dir"", ""..\\Results\\results_fs_uniform_positive_medium_highdim\\lung_discrete_asu\\blur_ga_pairwise_lasso_uniform_positive_binary_pre"", ""--outer-folds"", ""4"", ""--inner-folds"", ""4"", ""--repeats"", ""3"", ""--seed"", ""1"", ""--shuffle"", ""true"", ""--popsize"", ""100"", ""--p-cross"", ""0.4"", ""--tournament-size"", ""3"", ""--tau-reset"", ""50"", ""--resetpop-rate"", ""0.99"", ""--local-search"", ""false"", ""--stop"", ""gen"", ""--max-gen"", ""100"", ""--edge-epsilon"", ""1e-06"", ""--save-generation-trace"", ""true"", ""--save-linkage-events"", ""false"", ""--save-graph-snapshots"", ""false"", ""--graph-snapshot-interval"", ""1"", ""--graph-snapshot-min-weight"", ""0.0"", ""--lr-gap-gen"", ""1"", ""--lr-min-samples"", ""10"", ""--lr-sparse-alpha"", ""0.001"", ""--lr-auto-alpha"", ""true"", ""--lr-alpha-c"", ""0.2"", ""--lr-delta"", ""0.05"", ""--lr-auto-min-samples"", ""true"", ""--lr-min-samples-c"", ""2.0"", ""--lr-stability-subsamples"", ""0"", ""--lr-stability-fraction"", ""0.75"", ""--lr-edge-min-weight"", ""0.0"", ""--lr-encoding"", ""binary"", ""--lr-solver"", ""auto"", ""--lr-matrix-free-threshold"", ""700"", ""--lr-matrix-free-max-iter"", ""8"", ""--lr-matrix-free-tol"", ""0.0001"", ""--lr-matrix-free-step-scale"", ""0.5"", ""--lr-matrix-free-dtype"", ""float32"", ""--build-building-blocks"", ""true"", ""--bb-weight-mode"", ""positive"", ""--bb-search-mode"", ""uniform"", ""--bb-min-block-size"", ""2"", ""--bb-max-blocks"", ""20"", ""--bb-snapshot-interval"", ""1"", ""--bb-external-penalty"", ""0.25"", ""--bb-size-penalty"", ""0.01"", ""--bb-pattern-top-fraction"", ""0.2"", ""--bb-pattern-min-support"", ""2"", ""--bb-refine-fraction"", ""0.2"", ""--bb-accept-equal-sparser"", ""true"", ""--bb-shuffle-blocks"", ""true"", ""--bb-signed-repair-probability"", ""0.75"", ""--pre-lr-explore"", ""true"", ""--pre-lr-mutation-multiplier"", ""3.0"", ""--pre-lr-immigrant-rate"", ""0.1"", ""--artifact-layout"", ""nested"", ""--write-aggregate-outputs"", ""false"", ""--lr-expected-edges"", ""60"", ""--lr-refit-expected-edges"", ""30"", ""--bb-gawll-update-interval"", ""10"", ""--bb-max-refine-trials"", ""10"", ""--repeat-id"", ""0"", ""--outer-fold-id"", ""3""]"
256,lung_discrete_asu,2,2,1,0,..\Results\results_fs_uniform_positive_medium_highdim\lung_discrete_asu\blur_ga_pairwise_lasso_uniform_positive_binary_pre,"[""lung_discrete_asu"", ""2"", ""2"", ""--data-dir"", ""../Dataset/prepared_feature_selection"", ""--output-dir"", ""..\\Results\\results_fs_uniform_positive_medium_highdim\\lung_discrete_asu\\blur_ga_pairwise_lasso_uniform_positive_binary_pre"", ""--outer-folds"", ""4"", ""--inner-folds"", ""4"", ""--repeats"", ""3"", ""--seed"", ""1"", ""--shuffle"", ""true"", ""--popsize"", ""100"", ""--p-cross"", ""0.4"", ""--tournament-size"", ""3"", ""--tau-reset"", ""50"", ""--resetpop-rate"", ""0.99"", ""--local-search"", ""false"", ""--stop"", ""gen"", ""--max-gen"", ""100"", ""--edge-epsilon"", ""1e-06"", ""--save-generation-trace"", ""true"", ""--save-linkage-events"", ""false"", ""--save-graph-snapshots"", ""false"", ""--graph-snapshot-interval"", ""1"", ""--graph-snapshot-min-weight"", ""0.0"", ""--lr-gap-gen"", ""1"", ""--lr-min-samples"", ""10"", ""--lr-sparse-alpha"", ""0.001"", ""--lr-auto-alpha"", ""true"", ""--lr-alpha-c"", ""0.2"", ""--lr-delta"", ""0.05"", ""--lr-auto-min-samples"", ""true"", ""--lr-min-samples-c"", ""2.0"", ""--lr-stability-subsamples"", ""0"", ""--lr-stability-fraction"", ""0.75"", ""--lr-edge-min-weight"", ""0.0"", ""--lr-encoding"", ""binary"", ""--lr-solver"", ""auto"", ""--lr-matrix-free-threshold"", ""700"", ""--lr-matrix-free-max-iter"", ""8"", ""--lr-matrix-free-tol"", ""0.0001"", ""--lr-matrix-free-step-scale"", ""0.5"", ""--lr-matrix-free-dtype"", ""float32"", ""--build-building-blocks"", ""true"", ""--bb-weight-mode"", ""positive"", ""--bb-search-mode"", ""uniform"", ""--bb-min-block-size"", ""2"", ""--bb-max-blocks"", ""20"", ""--bb-snapshot-interval"", ""1"", ""--bb-external-penalty"", ""0.25"", ""--bb-size-penalty"", ""0.01"", ""--bb-pattern-top-fraction"", ""0.2"", ""--bb-pattern-min-support"", ""2"", ""--bb-refine-fraction"", ""0.2"", ""--bb-accept-equal-sparser"", ""true"", ""--bb-shuffle-blocks"", ""true"", ""--bb-signed-repair-probability"", ""0.75"", ""--pre-lr-explore"", ""true"", ""--pre-lr-mutation-multiplier"", ""3.0"", ""--pre-lr-immigrant-rate"", ""0.1"", ""--artifact-layout"", ""nested"", ""--write-aggregate-outputs"", ""false"", ""--lr-expected-edges"", ""60"", ""--lr-refit-expected-edges"", ""30"", ""--bb-gawll-update-interval"", ""10"", ""--bb-max-refine-trials"", ""10"", ""--repeat-id"", ""1"", ""--outer-fold-id"", ""0""]"
257,lung_discrete_asu,2,2,1,1,..\Results\results_fs_uniform_positive_medium_highdim\lung_discrete_asu\blur_ga_pairwise_lasso_uniform_positive_binary_pre,"[""lung_discrete_asu"", ""2"", ""2"", ""--data-dir"", ""../Dataset/prepared_feature_selection"", ""--output-dir"", ""..\\Results\\results_fs_uniform_positive_medium_highdim\\lung_discrete_asu\\blur_ga_pairwise_lasso_uniform_positive_binary_pre"", ""--outer-folds"", ""4"", ""--inner-folds"", ""4"", ""--repeats"", ""3"", ""--seed"", ""1"", ""--shuffle"", ""true"", ""--popsize"", ""100"", ""--p-cross"", ""0.4"", ""--tournament-size"", ""3"", ""--tau-reset"", ""50"", ""--resetpop-rate"", ""0.99"", ""--local-search"", ""false"", ""--stop"", ""gen"", ""--max-gen"", ""100"", ""--edge-epsilon"", ""1e-06"", ""--save-generation-trace"", ""true"", ""--save-linkage-events"", ""false"", ""--save-graph-snapshots"", ""false"", ""--graph-snapshot-interval"", ""1"", ""--graph-snapshot-min-weight"", ""0.0"", ""--lr-gap-gen"", ""1"", ""--lr-min-samples"", ""10"", ""--lr-sparse-alpha"", ""0.001"", ""--lr-auto-alpha"", ""true"", ""--lr-alpha-c"", ""0.2"", ""--lr-delta"", ""0.05"", ""--lr-auto-min-samples"", ""true"", ""--lr-min-samples-c"", ""2.0"", ""--lr-stability-subsamples"", ""0"", ""--lr-stability-fraction"", ""0.75"", ""--lr-edge-min-weight"", ""0.0"", ""--lr-encoding"", ""binary"", ""--lr-solver"", ""auto"", ""--lr-matrix-free-threshold"", ""700"", ""--lr-matrix-free-max-iter"", ""8"", ""--lr-matrix-free-tol"", ""0.0001"", ""--lr-matrix-free-step-scale"", ""0.5"", ""--lr-matrix-free-dtype"", ""float32"", ""--build-building-blocks"", ""true"", ""--bb-weight-mode"", ""positive"", ""--bb-search-mode"", ""uniform"", ""--bb-min-block-size"", ""2"", ""--bb-max-blocks"", ""20"", ""--bb-snapshot-interval"", ""1"", ""--bb-external-penalty"", ""0.25"", ""--bb-size-penalty"", ""0.01"", ""--bb-pattern-top-fraction"", ""0.2"", ""--bb-pattern-min-support"", ""2"", ""--bb-refine-fraction"", ""0.2"", ""--bb-accept-equal-sparser"", ""true"", ""--bb-shuffle-blocks"", ""true"", ""--bb-signed-repair-probability"", ""0.75"", ""--pre-lr-explore"", ""true"", ""--pre-lr-mutation-multiplier"", ""3.0"", ""--pre-lr-immigrant-rate"", ""0.1"", ""--artifact-layout"", ""nested"", ""--write-aggregate-outputs"", ""false"", ""--lr-expected-edges"", ""60"", ""--lr-refit-expected-edges"", ""30"", ""--bb-gawll-update-interval"", ""10"", ""--bb-max-refine-trials"", ""10"", ""--repeat-id"", ""1"", ""--outer-fold-id"", ""1""]"
258,lung_discrete_asu,2,2,1,2,..\Results\results_fs_uniform_positive_medium_highdim\lung_discrete_asu\blur_ga_pairwise_lasso_uniform_positive_binary_pre,"[""lung_discrete_asu"", ""2"", ""2"", ""--data-dir"", ""../Dataset/prepared_feature_selection"", ""--output-dir"", ""..\\Results\\results_fs_uniform_positive_medium_highdim\\lung_discrete_asu\\blur_ga_pairwise_lasso_uniform_positive_binary_pre"", ""--outer-folds"", ""4"", ""--inner-folds"", ""4"", ""--repeats"", ""3"", ""--seed"", ""1"", ""--shuffle"", ""true"", ""--popsize"", ""100"", ""--p-cross"", ""0.4"", ""--tournament-size"", ""3"", ""--tau-reset"", ""50"", ""--resetpop-rate"", ""0.99"", ""--local-search"", ""false"", ""--stop"", ""gen"", ""--max-gen"", ""100"", ""--edge-epsilon"", ""1e-06"", ""--save-generation-trace"", ""true"", ""--save-linkage-events"", ""false"", ""--save-graph-snapshots"", ""false"", ""--graph-snapshot-interval"", ""1"", ""--graph-snapshot-min-weight"", ""0.0"", ""--lr-gap-gen"", ""1"", ""--lr-min-samples"", ""10"", ""--lr-sparse-alpha"", ""0.001"", ""--lr-auto-alpha"", ""true"", ""--lr-alpha-c"", ""0.2"", ""--lr-delta"", ""0.05"", ""--lr-auto-min-samples"", ""true"", ""--lr-min-samples-c"", ""2.0"", ""--lr-stability-subsamples"", ""0"", ""--lr-stability-fraction"", ""0.75"", ""--lr-edge-min-weight"", ""0.0"", ""--lr-encoding"", ""binary"", ""--lr-solver"", ""auto"", ""--lr-matrix-free-threshold"", ""700"", ""--lr-matrix-free-max-iter"", ""8"", ""--lr-matrix-free-tol"", ""0.0001"", ""--lr-matrix-free-step-scale"", ""0.5"", ""--lr-matrix-free-dtype"", ""float32"", ""--build-building-blocks"", ""true"", ""--bb-weight-mode"", ""positive"", ""--bb-search-mode"", ""uniform"", ""--bb-min-block-size"", ""2"", ""--bb-max-blocks"", ""20"", ""--bb-snapshot-interval"", ""1"", ""--bb-external-penalty"", ""0.25"", ""--bb-size-penalty"", ""0.01"", ""--bb-pattern-top-fraction"", ""0.2"", ""--bb-pattern-min-support"", ""2"", ""--bb-refine-fraction"", ""0.2"", ""--bb-accept-equal-sparser"", ""true"", ""--bb-shuffle-blocks"", ""true"", ""--bb-signed-repair-probability"", ""0.75"", ""--pre-lr-explore"", ""true"", ""--pre-lr-mutation-multiplier"", ""3.0"", ""--pre-lr-immigrant-rate"", ""0.1"", ""--artifact-layout"", ""nested"", ""--write-aggregate-outputs"", ""false"", ""--lr-expected-edges"", ""60"", ""--lr-refit-expected-edges"", ""30"", ""--bb-gawll-update-interval"", ""10"", ""--bb-max-refine-trials"", ""10"", ""--repeat-id"", ""1"", ""--outer-fold-id"", ""2""]"
259,lung_discrete_asu,2,2,1,3,..\Results\results_fs_uniform_positive_medium_highdim\lung_discrete_asu\blur_ga_pairwise_lasso_uniform_positive_binary_pre,"[""lung_discrete_asu"", ""2"", ""2"", ""--data-dir"", ""../Dataset/prepared_feature_selection"", ""--output-dir"", ""..\\Results\\results_fs_uniform_positive_medium_highdim\\lung_discrete_asu\\blur_ga_pairwise_lasso_uniform_positive_binary_pre"", ""--outer-folds"", ""4"", ""--inner-folds"", ""4"", ""--repeats"", ""3"", ""--seed"", ""1"", ""--shuffle"", ""true"", ""--popsize"", ""100"", ""--p-cross"", ""0.4"", ""--tournament-size"", ""3"", ""--tau-reset"", ""50"", ""--resetpop-rate"", ""0.99"", ""--local-search"", ""false"", ""--stop"", ""gen"", ""--max-gen"", ""100"", ""--edge-epsilon"", ""1e-06"", ""--save-generation-trace"", ""true"", ""--save-linkage-events"", ""false"", ""--save-graph-snapshots"", ""false"", ""--graph-snapshot-interval"", ""1"", ""--graph-snapshot-min-weight"", ""0.0"", ""--lr-gap-gen"", ""1"", ""--lr-min-samples"", ""10"", ""--lr-sparse-alpha"", ""0.001"", ""--lr-auto-alpha"", ""true"", ""--lr-alpha-c"", ""0.2"", ""--lr-delta"", ""0.05"", ""--lr-auto-min-samples"", ""true"", ""--lr-min-samples-c"", ""2.0"", ""--lr-stability-subsamples"", ""0"", ""--lr-stability-fraction"", ""0.75"", ""--lr-edge-min-weight"", ""0.0"", ""--lr-encoding"", ""binary"", ""--lr-solver"", ""auto"", ""--lr-matrix-free-threshold"", ""700"", ""--lr-matrix-free-max-iter"", ""8"", ""--lr-matrix-free-tol"", ""0.0001"", ""--lr-matrix-free-step-scale"", ""0.5"", ""--lr-matrix-free-dtype"", ""float32"", ""--build-building-blocks"", ""true"", ""--bb-weight-mode"", ""positive"", ""--bb-search-mode"", ""uniform"", ""--bb-min-block-size"", ""2"", ""--bb-max-blocks"", ""20"", ""--bb-snapshot-interval"", ""1"", ""--bb-external-penalty"", ""0.25"", ""--bb-size-penalty"", ""0.01"", ""--bb-pattern-top-fraction"", ""0.2"", ""--bb-pattern-min-support"", ""2"", ""--bb-refine-fraction"", ""0.2"", ""--bb-accept-equal-sparser"", ""true"", ""--bb-shuffle-blocks"", ""true"", ""--bb-signed-repair-probability"", ""0.75"", ""--pre-lr-explore"", ""true"", ""--pre-lr-mutation-multiplier"", ""3.0"", ""--pre-lr-immigrant-rate"", ""0.1"", ""--artifact-layout"", ""nested"", ""--write-aggregate-outputs"", ""false"", ""--lr-expected-edges"", ""60"", ""--lr-refit-expected-edges"", ""30"", ""--bb-gawll-update-interval"", ""10"", ""--bb-max-refine-trials"", ""10"", ""--repeat-id"", ""1"", ""--outer-fold-id"", ""3""]"
260,lung_discrete_asu,2,2,2,0,..\Results\results_fs_uniform_positive_medium_highdim\lung_discrete_asu\blur_ga_pairwise_lasso_uniform_positive_binary_pre,"[""lung_discrete_asu"", ""2"", ""2"", ""--data-dir"", ""../Dataset/prepared_feature_selection"", ""--output-dir"", ""..\\Results\\results_fs_uniform_positive_medium_highdim\\lung_discrete_asu\\blur_ga_pairwise_lasso_uniform_positive_binary_pre"", ""--outer-folds"", ""4"", ""--inner-folds"", ""4"", ""--repeats"", ""3"", ""--seed"", ""1"", ""--shuffle"", ""true"", ""--popsize"", ""100"", ""--p-cross"", ""0.4"", ""--tournament-size"", ""3"", ""--tau-reset"", ""50"", ""--resetpop-rate"", ""0.99"", ""--local-search"", ""false"", ""--stop"", ""gen"", ""--max-gen"", ""100"", ""--edge-epsilon"", ""1e-06"", ""--save-generation-trace"", ""true"", ""--save-linkage-events"", ""false"", ""--save-graph-snapshots"", ""false"", ""--graph-snapshot-interval"", ""1"", ""--graph-snapshot-min-weight"", ""0.0"", ""--lr-gap-gen"", ""1"", ""--lr-min-samples"", ""10"", ""--lr-sparse-alpha"", ""0.001"", ""--lr-auto-alpha"", ""true"", ""--lr-alpha-c"", ""0.2"", ""--lr-delta"", ""0.05"", ""--lr-auto-min-samples"", ""true"", ""--lr-min-samples-c"", ""2.0"", ""--lr-stability-subsamples"", ""0"", ""--lr-stability-fraction"", ""0.75"", ""--lr-edge-min-weight"", ""0.0"", ""--lr-encoding"", ""binary"", ""--lr-solver"", ""auto"", ""--lr-matrix-free-threshold"", ""700"", ""--lr-matrix-free-max-iter"", ""8"", ""--lr-matrix-free-tol"", ""0.0001"", ""--lr-matrix-free-step-scale"", ""0.5"", ""--lr-matrix-free-dtype"", ""float32"", ""--build-building-blocks"", ""true"", ""--bb-weight-mode"", ""positive"", ""--bb-search-mode"", ""uniform"", ""--bb-min-block-size"", ""2"", ""--bb-max-blocks"", ""20"", ""--bb-snapshot-interval"", ""1"", ""--bb-external-penalty"", ""0.25"", ""--bb-size-penalty"", ""0.01"", ""--bb-pattern-top-fraction"", ""0.2"", ""--bb-pattern-min-support"", ""2"", ""--bb-refine-fraction"", ""0.2"", ""--bb-accept-equal-sparser"", ""true"", ""--bb-shuffle-blocks"", ""true"", ""--bb-signed-repair-probability"", ""0.75"", ""--pre-lr-explore"", ""true"", ""--pre-lr-mutation-multiplier"", ""3.0"", ""--pre-lr-immigrant-rate"", ""0.1"", ""--artifact-layout"", ""nested"", ""--write-aggregate-outputs"", ""false"", ""--lr-expected-edges"", ""60"", ""--lr-refit-expected-edges"", ""30"", ""--bb-gawll-update-interval"", ""10"", ""--bb-max-refine-trials"", ""10"", ""--repeat-id"", ""2"", ""--outer-fold-id"", ""0""]"
261,lung_discrete_asu,2,2,2,1,..\Results\results_fs_uniform_positive_medium_highdim\lung_discrete_asu\blur_ga_pairwise_lasso_uniform_positive_binary_pre,"[""lung_discrete_asu"", ""2"", ""2"", ""--data-dir"", ""../Dataset/prepared_feature_selection"", ""--output-dir"", ""..\\Results\\results_fs_uniform_positive_medium_highdim\\lung_discrete_asu\\blur_ga_pairwise_lasso_uniform_positive_binary_pre"", ""--outer-folds"", ""4"", ""--inner-folds"", ""4"", ""--repeats"", ""3"", ""--seed"", ""1"", ""--shuffle"", ""true"", ""--popsize"", ""100"", ""--p-cross"", ""0.4"", ""--tournament-size"", ""3"", ""--tau-reset"", ""50"", ""--resetpop-rate"", ""0.99"", ""--local-search"", ""false"", ""--stop"", ""gen"", ""--max-gen"", ""100"", ""--edge-epsilon"", ""1e-06"", ""--save-generation-trace"", ""true"", ""--save-linkage-events"", ""false"", ""--save-graph-snapshots"", ""false"", ""--graph-snapshot-interval"", ""1"", ""--graph-snapshot-min-weight"", ""0.0"", ""--lr-gap-gen"", ""1"", ""--lr-min-samples"", ""10"", ""--lr-sparse-alpha"", ""0.001"", ""--lr-auto-alpha"", ""true"", ""--lr-alpha-c"", ""0.2"", ""--lr-delta"", ""0.05"", ""--lr-auto-min-samples"", ""true"", ""--lr-min-samples-c"", ""2.0"", ""--lr-stability-subsamples"", ""0"", ""--lr-stability-fraction"", ""0.75"", ""--lr-edge-min-weight"", ""0.0"", ""--lr-encoding"", ""binary"", ""--lr-solver"", ""auto"", ""--lr-matrix-free-threshold"", ""700"", ""--lr-matrix-free-max-iter"", ""8"", ""--lr-matrix-free-tol"", ""0.0001"", ""--lr-matrix-free-step-scale"", ""0.5"", ""--lr-matrix-free-dtype"", ""float32"", ""--build-building-blocks"", ""true"", ""--bb-weight-mode"", ""positive"", ""--bb-search-mode"", ""uniform"", ""--bb-min-block-size"", ""2"", ""--bb-max-blocks"", ""20"", ""--bb-snapshot-interval"", ""1"", ""--bb-external-penalty"", ""0.25"", ""--bb-size-penalty"", ""0.01"", ""--bb-pattern-top-fraction"", ""0.2"", ""--bb-pattern-min-support"", ""2"", ""--bb-refine-fraction"", ""0.2"", ""--bb-accept-equal-sparser"", ""true"", ""--bb-shuffle-blocks"", ""true"", ""--bb-signed-repair-probability"", ""0.75"", ""--pre-lr-explore"", ""true"", ""--pre-lr-mutation-multiplier"", ""3.0"", ""--pre-lr-immigrant-rate"", ""0.1"", ""--artifact-layout"", ""nested"", ""--write-aggregate-outputs"", ""false"", ""--lr-expected-edges"", ""60"", ""--lr-refit-expected-edges"", ""30"", ""--bb-gawll-update-interval"", ""10"", ""--bb-max-refine-trials"", ""10"", ""--repeat-id"", ""2"", ""--outer-fold-id"", ""1""]"
262,lung_discrete_asu,2,2,2,2,..\Results\results_fs_uniform_positive_medium_highdim\lung_discrete_asu\blur_ga_pairwise_lasso_uniform_positive_binary_pre,"[""lung_discrete_asu"", ""2"", ""2"", ""--data-dir"", ""../Dataset/prepared_feature_selection"", ""--output-dir"", ""..\\Results\\results_fs_uniform_positive_medium_highdim\\lung_discrete_asu\\blur_ga_pairwise_lasso_uniform_positive_binary_pre"", ""--outer-folds"", ""4"", ""--inner-folds"", ""4"", ""--repeats"", ""3"", ""--seed"", ""1"", ""--shuffle"", ""true"", ""--popsize"", ""100"", ""--p-cross"", ""0.4"", ""--tournament-size"", ""3"", ""--tau-reset"", ""50"", ""--resetpop-rate"", ""0.99"", ""--local-search"", ""false"", ""--stop"", ""gen"", ""--max-gen"", ""100"", ""--edge-epsilon"", ""1e-06"", ""--save-generation-trace"", ""true"", ""--save-linkage-events"", ""false"", ""--save-graph-snapshots"", ""false"", ""--graph-snapshot-interval"", ""1"", ""--graph-snapshot-min-weight"", ""0.0"", ""--lr-gap-gen"", ""1"", ""--lr-min-samples"", ""10"", ""--lr-sparse-alpha"", ""0.001"", ""--lr-auto-alpha"", ""true"", ""--lr-alpha-c"", ""0.2"", ""--lr-delta"", ""0.05"", ""--lr-auto-min-samples"", ""true"", ""--lr-min-samples-c"", ""2.0"", ""--lr-stability-subsamples"", ""0"", ""--lr-stability-fraction"", ""0.75"", ""--lr-edge-min-weight"", ""0.0"", ""--lr-encoding"", ""binary"", ""--lr-solver"", ""auto"", ""--lr-matrix-free-threshold"", ""700"", ""--lr-matrix-free-max-iter"", ""8"", ""--lr-matrix-free-tol"", ""0.0001"", ""--lr-matrix-free-step-scale"", ""0.5"", ""--lr-matrix-free-dtype"", ""float32"", ""--build-building-blocks"", ""true"", ""--bb-weight-mode"", ""positive"", ""--bb-search-mode"", ""uniform"", ""--bb-min-block-size"", ""2"", ""--bb-max-blocks"", ""20"", ""--bb-snapshot-interval"", ""1"", ""--bb-external-penalty"", ""0.25"", ""--bb-size-penalty"", ""0.01"", ""--bb-pattern-top-fraction"", ""0.2"", ""--bb-pattern-min-support"", ""2"", ""--bb-refine-fraction"", ""0.2"", ""--bb-accept-equal-sparser"", ""true"", ""--bb-shuffle-blocks"", ""true"", ""--bb-signed-repair-probability"", ""0.75"", ""--pre-lr-explore"", ""true"", ""--pre-lr-mutation-multiplier"", ""3.0"", ""--pre-lr-immigrant-rate"", ""0.1"", ""--artifact-layout"", ""nested"", ""--write-aggregate-outputs"", ""false"", ""--lr-expected-edges"", ""60"", ""--lr-refit-expected-edges"", ""30"", ""--bb-gawll-update-interval"", ""10"", ""--bb-max-refine-trials"", ""10"", ""--repeat-id"", ""2"", ""--outer-fold-id"", ""2""]"
263,lung_discrete_asu,2,2,2,3,..\Results\results_fs_uniform_positive_medium_highdim\lung_discrete_asu\blur_ga_pairwise_lasso_uniform_positive_binary_pre,"[""lung_discrete_asu"", ""2"", ""2"", ""--data-dir"", ""../Dataset/prepared_feature_selection"", ""--output-dir"", ""..\\Results\\results_fs_uniform_positive_medium_highdim\\lung_discrete_asu\\blur_ga_pairwise_lasso_uniform_positive_binary_pre"", ""--outer-folds"", ""4"", ""--inner-folds"", ""4"", ""--repeats"", ""3"", ""--seed"", ""1"", ""--shuffle"", ""true"", ""--popsize"", ""100"", ""--p-cross"", ""0.4"", ""--tournament-size"", ""3"", ""--tau-reset"", ""50"", ""--resetpop-rate"", ""0.99"", ""--local-search"", ""false"", ""--stop"", ""gen"", ""--max-gen"", ""100"", ""--edge-epsilon"", ""1e-06"", ""--save-generation-trace"", ""true"", ""--save-linkage-events"", ""false"", ""--save-graph-snapshots"", ""false"", ""--graph-snapshot-interval"", ""1"", ""--graph-snapshot-min-weight"", ""0.0"", ""--lr-gap-gen"", ""1"", ""--lr-min-samples"", ""10"", ""--lr-sparse-alpha"", ""0.001"", ""--lr-auto-alpha"", ""true"", ""--lr-alpha-c"", ""0.2"", ""--lr-delta"", ""0.05"", ""--lr-auto-min-samples"", ""true"", ""--lr-min-samples-c"", ""2.0"", ""--lr-stability-subsamples"", ""0"", ""--lr-stability-fraction"", ""0.75"", ""--lr-edge-min-weight"", ""0.0"", ""--lr-encoding"", ""binary"", ""--lr-solver"", ""auto"", ""--lr-matrix-free-threshold"", ""700"", ""--lr-matrix-free-max-iter"", ""8"", ""--lr-matrix-free-tol"", ""0.0001"", ""--lr-matrix-free-step-scale"", ""0.5"", ""--lr-matrix-free-dtype"", ""float32"", ""--build-building-blocks"", ""true"", ""--bb-weight-mode"", ""positive"", ""--bb-search-mode"", ""uniform"", ""--bb-min-block-size"", ""2"", ""--bb-max-blocks"", ""20"", ""--bb-snapshot-interval"", ""1"", ""--bb-external-penalty"", ""0.25"", ""--bb-size-penalty"", ""0.01"", ""--bb-pattern-top-fraction"", ""0.2"", ""--bb-pattern-min-support"", ""2"", ""--bb-refine-fraction"", ""0.2"", ""--bb-accept-equal-sparser"", ""true"", ""--bb-shuffle-blocks"", ""true"", ""--bb-signed-repair-probability"", ""0.75"", ""--pre-lr-explore"", ""true"", ""--pre-lr-mutation-multiplier"", ""3.0"", ""--pre-lr-immigrant-rate"", ""0.1"", ""--artifact-layout"", ""nested"", ""--write-aggregate-outputs"", ""false"", ""--lr-expected-edges"", ""60"", ""--lr-refit-expected-edges"", ""30"", ""--bb-gawll-update-interval"", ""10"", ""--bb-max-refine-trials"", ""10"", ""--repeat-id"", ""2"", ""--outer-fold-id"", ""3""]"
264,Isolet_asu,2,2,0,0,..\Results\results_fs_uniform_positive_medium_highdim\Isolet_asu\blur_ga_pairwise_lasso_uniform_positive_binary_pre,"[""Isolet_asu"", ""2"", ""2"", ""--data-dir"", ""../Dataset/prepared_feature_selection"", ""--output-dir"", ""..\\Results\\results_fs_uniform_positive_medium_highdim\\Isolet_asu\\blur_ga_pairwise_lasso_uniform_positive_binary_pre"", ""--outer-folds"", ""4"", ""--inner-folds"", ""4"", ""--repeats"", ""3"", ""--seed"", ""1"", ""--shuffle"", ""true"", ""--popsize"", ""100"", ""--p-cross"", ""0.4"", ""--tournament-size"", ""3"", ""--tau-reset"", ""50"", ""--resetpop-rate"", ""0.99"", ""--local-search"", ""false"", ""--stop"", ""gen"", ""--max-gen"", ""100"", ""--edge-epsilon"", ""1e-06"", ""--save-generation-trace"", ""true"", ""--save-linkage-events"", ""false"", ""--save-graph-snapshots"", ""false"", ""--graph-snapshot-interval"", ""1"", ""--graph-snapshot-min-weight"", ""0.0"", ""--lr-gap-gen"", ""1"", ""--lr-min-samples"", ""10"", ""--lr-sparse-alpha"", ""0.001"", ""--lr-auto-alpha"", ""true"", ""--lr-alpha-c"", ""0.2"", ""--lr-delta"", ""0.05"", ""--lr-auto-min-samples"", ""true"", ""--lr-min-samples-c"", ""2.0"", ""--lr-stability-subsamples"", ""0"", ""--lr-stability-fraction"", ""0.75"", ""--lr-edge-min-weight"", ""0.0"", ""--lr-encoding"", ""binary"", ""--lr-solver"", ""auto"", ""--lr-matrix-free-threshold"", ""700"", ""--lr-matrix-free-max-iter"", ""8"", ""--lr-matrix-free-tol"", ""0.0001"", ""--lr-matrix-free-step-scale"", ""0.5"", ""--lr-matrix-free-dtype"", ""float32"", ""--build-building-blocks"", ""true"", ""--bb-weight-mode"", ""positive"", ""--bb-search-mode"", ""uniform"", ""--bb-min-block-size"", ""2"", ""--bb-max-blocks"", ""20"", ""--bb-snapshot-interval"", ""1"", ""--bb-external-penalty"", ""0.25"", ""--bb-size-penalty"", ""0.01"", ""--bb-pattern-top-fraction"", ""0.2"", ""--bb-pattern-min-support"", ""2"", ""--bb-refine-fraction"", ""0.2"", ""--bb-accept-equal-sparser"", ""true"", ""--bb-shuffle-blocks"", ""true"", ""--bb-signed-repair-probability"", ""0.75"", ""--pre-lr-explore"", ""true"", ""--pre-lr-mutation-multiplier"", ""3.0"", ""--pre-lr-immigrant-rate"", ""0.1"", ""--artifact-layout"", ""nested"", ""--write-aggregate-outputs"", ""false"", ""--lr-expected-edges"", ""60"", ""--lr-refit-expected-edges"", ""30"", ""--bb-gawll-update-interval"", ""10"", ""--bb-max-refine-trials"", ""10"", ""--repeat-id"", ""0"", ""--outer-fold-id"", ""0""]"
265,Isolet_asu,2,2,0,1,..\Results\results_fs_uniform_positive_medium_highdim\Isolet_asu\blur_ga_pairwise_lasso_uniform_positive_binary_pre,"[""Isolet_asu"", ""2"", ""2"", ""--data-dir"", ""../Dataset/prepared_feature_selection"", ""--output-dir"", ""..\\Results\\results_fs_uniform_positive_medium_highdim\\Isolet_asu\\blur_ga_pairwise_lasso_uniform_positive_binary_pre"", ""--outer-folds"", ""4"", ""--inner-folds"", ""4"", ""--repeats"", ""3"", ""--seed"", ""1"", ""--shuffle"", ""true"", ""--popsize"", ""100"", ""--p-cross"", ""0.4"", ""--tournament-size"", ""3"", ""--tau-reset"", ""50"", ""--resetpop-rate"", ""0.99"", ""--local-search"", ""false"", ""--stop"", ""gen"", ""--max-gen"", ""100"", ""--edge-epsilon"", ""1e-06"", ""--save-generation-trace"", ""true"", ""--save-linkage-events"", ""false"", ""--save-graph-snapshots"", ""false"", ""--graph-snapshot-interval"", ""1"", ""--graph-snapshot-min-weight"", ""0.0"", ""--lr-gap-gen"", ""1"", ""--lr-min-samples"", ""10"", ""--lr-sparse-alpha"", ""0.001"", ""--lr-auto-alpha"", ""true"", ""--lr-alpha-c"", ""0.2"", ""--lr-delta"", ""0.05"", ""--lr-auto-min-samples"", ""true"", ""--lr-min-samples-c"", ""2.0"", ""--lr-stability-subsamples"", ""0"", ""--lr-stability-fraction"", ""0.75"", ""--lr-edge-min-weight"", ""0.0"", ""--lr-encoding"", ""binary"", ""--lr-solver"", ""auto"", ""--lr-matrix-free-threshold"", ""700"", ""--lr-matrix-free-max-iter"", ""8"", ""--lr-matrix-free-tol"", ""0.0001"", ""--lr-matrix-free-step-scale"", ""0.5"", ""--lr-matrix-free-dtype"", ""float32"", ""--build-building-blocks"", ""true"", ""--bb-weight-mode"", ""positive"", ""--bb-search-mode"", ""uniform"", ""--bb-min-block-size"", ""2"", ""--bb-max-blocks"", ""20"", ""--bb-snapshot-interval"", ""1"", ""--bb-external-penalty"", ""0.25"", ""--bb-size-penalty"", ""0.01"", ""--bb-pattern-top-fraction"", ""0.2"", ""--bb-pattern-min-support"", ""2"", ""--bb-refine-fraction"", ""0.2"", ""--bb-accept-equal-sparser"", ""true"", ""--bb-shuffle-blocks"", ""true"", ""--bb-signed-repair-probability"", ""0.75"", ""--pre-lr-explore"", ""true"", ""--pre-lr-mutation-multiplier"", ""3.0"", ""--pre-lr-immigrant-rate"", ""0.1"", ""--artifact-layout"", ""nested"", ""--write-aggregate-outputs"", ""false"", ""--lr-expected-edges"", ""60"", ""--lr-refit-expected-edges"", ""30"", ""--bb-gawll-update-interval"", ""10"", ""--bb-max-refine-trials"", ""10"", ""--repeat-id"", ""0"", ""--outer-fold-id"", ""1""]"
266,Isolet_asu,2,2,0,2,..\Results\results_fs_uniform_positive_medium_highdim\Isolet_asu\blur_ga_pairwise_lasso_uniform_positive_binary_pre,"[""Isolet_asu"", ""2"", ""2"", ""--data-dir"", ""../Dataset/prepared_feature_selection"", ""--output-dir"", ""..\\Results\\results_fs_uniform_positive_medium_highdim\\Isolet_asu\\blur_ga_pairwise_lasso_uniform_positive_binary_pre"", ""--outer-folds"", ""4"", ""--inner-folds"", ""4"", ""--repeats"", ""3"", ""--seed"", ""1"", ""--shuffle"", ""true"", ""--popsize"", ""100"", ""--p-cross"", ""0.4"", ""--tournament-size"", ""3"", ""--tau-reset"", ""50"", ""--resetpop-rate"", ""0.99"", ""--local-search"", ""false"", ""--stop"", ""gen"", ""--max-gen"", ""100"", ""--edge-epsilon"", ""1e-06"", ""--save-generation-trace"", ""true"", ""--save-linkage-events"", ""false"", ""--save-graph-snapshots"", ""false"", ""--graph-snapshot-interval"", ""1"", ""--graph-snapshot-min-weight"", ""0.0"", ""--lr-gap-gen"", ""1"", ""--lr-min-samples"", ""10"", ""--lr-sparse-alpha"", ""0.001"", ""--lr-auto-alpha"", ""true"", ""--lr-alpha-c"", ""0.2"", ""--lr-delta"", ""0.05"", ""--lr-auto-min-samples"", ""true"", ""--lr-min-samples-c"", ""2.0"", ""--lr-stability-subsamples"", ""0"", ""--lr-stability-fraction"", ""0.75"", ""--lr-edge-min-weight"", ""0.0"", ""--lr-encoding"", ""binary"", ""--lr-solver"", ""auto"", ""--lr-matrix-free-threshold"", ""700"", ""--lr-matrix-free-max-iter"", ""8"", ""--lr-matrix-free-tol"", ""0.0001"", ""--lr-matrix-free-step-scale"", ""0.5"", ""--lr-matrix-free-dtype"", ""float32"", ""--build-building-blocks"", ""true"", ""--bb-weight-mode"", ""positive"", ""--bb-search-mode"", ""uniform"", ""--bb-min-block-size"", ""2"", ""--bb-max-blocks"", ""20"", ""--bb-snapshot-interval"", ""1"", ""--bb-external-penalty"", ""0.25"", ""--bb-size-penalty"", ""0.01"", ""--bb-pattern-top-fraction"", ""0.2"", ""--bb-pattern-min-support"", ""2"", ""--bb-refine-fraction"", ""0.2"", ""--bb-accept-equal-sparser"", ""true"", ""--bb-shuffle-blocks"", ""true"", ""--bb-signed-repair-probability"", ""0.75"", ""--pre-lr-explore"", ""true"", ""--pre-lr-mutation-multiplier"", ""3.0"", ""--pre-lr-immigrant-rate"", ""0.1"", ""--artifact-layout"", ""nested"", ""--write-aggregate-outputs"", ""false"", ""--lr-expected-edges"", ""60"", ""--lr-refit-expected-edges"", ""30"", ""--bb-gawll-update-interval"", ""10"", ""--bb-max-refine-trials"", ""10"", ""--repeat-id"", ""0"", ""--outer-fold-id"", ""2""]"
267,Isolet_asu,2,2,0,3,..\Results\results_fs_uniform_positive_medium_highdim\Isolet_asu\blur_ga_pairwise_lasso_uniform_positive_binary_pre,"[""Isolet_asu"", ""2"", ""2"", ""--data-dir"", ""../Dataset/prepared_feature_selection"", ""--output-dir"", ""..\\Results\\results_fs_uniform_positive_medium_highdim\\Isolet_asu\\blur_ga_pairwise_lasso_uniform_positive_binary_pre"", ""--outer-folds"", ""4"", ""--inner-folds"", ""4"", ""--repeats"", ""3"", ""--seed"", ""1"", ""--shuffle"", ""true"", ""--popsize"", ""100"", ""--p-cross"", ""0.4"", ""--tournament-size"", ""3"", ""--tau-reset"", ""50"", ""--resetpop-rate"", ""0.99"", ""--local-search"", ""false"", ""--stop"", ""gen"", ""--max-gen"", ""100"", ""--edge-epsilon"", ""1e-06"", ""--save-generation-trace"", ""true"", ""--save-linkage-events"", ""false"", ""--save-graph-snapshots"", ""false"", ""--graph-snapshot-interval"", ""1"", ""--graph-snapshot-min-weight"", ""0.0"", ""--lr-gap-gen"", ""1"", ""--lr-min-samples"", ""10"", ""--lr-sparse-alpha"", ""0.001"", ""--lr-auto-alpha"", ""true"", ""--lr-alpha-c"", ""0.2"", ""--lr-delta"", ""0.05"", ""--lr-auto-min-samples"", ""true"", ""--lr-min-samples-c"", ""2.0"", ""--lr-stability-subsamples"", ""0"", ""--lr-stability-fraction"", ""0.75"", ""--lr-edge-min-weight"", ""0.0"", ""--lr-encoding"", ""binary"", ""--lr-solver"", ""auto"", ""--lr-matrix-free-threshold"", ""700"", ""--lr-matrix-free-max-iter"", ""8"", ""--lr-matrix-free-tol"", ""0.0001"", ""--lr-matrix-free-step-scale"", ""0.5"", ""--lr-matrix-free-dtype"", ""float32"", ""--build-building-blocks"", ""true"", ""--bb-weight-mode"", ""positive"", ""--bb-search-mode"", ""uniform"", ""--bb-min-block-size"", ""2"", ""--bb-max-blocks"", ""20"", ""--bb-snapshot-interval"", ""1"", ""--bb-external-penalty"", ""0.25"", ""--bb-size-penalty"", ""0.01"", ""--bb-pattern-top-fraction"", ""0.2"", ""--bb-pattern-min-support"", ""2"", ""--bb-refine-fraction"", ""0.2"", ""--bb-accept-equal-sparser"", ""true"", ""--bb-shuffle-blocks"", ""true"", ""--bb-signed-repair-probability"", ""0.75"", ""--pre-lr-explore"", ""true"", ""--pre-lr-mutation-multiplier"", ""3.0"", ""--pre-lr-immigrant-rate"", ""0.1"", ""--artifact-layout"", ""nested"", ""--write-aggregate-outputs"", ""false"", ""--lr-expected-edges"", ""60"", ""--lr-refit-expected-edges"", ""30"", ""--bb-gawll-update-interval"", ""10"", ""--bb-max-refine-trials"", ""10"", ""--repeat-id"", ""0"", ""--outer-fold-id"", ""3""]"
268,Isolet_asu,2,2,1,0,..\Results\results_fs_uniform_positive_medium_highdim\Isolet_asu\blur_ga_pairwise_lasso_uniform_positive_binary_pre,"[""Isolet_asu"", ""2"", ""2"", ""--data-dir"", ""../Dataset/prepared_feature_selection"", ""--output-dir"", ""..\\Results\\results_fs_uniform_positive_medium_highdim\\Isolet_asu\\blur_ga_pairwise_lasso_uniform_positive_binary_pre"", ""--outer-folds"", ""4"", ""--inner-folds"", ""4"", ""--repeats"", ""3"", ""--seed"", ""1"", ""--shuffle"", ""true"", ""--popsize"", ""100"", ""--p-cross"", ""0.4"", ""--tournament-size"", ""3"", ""--tau-reset"", ""50"", ""--resetpop-rate"", ""0.99"", ""--local-search"", ""false"", ""--stop"", ""gen"", ""--max-gen"", ""100"", ""--edge-epsilon"", ""1e-06"", ""--save-generation-trace"", ""true"", ""--save-linkage-events"", ""false"", ""--save-graph-snapshots"", ""false"", ""--graph-snapshot-interval"", ""1"", ""--graph-snapshot-min-weight"", ""0.0"", ""--lr-gap-gen"", ""1"", ""--lr-min-samples"", ""10"", ""--lr-sparse-alpha"", ""0.001"", ""--lr-auto-alpha"", ""true"", ""--lr-alpha-c"", ""0.2"", ""--lr-delta"", ""0.05"", ""--lr-auto-min-samples"", ""true"", ""--lr-min-samples-c"", ""2.0"", ""--lr-stability-subsamples"", ""0"", ""--lr-stability-fraction"", ""0.75"", ""--lr-edge-min-weight"", ""0.0"", ""--lr-encoding"", ""binary"", ""--lr-solver"", ""auto"", ""--lr-matrix-free-threshold"", ""700"", ""--lr-matrix-free-max-iter"", ""8"", ""--lr-matrix-free-tol"", ""0.0001"", ""--lr-matrix-free-step-scale"", ""0.5"", ""--lr-matrix-free-dtype"", ""float32"", ""--build-building-blocks"", ""true"", ""--bb-weight-mode"", ""positive"", ""--bb-search-mode"", ""uniform"", ""--bb-min-block-size"", ""2"", ""--bb-max-blocks"", ""20"", ""--bb-snapshot-interval"", ""1"", ""--bb-external-penalty"", ""0.25"", ""--bb-size-penalty"", ""0.01"", ""--bb-pattern-top-fraction"", ""0.2"", ""--bb-pattern-min-support"", ""2"", ""--bb-refine-fraction"", ""0.2"", ""--bb-accept-equal-sparser"", ""true"", ""--bb-shuffle-blocks"", ""true"", ""--bb-signed-repair-probability"", ""0.75"", ""--pre-lr-explore"", ""true"", ""--pre-lr-mutation-multiplier"", ""3.0"", ""--pre-lr-immigrant-rate"", ""0.1"", ""--artifact-layout"", ""nested"", ""--write-aggregate-outputs"", ""false"", ""--lr-expected-edges"", ""60"", ""--lr-refit-expected-edges"", ""30"", ""--bb-gawll-update-interval"", ""10"", ""--bb-max-refine-trials"", ""10"", ""--repeat-id"", ""1"", ""--outer-fold-id"", ""0""]"
269,Isolet_asu,2,2,1,1,..\Results\results_fs_uniform_positive_medium_highdim\Isolet_asu\blur_ga_pairwise_lasso_uniform_positive_binary_pre,"[""Isolet_asu"", ""2"", ""2"", ""--data-dir"", ""../Dataset/prepared_feature_selection"", ""--output-dir"", ""..\\Results\\results_fs_uniform_positive_medium_highdim\\Isolet_asu\\blur_ga_pairwise_lasso_uniform_positive_binary_pre"", ""--outer-folds"", ""4"", ""--inner-folds"", ""4"", ""--repeats"", ""3"", ""--seed"", ""1"", ""--shuffle"", ""true"", ""--popsize"", ""100"", ""--p-cross"", ""0.4"", ""--tournament-size"", ""3"", ""--tau-reset"", ""50"", ""--resetpop-rate"", ""0.99"", ""--local-search"", ""false"", ""--stop"", ""gen"", ""--max-gen"", ""100"", ""--edge-epsilon"", ""1e-06"", ""--save-generation-trace"", ""true"", ""--save-linkage-events"", ""false"", ""--save-graph-snapshots"", ""false"", ""--graph-snapshot-interval"", ""1"", ""--graph-snapshot-min-weight"", ""0.0"", ""--lr-gap-gen"", ""1"", ""--lr-min-samples"", ""10"", ""--lr-sparse-alpha"", ""0.001"", ""--lr-auto-alpha"", ""true"", ""--lr-alpha-c"", ""0.2"", ""--lr-delta"", ""0.05"", ""--lr-auto-min-samples"", ""true"", ""--lr-min-samples-c"", ""2.0"", ""--lr-stability-subsamples"", ""0"", ""--lr-stability-fraction"", ""0.75"", ""--lr-edge-min-weight"", ""0.0"", ""--lr-encoding"", ""binary"", ""--lr-solver"", ""auto"", ""--lr-matrix-free-threshold"", ""700"", ""--lr-matrix-free-max-iter"", ""8"", ""--lr-matrix-free-tol"", ""0.0001"", ""--lr-matrix-free-step-scale"", ""0.5"", ""--lr-matrix-free-dtype"", ""float32"", ""--build-building-blocks"", ""true"", ""--bb-weight-mode"", ""positive"", ""--bb-search-mode"", ""uniform"", ""--bb-min-block-size"", ""2"", ""--bb-max-blocks"", ""20"", ""--bb-snapshot-interval"", ""1"", ""--bb-external-penalty"", ""0.25"", ""--bb-size-penalty"", ""0.01"", ""--bb-pattern-top-fraction"", ""0.2"", ""--bb-pattern-min-support"", ""2"", ""--bb-refine-fraction"", ""0.2"", ""--bb-accept-equal-sparser"", ""true"", ""--bb-shuffle-blocks"", ""true"", ""--bb-signed-repair-probability"", ""0.75"", ""--pre-lr-explore"", ""true"", ""--pre-lr-mutation-multiplier"", ""3.0"", ""--pre-lr-immigrant-rate"", ""0.1"", ""--artifact-layout"", ""nested"", ""--write-aggregate-outputs"", ""false"", ""--lr-expected-edges"", ""60"", ""--lr-refit-expected-edges"", ""30"", ""--bb-gawll-update-interval"", ""10"", ""--bb-max-refine-trials"", ""10"", ""--repeat-id"", ""1"", ""--outer-fold-id"", ""1""]"
270,Isolet_asu,2,2,1,2,..\Results\results_fs_uniform_positive_medium_highdim\Isolet_asu\blur_ga_pairwise_lasso_uniform_positive_binary_pre,"[""Isolet_asu"", ""2"", ""2"", ""--data-dir"", ""../Dataset/prepared_feature_selection"", ""--output-dir"", ""..\\Results\\results_fs_uniform_positive_medium_highdim\\Isolet_asu\\blur_ga_pairwise_lasso_uniform_positive_binary_pre"", ""--outer-folds"", ""4"", ""--inner-folds"", ""4"", ""--repeats"", ""3"", ""--seed"", ""1"", ""--shuffle"", ""true"", ""--popsize"", ""100"", ""--p-cross"", ""0.4"", ""--tournament-size"", ""3"", ""--tau-reset"", ""50"", ""--resetpop-rate"", ""0.99"", ""--local-search"", ""false"", ""--stop"", ""gen"", ""--max-gen"", ""100"", ""--edge-epsilon"", ""1e-06"", ""--save-generation-trace"", ""true"", ""--save-linkage-events"", ""false"", ""--save-graph-snapshots"", ""false"", ""--graph-snapshot-interval"", ""1"", ""--graph-snapshot-min-weight"", ""0.0"", ""--lr-gap-gen"", ""1"", ""--lr-min-samples"", ""10"", ""--lr-sparse-alpha"", ""0.001"", ""--lr-auto-alpha"", ""true"", ""--lr-alpha-c"", ""0.2"", ""--lr-delta"", ""0.05"", ""--lr-auto-min-samples"", ""true"", ""--lr-min-samples-c"", ""2.0"", ""--lr-stability-subsamples"", ""0"", ""--lr-stability-fraction"", ""0.75"", ""--lr-edge-min-weight"", ""0.0"", ""--lr-encoding"", ""binary"", ""--lr-solver"", ""auto"", ""--lr-matrix-free-threshold"", ""700"", ""--lr-matrix-free-max-iter"", ""8"", ""--lr-matrix-free-tol"", ""0.0001"", ""--lr-matrix-free-step-scale"", ""0.5"", ""--lr-matrix-free-dtype"", ""float32"", ""--build-building-blocks"", ""true"", ""--bb-weight-mode"", ""positive"", ""--bb-search-mode"", ""uniform"", ""--bb-min-block-size"", ""2"", ""--bb-max-blocks"", ""20"", ""--bb-snapshot-interval"", ""1"", ""--bb-external-penalty"", ""0.25"", ""--bb-size-penalty"", ""0.01"", ""--bb-pattern-top-fraction"", ""0.2"", ""--bb-pattern-min-support"", ""2"", ""--bb-refine-fraction"", ""0.2"", ""--bb-accept-equal-sparser"", ""true"", ""--bb-shuffle-blocks"", ""true"", ""--bb-signed-repair-probability"", ""0.75"", ""--pre-lr-explore"", ""true"", ""--pre-lr-mutation-multiplier"", ""3.0"", ""--pre-lr-immigrant-rate"", ""0.1"", ""--artifact-layout"", ""nested"", ""--write-aggregate-outputs"", ""false"", ""--lr-expected-edges"", ""60"", ""--lr-refit-expected-edges"", ""30"", ""--bb-gawll-update-interval"", ""10"", ""--bb-max-refine-trials"", ""10"", ""--repeat-id"", ""1"", ""--outer-fold-id"", ""2""]"
271,Isolet_asu,2,2,1,3,..\Results\results_fs_uniform_positive_medium_highdim\Isolet_asu\blur_ga_pairwise_lasso_uniform_positive_binary_pre,"[""Isolet_asu"", ""2"", ""2"", ""--data-dir"", ""../Dataset/prepared_feature_selection"", ""--output-dir"", ""..\\Results\\results_fs_uniform_positive_medium_highdim\\Isolet_asu\\blur_ga_pairwise_lasso_uniform_positive_binary_pre"", ""--outer-folds"", ""4"", ""--inner-folds"", ""4"", ""--repeats"", ""3"", ""--seed"", ""1"", ""--shuffle"", ""true"", ""--popsize"", ""100"", ""--p-cross"", ""0.4"", ""--tournament-size"", ""3"", ""--tau-reset"", ""50"", ""--resetpop-rate"", ""0.99"", ""--local-search"", ""false"", ""--stop"", ""gen"", ""--max-gen"", ""100"", ""--edge-epsilon"", ""1e-06"", ""--save-generation-trace"", ""true"", ""--save-linkage-events"", ""false"", ""--save-graph-snapshots"", ""false"", ""--graph-snapshot-interval"", ""1"", ""--graph-snapshot-min-weight"", ""0.0"", ""--lr-gap-gen"", ""1"", ""--lr-min-samples"", ""10"", ""--lr-sparse-alpha"", ""0.001"", ""--lr-auto-alpha"", ""true"", ""--lr-alpha-c"", ""0.2"", ""--lr-delta"", ""0.05"", ""--lr-auto-min-samples"", ""true"", ""--lr-min-samples-c"", ""2.0"", ""--lr-stability-subsamples"", ""0"", ""--lr-stability-fraction"", ""0.75"", ""--lr-edge-min-weight"", ""0.0"", ""--lr-encoding"", ""binary"", ""--lr-solver"", ""auto"", ""--lr-matrix-free-threshold"", ""700"", ""--lr-matrix-free-max-iter"", ""8"", ""--lr-matrix-free-tol"", ""0.0001"", ""--lr-matrix-free-step-scale"", ""0.5"", ""--lr-matrix-free-dtype"", ""float32"", ""--build-building-blocks"", ""true"", ""--bb-weight-mode"", ""positive"", ""--bb-search-mode"", ""uniform"", ""--bb-min-block-size"", ""2"", ""--bb-max-blocks"", ""20"", ""--bb-snapshot-interval"", ""1"", ""--bb-external-penalty"", ""0.25"", ""--bb-size-penalty"", ""0.01"", ""--bb-pattern-top-fraction"", ""0.2"", ""--bb-pattern-min-support"", ""2"", ""--bb-refine-fraction"", ""0.2"", ""--bb-accept-equal-sparser"", ""true"", ""--bb-shuffle-blocks"", ""true"", ""--bb-signed-repair-probability"", ""0.75"", ""--pre-lr-explore"", ""true"", ""--pre-lr-mutation-multiplier"", ""3.0"", ""--pre-lr-immigrant-rate"", ""0.1"", ""--artifact-layout"", ""nested"", ""--write-aggregate-outputs"", ""false"", ""--lr-expected-edges"", ""60"", ""--lr-refit-expected-edges"", ""30"", ""--bb-gawll-update-interval"", ""10"", ""--bb-max-refine-trials"", ""10"", ""--repeat-id"", ""1"", ""--outer-fold-id"", ""3""]"
272,Isolet_asu,2,2,2,0,..\Results\results_fs_uniform_positive_medium_highdim\Isolet_asu\blur_ga_pairwise_lasso_uniform_positive_binary_pre,"[""Isolet_asu"", ""2"", ""2"", ""--data-dir"", ""../Dataset/prepared_feature_selection"", ""--output-dir"", ""..\\Results\\results_fs_uniform_positive_medium_highdim\\Isolet_asu\\blur_ga_pairwise_lasso_uniform_positive_binary_pre"", ""--outer-folds"", ""4"", ""--inner-folds"", ""4"", ""--repeats"", ""3"", ""--seed"", ""1"", ""--shuffle"", ""true"", ""--popsize"", ""100"", ""--p-cross"", ""0.4"", ""--tournament-size"", ""3"", ""--tau-reset"", ""50"", ""--resetpop-rate"", ""0.99"", ""--local-search"", ""false"", ""--stop"", ""gen"", ""--max-gen"", ""100"", ""--edge-epsilon"", ""1e-06"", ""--save-generation-trace"", ""true"", ""--save-linkage-events"", ""false"", ""--save-graph-snapshots"", ""false"", ""--graph-snapshot-interval"", ""1"", ""--graph-snapshot-min-weight"", ""0.0"", ""--lr-gap-gen"", ""1"", ""--lr-min-samples"", ""10"", ""--lr-sparse-alpha"", ""0.001"", ""--lr-auto-alpha"", ""true"", ""--lr-alpha-c"", ""0.2"", ""--lr-delta"", ""0.05"", ""--lr-auto-min-samples"", ""true"", ""--lr-min-samples-c"", ""2.0"", ""--lr-stability-subsamples"", ""0"", ""--lr-stability-fraction"", ""0.75"", ""--lr-edge-min-weight"", ""0.0"", ""--lr-encoding"", ""binary"", ""--lr-solver"", ""auto"", ""--lr-matrix-free-threshold"", ""700"", ""--lr-matrix-free-max-iter"", ""8"", ""--lr-matrix-free-tol"", ""0.0001"", ""--lr-matrix-free-step-scale"", ""0.5"", ""--lr-matrix-free-dtype"", ""float32"", ""--build-building-blocks"", ""true"", ""--bb-weight-mode"", ""positive"", ""--bb-search-mode"", ""uniform"", ""--bb-min-block-size"", ""2"", ""--bb-max-blocks"", ""20"", ""--bb-snapshot-interval"", ""1"", ""--bb-external-penalty"", ""0.25"", ""--bb-size-penalty"", ""0.01"", ""--bb-pattern-top-fraction"", ""0.2"", ""--bb-pattern-min-support"", ""2"", ""--bb-refine-fraction"", ""0.2"", ""--bb-accept-equal-sparser"", ""true"", ""--bb-shuffle-blocks"", ""true"", ""--bb-signed-repair-probability"", ""0.75"", ""--pre-lr-explore"", ""true"", ""--pre-lr-mutation-multiplier"", ""3.0"", ""--pre-lr-immigrant-rate"", ""0.1"", ""--artifact-layout"", ""nested"", ""--write-aggregate-outputs"", ""false"", ""--lr-expected-edges"", ""60"", ""--lr-refit-expected-edges"", ""30"", ""--bb-gawll-update-interval"", ""10"", ""--bb-max-refine-trials"", ""10"", ""--repeat-id"", ""2"", ""--outer-fold-id"", ""0""]"
273,Isolet_asu,2,2,2,1,..\Results\results_fs_uniform_positive_medium_highdim\Isolet_asu\blur_ga_pairwise_lasso_uniform_positive_binary_pre,"[""Isolet_asu"", ""2"", ""2"", ""--data-dir"", ""../Dataset/prepared_feature_selection"", ""--output-dir"", ""..\\Results\\results_fs_uniform_positive_medium_highdim\\Isolet_asu\\blur_ga_pairwise_lasso_uniform_positive_binary_pre"", ""--outer-folds"", ""4"", ""--inner-folds"", ""4"", ""--repeats"", ""3"", ""--seed"", ""1"", ""--shuffle"", ""true"", ""--popsize"", ""100"", ""--p-cross"", ""0.4"", ""--tournament-size"", ""3"", ""--tau-reset"", ""50"", ""--resetpop-rate"", ""0.99"", ""--local-search"", ""false"", ""--stop"", ""gen"", ""--max-gen"", ""100"", ""--edge-epsilon"", ""1e-06"", ""--save-generation-trace"", ""true"", ""--save-linkage-events"", ""false"", ""--save-graph-snapshots"", ""false"", ""--graph-snapshot-interval"", ""1"", ""--graph-snapshot-min-weight"", ""0.0"", ""--lr-gap-gen"", ""1"", ""--lr-min-samples"", ""10"", ""--lr-sparse-alpha"", ""0.001"", ""--lr-auto-alpha"", ""true"", ""--lr-alpha-c"", ""0.2"", ""--lr-delta"", ""0.05"", ""--lr-auto-min-samples"", ""true"", ""--lr-min-samples-c"", ""2.0"", ""--lr-stability-subsamples"", ""0"", ""--lr-stability-fraction"", ""0.75"", ""--lr-edge-min-weight"", ""0.0"", ""--lr-encoding"", ""binary"", ""--lr-solver"", ""auto"", ""--lr-matrix-free-threshold"", ""700"", ""--lr-matrix-free-max-iter"", ""8"", ""--lr-matrix-free-tol"", ""0.0001"", ""--lr-matrix-free-step-scale"", ""0.5"", ""--lr-matrix-free-dtype"", ""float32"", ""--build-building-blocks"", ""true"", ""--bb-weight-mode"", ""positive"", ""--bb-search-mode"", ""uniform"", ""--bb-min-block-size"", ""2"", ""--bb-max-blocks"", ""20"", ""--bb-snapshot-interval"", ""1"", ""--bb-external-penalty"", ""0.25"", ""--bb-size-penalty"", ""0.01"", ""--bb-pattern-top-fraction"", ""0.2"", ""--bb-pattern-min-support"", ""2"", ""--bb-refine-fraction"", ""0.2"", ""--bb-accept-equal-sparser"", ""true"", ""--bb-shuffle-blocks"", ""true"", ""--bb-signed-repair-probability"", ""0.75"", ""--pre-lr-explore"", ""true"", ""--pre-lr-mutation-multiplier"", ""3.0"", ""--pre-lr-immigrant-rate"", ""0.1"", ""--artifact-layout"", ""nested"", ""--write-aggregate-outputs"", ""false"", ""--lr-expected-edges"", ""60"", ""--lr-refit-expected-edges"", ""30"", ""--bb-gawll-update-interval"", ""10"", ""--bb-max-refine-trials"", ""10"", ""--repeat-id"", ""2"", ""--outer-fold-id"", ""1""]"
274,Isolet_asu,2,2,2,2,..\Results\results_fs_uniform_positive_medium_highdim\Isolet_asu\blur_ga_pairwise_lasso_uniform_positive_binary_pre,"[""Isolet_asu"", ""2"", ""2"", ""--data-dir"", ""../Dataset/prepared_feature_selection"", ""--output-dir"", ""..\\Results\\results_fs_uniform_positive_medium_highdim\\Isolet_asu\\blur_ga_pairwise_lasso_uniform_positive_binary_pre"", ""--outer-folds"", ""4"", ""--inner-folds"", ""4"", ""--repeats"", ""3"", ""--seed"", ""1"", ""--shuffle"", ""true"", ""--popsize"", ""100"", ""--p-cross"", ""0.4"", ""--tournament-size"", ""3"", ""--tau-reset"", ""50"", ""--resetpop-rate"", ""0.99"", ""--local-search"", ""false"", ""--stop"", ""gen"", ""--max-gen"", ""100"", ""--edge-epsilon"", ""1e-06"", ""--save-generation-trace"", ""true"", ""--save-linkage-events"", ""false"", ""--save-graph-snapshots"", ""false"", ""--graph-snapshot-interval"", ""1"", ""--graph-snapshot-min-weight"", ""0.0"", ""--lr-gap-gen"", ""1"", ""--lr-min-samples"", ""10"", ""--lr-sparse-alpha"", ""0.001"", ""--lr-auto-alpha"", ""true"", ""--lr-alpha-c"", ""0.2"", ""--lr-delta"", ""0.05"", ""--lr-auto-min-samples"", ""true"", ""--lr-min-samples-c"", ""2.0"", ""--lr-stability-subsamples"", ""0"", ""--lr-stability-fraction"", ""0.75"", ""--lr-edge-min-weight"", ""0.0"", ""--lr-encoding"", ""binary"", ""--lr-solver"", ""auto"", ""--lr-matrix-free-threshold"", ""700"", ""--lr-matrix-free-max-iter"", ""8"", ""--lr-matrix-free-tol"", ""0.0001"", ""--lr-matrix-free-step-scale"", ""0.5"", ""--lr-matrix-free-dtype"", ""float32"", ""--build-building-blocks"", ""true"", ""--bb-weight-mode"", ""positive"", ""--bb-search-mode"", ""uniform"", ""--bb-min-block-size"", ""2"", ""--bb-max-blocks"", ""20"", ""--bb-snapshot-interval"", ""1"", ""--bb-external-penalty"", ""0.25"", ""--bb-size-penalty"", ""0.01"", ""--bb-pattern-top-fraction"", ""0.2"", ""--bb-pattern-min-support"", ""2"", ""--bb-refine-fraction"", ""0.2"", ""--bb-accept-equal-sparser"", ""true"", ""--bb-shuffle-blocks"", ""true"", ""--bb-signed-repair-probability"", ""0.75"", ""--pre-lr-explore"", ""true"", ""--pre-lr-mutation-multiplier"", ""3.0"", ""--pre-lr-immigrant-rate"", ""0.1"", ""--artifact-layout"", ""nested"", ""--write-aggregate-outputs"", ""false"", ""--lr-expected-edges"", ""60"", ""--lr-refit-expected-edges"", ""30"", ""--bb-gawll-update-interval"", ""10"", ""--bb-max-refine-trials"", ""10"", ""--repeat-id"", ""2"", ""--outer-fold-id"", ""2""]"
275,Isolet_asu,2,2,2,3,..\Results\results_fs_uniform_positive_medium_highdim\Isolet_asu\blur_ga_pairwise_lasso_uniform_positive_binary_pre,"[""Isolet_asu"", ""2"", ""2"", ""--data-dir"", ""../Dataset/prepared_feature_selection"", ""--output-dir"", ""..\\Results\\results_fs_uniform_positive_medium_highdim\\Isolet_asu\\blur_ga_pairwise_lasso_uniform_positive_binary_pre"", ""--outer-folds"", ""4"", ""--inner-folds"", ""4"", ""--repeats"", ""3"", ""--seed"", ""1"", ""--shuffle"", ""true"", ""--popsize"", ""100"", ""--p-cross"", ""0.4"", ""--tournament-size"", ""3"", ""--tau-reset"", ""50"", ""--resetpop-rate"", ""0.99"", ""--local-search"", ""false"", ""--stop"", ""gen"", ""--max-gen"", ""100"", ""--edge-epsilon"", ""1e-06"", ""--save-generation-trace"", ""true"", ""--save-linkage-events"", ""false"", ""--save-graph-snapshots"", ""false"", ""--graph-snapshot-interval"", ""1"", ""--graph-snapshot-min-weight"", ""0.0"", ""--lr-gap-gen"", ""1"", ""--lr-min-samples"", ""10"", ""--lr-sparse-alpha"", ""0.001"", ""--lr-auto-alpha"", ""true"", ""--lr-alpha-c"", ""0.2"", ""--lr-delta"", ""0.05"", ""--lr-auto-min-samples"", ""true"", ""--lr-min-samples-c"", ""2.0"", ""--lr-stability-subsamples"", ""0"", ""--lr-stability-fraction"", ""0.75"", ""--lr-edge-min-weight"", ""0.0"", ""--lr-encoding"", ""binary"", ""--lr-solver"", ""auto"", ""--lr-matrix-free-threshold"", ""700"", ""--lr-matrix-free-max-iter"", ""8"", ""--lr-matrix-free-tol"", ""0.0001"", ""--lr-matrix-free-step-scale"", ""0.5"", ""--lr-matrix-free-dtype"", ""float32"", ""--build-building-blocks"", ""true"", ""--bb-weight-mode"", ""positive"", ""--bb-search-mode"", ""uniform"", ""--bb-min-block-size"", ""2"", ""--bb-max-blocks"", ""20"", ""--bb-snapshot-interval"", ""1"", ""--bb-external-penalty"", ""0.25"", ""--bb-size-penalty"", ""0.01"", ""--bb-pattern-top-fraction"", ""0.2"", ""--bb-pattern-min-support"", ""2"", ""--bb-refine-fraction"", ""0.2"", ""--bb-accept-equal-sparser"", ""true"", ""--bb-shuffle-blocks"", ""true"", ""--bb-signed-repair-probability"", ""0.75"", ""--pre-lr-explore"", ""true"", ""--pre-lr-mutation-multiplier"", ""3.0"", ""--pre-lr-immigrant-rate"", ""0.1"", ""--artifact-layout"", ""nested"", ""--write-aggregate-outputs"", ""false"", ""--lr-expected-edges"", ""60"", ""--lr-refit-expected-edges"", ""30"", ""--bb-gawll-update-interval"", ""10"", ""--bb-max-refine-trials"", ""10"", ""--repeat-id"", ""2"", ""--outer-fold-id"", ""3""]"
276,ORL_asu,2,2,0,0,..\Results\results_fs_uniform_positive_medium_highdim\ORL_asu\blur_ga_pairwise_lasso_uniform_positive_binary_pre,"[""ORL_asu"", ""2"", ""2"", ""--data-dir"", ""../Dataset/prepared_feature_selection"", ""--output-dir"", ""..\\Results\\results_fs_uniform_positive_medium_highdim\\ORL_asu\\blur_ga_pairwise_lasso_uniform_positive_binary_pre"", ""--outer-folds"", ""4"", ""--inner-folds"", ""4"", ""--repeats"", ""3"", ""--seed"", ""1"", ""--shuffle"", ""true"", ""--popsize"", ""100"", ""--p-cross"", ""0.4"", ""--tournament-size"", ""3"", ""--tau-reset"", ""50"", ""--resetpop-rate"", ""0.99"", ""--local-search"", ""false"", ""--stop"", ""gen"", ""--max-gen"", ""100"", ""--edge-epsilon"", ""1e-06"", ""--save-generation-trace"", ""true"", ""--save-linkage-events"", ""false"", ""--save-graph-snapshots"", ""false"", ""--graph-snapshot-interval"", ""1"", ""--graph-snapshot-min-weight"", ""0.0"", ""--lr-gap-gen"", ""1"", ""--lr-min-samples"", ""10"", ""--lr-sparse-alpha"", ""0.001"", ""--lr-auto-alpha"", ""true"", ""--lr-alpha-c"", ""0.2"", ""--lr-delta"", ""0.05"", ""--lr-auto-min-samples"", ""true"", ""--lr-min-samples-c"", ""2.0"", ""--lr-stability-subsamples"", ""0"", ""--lr-stability-fraction"", ""0.75"", ""--lr-edge-min-weight"", ""0.0"", ""--lr-encoding"", ""binary"", ""--lr-solver"", ""auto"", ""--lr-matrix-free-threshold"", ""700"", ""--lr-matrix-free-max-iter"", ""8"", ""--lr-matrix-free-tol"", ""0.0001"", ""--lr-matrix-free-step-scale"", ""0.5"", ""--lr-matrix-free-dtype"", ""float32"", ""--build-building-blocks"", ""true"", ""--bb-weight-mode"", ""positive"", ""--bb-search-mode"", ""uniform"", ""--bb-min-block-size"", ""2"", ""--bb-max-blocks"", ""20"", ""--bb-snapshot-interval"", ""1"", ""--bb-external-penalty"", ""0.25"", ""--bb-size-penalty"", ""0.01"", ""--bb-pattern-top-fraction"", ""0.2"", ""--bb-pattern-min-support"", ""2"", ""--bb-refine-fraction"", ""0.2"", ""--bb-accept-equal-sparser"", ""true"", ""--bb-shuffle-blocks"", ""true"", ""--bb-signed-repair-probability"", ""0.75"", ""--pre-lr-explore"", ""true"", ""--pre-lr-mutation-multiplier"", ""3.0"", ""--pre-lr-immigrant-rate"", ""0.1"", ""--artifact-layout"", ""nested"", ""--write-aggregate-outputs"", ""false"", ""--lr-expected-edges"", ""60"", ""--lr-refit-expected-edges"", ""30"", ""--bb-gawll-update-interval"", ""10"", ""--bb-max-refine-trials"", ""10"", ""--repeat-id"", ""0"", ""--outer-fold-id"", ""0""]"
277,ORL_asu,2,2,0,1,..\Results\results_fs_uniform_positive_medium_highdim\ORL_asu\blur_ga_pairwise_lasso_uniform_positive_binary_pre,"[""ORL_asu"", ""2"", ""2"", ""--data-dir"", ""../Dataset/prepared_feature_selection"", ""--output-dir"", ""..\\Results\\results_fs_uniform_positive_medium_highdim\\ORL_asu\\blur_ga_pairwise_lasso_uniform_positive_binary_pre"", ""--outer-folds"", ""4"", ""--inner-folds"", ""4"", ""--repeats"", ""3"", ""--seed"", ""1"", ""--shuffle"", ""true"", ""--popsize"", ""100"", ""--p-cross"", ""0.4"", ""--tournament-size"", ""3"", ""--tau-reset"", ""50"", ""--resetpop-rate"", ""0.99"", ""--local-search"", ""false"", ""--stop"", ""gen"", ""--max-gen"", ""100"", ""--edge-epsilon"", ""1e-06"", ""--save-generation-trace"", ""true"", ""--save-linkage-events"", ""false"", ""--save-graph-snapshots"", ""false"", ""--graph-snapshot-interval"", ""1"", ""--graph-snapshot-min-weight"", ""0.0"", ""--lr-gap-gen"", ""1"", ""--lr-min-samples"", ""10"", ""--lr-sparse-alpha"", ""0.001"", ""--lr-auto-alpha"", ""true"", ""--lr-alpha-c"", ""0.2"", ""--lr-delta"", ""0.05"", ""--lr-auto-min-samples"", ""true"", ""--lr-min-samples-c"", ""2.0"", ""--lr-stability-subsamples"", ""0"", ""--lr-stability-fraction"", ""0.75"", ""--lr-edge-min-weight"", ""0.0"", ""--lr-encoding"", ""binary"", ""--lr-solver"", ""auto"", ""--lr-matrix-free-threshold"", ""700"", ""--lr-matrix-free-max-iter"", ""8"", ""--lr-matrix-free-tol"", ""0.0001"", ""--lr-matrix-free-step-scale"", ""0.5"", ""--lr-matrix-free-dtype"", ""float32"", ""--build-building-blocks"", ""true"", ""--bb-weight-mode"", ""positive"", ""--bb-search-mode"", ""uniform"", ""--bb-min-block-size"", ""2"", ""--bb-max-blocks"", ""20"", ""--bb-snapshot-interval"", ""1"", ""--bb-external-penalty"", ""0.25"", ""--bb-size-penalty"", ""0.01"", ""--bb-pattern-top-fraction"", ""0.2"", ""--bb-pattern-min-support"", ""2"", ""--bb-refine-fraction"", ""0.2"", ""--bb-accept-equal-sparser"", ""true"", ""--bb-shuffle-blocks"", ""true"", ""--bb-signed-repair-probability"", ""0.75"", ""--pre-lr-explore"", ""true"", ""--pre-lr-mutation-multiplier"", ""3.0"", ""--pre-lr-immigrant-rate"", ""0.1"", ""--artifact-layout"", ""nested"", ""--write-aggregate-outputs"", ""false"", ""--lr-expected-edges"", ""60"", ""--lr-refit-expected-edges"", ""30"", ""--bb-gawll-update-interval"", ""10"", ""--bb-max-refine-trials"", ""10"", ""--repeat-id"", ""0"", ""--outer-fold-id"", ""1""]"
278,ORL_asu,2,2,0,2,..\Results\results_fs_uniform_positive_medium_highdim\ORL_asu\blur_ga_pairwise_lasso_uniform_positive_binary_pre,"[""ORL_asu"", ""2"", ""2"", ""--data-dir"", ""../Dataset/prepared_feature_selection"", ""--output-dir"", ""..\\Results\\results_fs_uniform_positive_medium_highdim\\ORL_asu\\blur_ga_pairwise_lasso_uniform_positive_binary_pre"", ""--outer-folds"", ""4"", ""--inner-folds"", ""4"", ""--repeats"", ""3"", ""--seed"", ""1"", ""--shuffle"", ""true"", ""--popsize"", ""100"", ""--p-cross"", ""0.4"", ""--tournament-size"", ""3"", ""--tau-reset"", ""50"", ""--resetpop-rate"", ""0.99"", ""--local-search"", ""false"", ""--stop"", ""gen"", ""--max-gen"", ""100"", ""--edge-epsilon"", ""1e-06"", ""--save-generation-trace"", ""true"", ""--save-linkage-events"", ""false"", ""--save-graph-snapshots"", ""false"", ""--graph-snapshot-interval"", ""1"", ""--graph-snapshot-min-weight"", ""0.0"", ""--lr-gap-gen"", ""1"", ""--lr-min-samples"", ""10"", ""--lr-sparse-alpha"", ""0.001"", ""--lr-auto-alpha"", ""true"", ""--lr-alpha-c"", ""0.2"", ""--lr-delta"", ""0.05"", ""--lr-auto-min-samples"", ""true"", ""--lr-min-samples-c"", ""2.0"", ""--lr-stability-subsamples"", ""0"", ""--lr-stability-fraction"", ""0.75"", ""--lr-edge-min-weight"", ""0.0"", ""--lr-encoding"", ""binary"", ""--lr-solver"", ""auto"", ""--lr-matrix-free-threshold"", ""700"", ""--lr-matrix-free-max-iter"", ""8"", ""--lr-matrix-free-tol"", ""0.0001"", ""--lr-matrix-free-step-scale"", ""0.5"", ""--lr-matrix-free-dtype"", ""float32"", ""--build-building-blocks"", ""true"", ""--bb-weight-mode"", ""positive"", ""--bb-search-mode"", ""uniform"", ""--bb-min-block-size"", ""2"", ""--bb-max-blocks"", ""20"", ""--bb-snapshot-interval"", ""1"", ""--bb-external-penalty"", ""0.25"", ""--bb-size-penalty"", ""0.01"", ""--bb-pattern-top-fraction"", ""0.2"", ""--bb-pattern-min-support"", ""2"", ""--bb-refine-fraction"", ""0.2"", ""--bb-accept-equal-sparser"", ""true"", ""--bb-shuffle-blocks"", ""true"", ""--bb-signed-repair-probability"", ""0.75"", ""--pre-lr-explore"", ""true"", ""--pre-lr-mutation-multiplier"", ""3.0"", ""--pre-lr-immigrant-rate"", ""0.1"", ""--artifact-layout"", ""nested"", ""--write-aggregate-outputs"", ""false"", ""--lr-expected-edges"", ""60"", ""--lr-refit-expected-edges"", ""30"", ""--bb-gawll-update-interval"", ""10"", ""--bb-max-refine-trials"", ""10"", ""--repeat-id"", ""0"", ""--outer-fold-id"", ""2""]"
279,ORL_asu,2,2,0,3,..\Results\results_fs_uniform_positive_medium_highdim\ORL_asu\blur_ga_pairwise_lasso_uniform_positive_binary_pre,"[""ORL_asu"", ""2"", ""2"", ""--data-dir"", ""../Dataset/prepared_feature_selection"", ""--output-dir"", ""..\\Results\\results_fs_uniform_positive_medium_highdim\\ORL_asu\\blur_ga_pairwise_lasso_uniform_positive_binary_pre"", ""--outer-folds"", ""4"", ""--inner-folds"", ""4"", ""--repeats"", ""3"", ""--seed"", ""1"", ""--shuffle"", ""true"", ""--popsize"", ""100"", ""--p-cross"", ""0.4"", ""--tournament-size"", ""3"", ""--tau-reset"", ""50"", ""--resetpop-rate"", ""0.99"", ""--local-search"", ""false"", ""--stop"", ""gen"", ""--max-gen"", ""100"", ""--edge-epsilon"", ""1e-06"", ""--save-generation-trace"", ""true"", ""--save-linkage-events"", ""false"", ""--save-graph-snapshots"", ""false"", ""--graph-snapshot-interval"", ""1"", ""--graph-snapshot-min-weight"", ""0.0"", ""--lr-gap-gen"", ""1"", ""--lr-min-samples"", ""10"", ""--lr-sparse-alpha"", ""0.001"", ""--lr-auto-alpha"", ""true"", ""--lr-alpha-c"", ""0.2"", ""--lr-delta"", ""0.05"", ""--lr-auto-min-samples"", ""true"", ""--lr-min-samples-c"", ""2.0"", ""--lr-stability-subsamples"", ""0"", ""--lr-stability-fraction"", ""0.75"", ""--lr-edge-min-weight"", ""0.0"", ""--lr-encoding"", ""binary"", ""--lr-solver"", ""auto"", ""--lr-matrix-free-threshold"", ""700"", ""--lr-matrix-free-max-iter"", ""8"", ""--lr-matrix-free-tol"", ""0.0001"", ""--lr-matrix-free-step-scale"", ""0.5"", ""--lr-matrix-free-dtype"", ""float32"", ""--build-building-blocks"", ""true"", ""--bb-weight-mode"", ""positive"", ""--bb-search-mode"", ""uniform"", ""--bb-min-block-size"", ""2"", ""--bb-max-blocks"", ""20"", ""--bb-snapshot-interval"", ""1"", ""--bb-external-penalty"", ""0.25"", ""--bb-size-penalty"", ""0.01"", ""--bb-pattern-top-fraction"", ""0.2"", ""--bb-pattern-min-support"", ""2"", ""--bb-refine-fraction"", ""0.2"", ""--bb-accept-equal-sparser"", ""true"", ""--bb-shuffle-blocks"", ""true"", ""--bb-signed-repair-probability"", ""0.75"", ""--pre-lr-explore"", ""true"", ""--pre-lr-mutation-multiplier"", ""3.0"", ""--pre-lr-immigrant-rate"", ""0.1"", ""--artifact-layout"", ""nested"", ""--write-aggregate-outputs"", ""false"", ""--lr-expected-edges"", ""60"", ""--lr-refit-expected-edges"", ""30"", ""--bb-gawll-update-interval"", ""10"", ""--bb-max-refine-trials"", ""10"", ""--repeat-id"", ""0"", ""--outer-fold-id"", ""3""]"
280,ORL_asu,2,2,1,0,..\Results\results_fs_uniform_positive_medium_highdim\ORL_asu\blur_ga_pairwise_lasso_uniform_positive_binary_pre,"[""ORL_asu"", ""2"", ""2"", ""--data-dir"", ""../Dataset/prepared_feature_selection"", ""--output-dir"", ""..\\Results\\results_fs_uniform_positive_medium_highdim\\ORL_asu\\blur_ga_pairwise_lasso_uniform_positive_binary_pre"", ""--outer-folds"", ""4"", ""--inner-folds"", ""4"", ""--repeats"", ""3"", ""--seed"", ""1"", ""--shuffle"", ""true"", ""--popsize"", ""100"", ""--p-cross"", ""0.4"", ""--tournament-size"", ""3"", ""--tau-reset"", ""50"", ""--resetpop-rate"", ""0.99"", ""--local-search"", ""false"", ""--stop"", ""gen"", ""--max-gen"", ""100"", ""--edge-epsilon"", ""1e-06"", ""--save-generation-trace"", ""true"", ""--save-linkage-events"", ""false"", ""--save-graph-snapshots"", ""false"", ""--graph-snapshot-interval"", ""1"", ""--graph-snapshot-min-weight"", ""0.0"", ""--lr-gap-gen"", ""1"", ""--lr-min-samples"", ""10"", ""--lr-sparse-alpha"", ""0.001"", ""--lr-auto-alpha"", ""true"", ""--lr-alpha-c"", ""0.2"", ""--lr-delta"", ""0.05"", ""--lr-auto-min-samples"", ""true"", ""--lr-min-samples-c"", ""2.0"", ""--lr-stability-subsamples"", ""0"", ""--lr-stability-fraction"", ""0.75"", ""--lr-edge-min-weight"", ""0.0"", ""--lr-encoding"", ""binary"", ""--lr-solver"", ""auto"", ""--lr-matrix-free-threshold"", ""700"", ""--lr-matrix-free-max-iter"", ""8"", ""--lr-matrix-free-tol"", ""0.0001"", ""--lr-matrix-free-step-scale"", ""0.5"", ""--lr-matrix-free-dtype"", ""float32"", ""--build-building-blocks"", ""true"", ""--bb-weight-mode"", ""positive"", ""--bb-search-mode"", ""uniform"", ""--bb-min-block-size"", ""2"", ""--bb-max-blocks"", ""20"", ""--bb-snapshot-interval"", ""1"", ""--bb-external-penalty"", ""0.25"", ""--bb-size-penalty"", ""0.01"", ""--bb-pattern-top-fraction"", ""0.2"", ""--bb-pattern-min-support"", ""2"", ""--bb-refine-fraction"", ""0.2"", ""--bb-accept-equal-sparser"", ""true"", ""--bb-shuffle-blocks"", ""true"", ""--bb-signed-repair-probability"", ""0.75"", ""--pre-lr-explore"", ""true"", ""--pre-lr-mutation-multiplier"", ""3.0"", ""--pre-lr-immigrant-rate"", ""0.1"", ""--artifact-layout"", ""nested"", ""--write-aggregate-outputs"", ""false"", ""--lr-expected-edges"", ""60"", ""--lr-refit-expected-edges"", ""30"", ""--bb-gawll-update-interval"", ""10"", ""--bb-max-refine-trials"", ""10"", ""--repeat-id"", ""1"", ""--outer-fold-id"", ""0""]"
281,ORL_asu,2,2,1,1,..\Results\results_fs_uniform_positive_medium_highdim\ORL_asu\blur_ga_pairwise_lasso_uniform_positive_binary_pre,"[""ORL_asu"", ""2"", ""2"", ""--data-dir"", ""../Dataset/prepared_feature_selection"", ""--output-dir"", ""..\\Results\\results_fs_uniform_positive_medium_highdim\\ORL_asu\\blur_ga_pairwise_lasso_uniform_positive_binary_pre"", ""--outer-folds"", ""4"", ""--inner-folds"", ""4"", ""--repeats"", ""3"", ""--seed"", ""1"", ""--shuffle"", ""true"", ""--popsize"", ""100"", ""--p-cross"", ""0.4"", ""--tournament-size"", ""3"", ""--tau-reset"", ""50"", ""--resetpop-rate"", ""0.99"", ""--local-search"", ""false"", ""--stop"", ""gen"", ""--max-gen"", ""100"", ""--edge-epsilon"", ""1e-06"", ""--save-generation-trace"", ""true"", ""--save-linkage-events"", ""false"", ""--save-graph-snapshots"", ""false"", ""--graph-snapshot-interval"", ""1"", ""--graph-snapshot-min-weight"", ""0.0"", ""--lr-gap-gen"", ""1"", ""--lr-min-samples"", ""10"", ""--lr-sparse-alpha"", ""0.001"", ""--lr-auto-alpha"", ""true"", ""--lr-alpha-c"", ""0.2"", ""--lr-delta"", ""0.05"", ""--lr-auto-min-samples"", ""true"", ""--lr-min-samples-c"", ""2.0"", ""--lr-stability-subsamples"", ""0"", ""--lr-stability-fraction"", ""0.75"", ""--lr-edge-min-weight"", ""0.0"", ""--lr-encoding"", ""binary"", ""--lr-solver"", ""auto"", ""--lr-matrix-free-threshold"", ""700"", ""--lr-matrix-free-max-iter"", ""8"", ""--lr-matrix-free-tol"", ""0.0001"", ""--lr-matrix-free-step-scale"", ""0.5"", ""--lr-matrix-free-dtype"", ""float32"", ""--build-building-blocks"", ""true"", ""--bb-weight-mode"", ""positive"", ""--bb-search-mode"", ""uniform"", ""--bb-min-block-size"", ""2"", ""--bb-max-blocks"", ""20"", ""--bb-snapshot-interval"", ""1"", ""--bb-external-penalty"", ""0.25"", ""--bb-size-penalty"", ""0.01"", ""--bb-pattern-top-fraction"", ""0.2"", ""--bb-pattern-min-support"", ""2"", ""--bb-refine-fraction"", ""0.2"", ""--bb-accept-equal-sparser"", ""true"", ""--bb-shuffle-blocks"", ""true"", ""--bb-signed-repair-probability"", ""0.75"", ""--pre-lr-explore"", ""true"", ""--pre-lr-mutation-multiplier"", ""3.0"", ""--pre-lr-immigrant-rate"", ""0.1"", ""--artifact-layout"", ""nested"", ""--write-aggregate-outputs"", ""false"", ""--lr-expected-edges"", ""60"", ""--lr-refit-expected-edges"", ""30"", ""--bb-gawll-update-interval"", ""10"", ""--bb-max-refine-trials"", ""10"", ""--repeat-id"", ""1"", ""--outer-fold-id"", ""1""]"
282,ORL_asu,2,2,1,2,..\Results\results_fs_uniform_positive_medium_highdim\ORL_asu\blur_ga_pairwise_lasso_uniform_positive_binary_pre,"[""ORL_asu"", ""2"", ""2"", ""--data-dir"", ""../Dataset/prepared_feature_selection"", ""--output-dir"", ""..\\Results\\results_fs_uniform_positive_medium_highdim\\ORL_asu\\blur_ga_pairwise_lasso_uniform_positive_binary_pre"", ""--outer-folds"", ""4"", ""--inner-folds"", ""4"", ""--repeats"", ""3"", ""--seed"", ""1"", ""--shuffle"", ""true"", ""--popsize"", ""100"", ""--p-cross"", ""0.4"", ""--tournament-size"", ""3"", ""--tau-reset"", ""50"", ""--resetpop-rate"", ""0.99"", ""--local-search"", ""false"", ""--stop"", ""gen"", ""--max-gen"", ""100"", ""--edge-epsilon"", ""1e-06"", ""--save-generation-trace"", ""true"", ""--save-linkage-events"", ""false"", ""--save-graph-snapshots"", ""false"", ""--graph-snapshot-interval"", ""1"", ""--graph-snapshot-min-weight"", ""0.0"", ""--lr-gap-gen"", ""1"", ""--lr-min-samples"", ""10"", ""--lr-sparse-alpha"", ""0.001"", ""--lr-auto-alpha"", ""true"", ""--lr-alpha-c"", ""0.2"", ""--lr-delta"", ""0.05"", ""--lr-auto-min-samples"", ""true"", ""--lr-min-samples-c"", ""2.0"", ""--lr-stability-subsamples"", ""0"", ""--lr-stability-fraction"", ""0.75"", ""--lr-edge-min-weight"", ""0.0"", ""--lr-encoding"", ""binary"", ""--lr-solver"", ""auto"", ""--lr-matrix-free-threshold"", ""700"", ""--lr-matrix-free-max-iter"", ""8"", ""--lr-matrix-free-tol"", ""0.0001"", ""--lr-matrix-free-step-scale"", ""0.5"", ""--lr-matrix-free-dtype"", ""float32"", ""--build-building-blocks"", ""true"", ""--bb-weight-mode"", ""positive"", ""--bb-search-mode"", ""uniform"", ""--bb-min-block-size"", ""2"", ""--bb-max-blocks"", ""20"", ""--bb-snapshot-interval"", ""1"", ""--bb-external-penalty"", ""0.25"", ""--bb-size-penalty"", ""0.01"", ""--bb-pattern-top-fraction"", ""0.2"", ""--bb-pattern-min-support"", ""2"", ""--bb-refine-fraction"", ""0.2"", ""--bb-accept-equal-sparser"", ""true"", ""--bb-shuffle-blocks"", ""true"", ""--bb-signed-repair-probability"", ""0.75"", ""--pre-lr-explore"", ""true"", ""--pre-lr-mutation-multiplier"", ""3.0"", ""--pre-lr-immigrant-rate"", ""0.1"", ""--artifact-layout"", ""nested"", ""--write-aggregate-outputs"", ""false"", ""--lr-expected-edges"", ""60"", ""--lr-refit-expected-edges"", ""30"", ""--bb-gawll-update-interval"", ""10"", ""--bb-max-refine-trials"", ""10"", ""--repeat-id"", ""1"", ""--outer-fold-id"", ""2""]"
283,ORL_asu,2,2,1,3,..\Results\results_fs_uniform_positive_medium_highdim\ORL_asu\blur_ga_pairwise_lasso_uniform_positive_binary_pre,"[""ORL_asu"", ""2"", ""2"", ""--data-dir"", ""../Dataset/prepared_feature_selection"", ""--output-dir"", ""..\\Results\\results_fs_uniform_positive_medium_highdim\\ORL_asu\\blur_ga_pairwise_lasso_uniform_positive_binary_pre"", ""--outer-folds"", ""4"", ""--inner-folds"", ""4"", ""--repeats"", ""3"", ""--seed"", ""1"", ""--shuffle"", ""true"", ""--popsize"", ""100"", ""--p-cross"", ""0.4"", ""--tournament-size"", ""3"", ""--tau-reset"", ""50"", ""--resetpop-rate"", ""0.99"", ""--local-search"", ""false"", ""--stop"", ""gen"", ""--max-gen"", ""100"", ""--edge-epsilon"", ""1e-06"", ""--save-generation-trace"", ""true"", ""--save-linkage-events"", ""false"", ""--save-graph-snapshots"", ""false"", ""--graph-snapshot-interval"", ""1"", ""--graph-snapshot-min-weight"", ""0.0"", ""--lr-gap-gen"", ""1"", ""--lr-min-samples"", ""10"", ""--lr-sparse-alpha"", ""0.001"", ""--lr-auto-alpha"", ""true"", ""--lr-alpha-c"", ""0.2"", ""--lr-delta"", ""0.05"", ""--lr-auto-min-samples"", ""true"", ""--lr-min-samples-c"", ""2.0"", ""--lr-stability-subsamples"", ""0"", ""--lr-stability-fraction"", ""0.75"", ""--lr-edge-min-weight"", ""0.0"", ""--lr-encoding"", ""binary"", ""--lr-solver"", ""auto"", ""--lr-matrix-free-threshold"", ""700"", ""--lr-matrix-free-max-iter"", ""8"", ""--lr-matrix-free-tol"", ""0.0001"", ""--lr-matrix-free-step-scale"", ""0.5"", ""--lr-matrix-free-dtype"", ""float32"", ""--build-building-blocks"", ""true"", ""--bb-weight-mode"", ""positive"", ""--bb-search-mode"", ""uniform"", ""--bb-min-block-size"", ""2"", ""--bb-max-blocks"", ""20"", ""--bb-snapshot-interval"", ""1"", ""--bb-external-penalty"", ""0.25"", ""--bb-size-penalty"", ""0.01"", ""--bb-pattern-top-fraction"", ""0.2"", ""--bb-pattern-min-support"", ""2"", ""--bb-refine-fraction"", ""0.2"", ""--bb-accept-equal-sparser"", ""true"", ""--bb-shuffle-blocks"", ""true"", ""--bb-signed-repair-probability"", ""0.75"", ""--pre-lr-explore"", ""true"", ""--pre-lr-mutation-multiplier"", ""3.0"", ""--pre-lr-immigrant-rate"", ""0.1"", ""--artifact-layout"", ""nested"", ""--write-aggregate-outputs"", ""false"", ""--lr-expected-edges"", ""60"", ""--lr-refit-expected-edges"", ""30"", ""--bb-gawll-update-interval"", ""10"", ""--bb-max-refine-trials"", ""10"", ""--repeat-id"", ""1"", ""--outer-fold-id"", ""3""]"
284,ORL_asu,2,2,2,0,..\Results\results_fs_uniform_positive_medium_highdim\ORL_asu\blur_ga_pairwise_lasso_uniform_positive_binary_pre,"[""ORL_asu"", ""2"", ""2"", ""--data-dir"", ""../Dataset/prepared_feature_selection"", ""--output-dir"", ""..\\Results\\results_fs_uniform_positive_medium_highdim\\ORL_asu\\blur_ga_pairwise_lasso_uniform_positive_binary_pre"", ""--outer-folds"", ""4"", ""--inner-folds"", ""4"", ""--repeats"", ""3"", ""--seed"", ""1"", ""--shuffle"", ""true"", ""--popsize"", ""100"", ""--p-cross"", ""0.4"", ""--tournament-size"", ""3"", ""--tau-reset"", ""50"", ""--resetpop-rate"", ""0.99"", ""--local-search"", ""false"", ""--stop"", ""gen"", ""--max-gen"", ""100"", ""--edge-epsilon"", ""1e-06"", ""--save-generation-trace"", ""true"", ""--save-linkage-events"", ""false"", ""--save-graph-snapshots"", ""false"", ""--graph-snapshot-interval"", ""1"", ""--graph-snapshot-min-weight"", ""0.0"", ""--lr-gap-gen"", ""1"", ""--lr-min-samples"", ""10"", ""--lr-sparse-alpha"", ""0.001"", ""--lr-auto-alpha"", ""true"", ""--lr-alpha-c"", ""0.2"", ""--lr-delta"", ""0.05"", ""--lr-auto-min-samples"", ""true"", ""--lr-min-samples-c"", ""2.0"", ""--lr-stability-subsamples"", ""0"", ""--lr-stability-fraction"", ""0.75"", ""--lr-edge-min-weight"", ""0.0"", ""--lr-encoding"", ""binary"", ""--lr-solver"", ""auto"", ""--lr-matrix-free-threshold"", ""700"", ""--lr-matrix-free-max-iter"", ""8"", ""--lr-matrix-free-tol"", ""0.0001"", ""--lr-matrix-free-step-scale"", ""0.5"", ""--lr-matrix-free-dtype"", ""float32"", ""--build-building-blocks"", ""true"", ""--bb-weight-mode"", ""positive"", ""--bb-search-mode"", ""uniform"", ""--bb-min-block-size"", ""2"", ""--bb-max-blocks"", ""20"", ""--bb-snapshot-interval"", ""1"", ""--bb-external-penalty"", ""0.25"", ""--bb-size-penalty"", ""0.01"", ""--bb-pattern-top-fraction"", ""0.2"", ""--bb-pattern-min-support"", ""2"", ""--bb-refine-fraction"", ""0.2"", ""--bb-accept-equal-sparser"", ""true"", ""--bb-shuffle-blocks"", ""true"", ""--bb-signed-repair-probability"", ""0.75"", ""--pre-lr-explore"", ""true"", ""--pre-lr-mutation-multiplier"", ""3.0"", ""--pre-lr-immigrant-rate"", ""0.1"", ""--artifact-layout"", ""nested"", ""--write-aggregate-outputs"", ""false"", ""--lr-expected-edges"", ""60"", ""--lr-refit-expected-edges"", ""30"", ""--bb-gawll-update-interval"", ""10"", ""--bb-max-refine-trials"", ""10"", ""--repeat-id"", ""2"", ""--outer-fold-id"", ""0""]"
285,ORL_asu,2,2,2,1,..\Results\results_fs_uniform_positive_medium_highdim\ORL_asu\blur_ga_pairwise_lasso_uniform_positive_binary_pre,"[""ORL_asu"", ""2"", ""2"", ""--data-dir"", ""../Dataset/prepared_feature_selection"", ""--output-dir"", ""..\\Results\\results_fs_uniform_positive_medium_highdim\\ORL_asu\\blur_ga_pairwise_lasso_uniform_positive_binary_pre"", ""--outer-folds"", ""4"", ""--inner-folds"", ""4"", ""--repeats"", ""3"", ""--seed"", ""1"", ""--shuffle"", ""true"", ""--popsize"", ""100"", ""--p-cross"", ""0.4"", ""--tournament-size"", ""3"", ""--tau-reset"", ""50"", ""--resetpop-rate"", ""0.99"", ""--local-search"", ""false"", ""--stop"", ""gen"", ""--max-gen"", ""100"", ""--edge-epsilon"", ""1e-06"", ""--save-generation-trace"", ""true"", ""--save-linkage-events"", ""false"", ""--save-graph-snapshots"", ""false"", ""--graph-snapshot-interval"", ""1"", ""--graph-snapshot-min-weight"", ""0.0"", ""--lr-gap-gen"", ""1"", ""--lr-min-samples"", ""10"", ""--lr-sparse-alpha"", ""0.001"", ""--lr-auto-alpha"", ""true"", ""--lr-alpha-c"", ""0.2"", ""--lr-delta"", ""0.05"", ""--lr-auto-min-samples"", ""true"", ""--lr-min-samples-c"", ""2.0"", ""--lr-stability-subsamples"", ""0"", ""--lr-stability-fraction"", ""0.75"", ""--lr-edge-min-weight"", ""0.0"", ""--lr-encoding"", ""binary"", ""--lr-solver"", ""auto"", ""--lr-matrix-free-threshold"", ""700"", ""--lr-matrix-free-max-iter"", ""8"", ""--lr-matrix-free-tol"", ""0.0001"", ""--lr-matrix-free-step-scale"", ""0.5"", ""--lr-matrix-free-dtype"", ""float32"", ""--build-building-blocks"", ""true"", ""--bb-weight-mode"", ""positive"", ""--bb-search-mode"", ""uniform"", ""--bb-min-block-size"", ""2"", ""--bb-max-blocks"", ""20"", ""--bb-snapshot-interval"", ""1"", ""--bb-external-penalty"", ""0.25"", ""--bb-size-penalty"", ""0.01"", ""--bb-pattern-top-fraction"", ""0.2"", ""--bb-pattern-min-support"", ""2"", ""--bb-refine-fraction"", ""0.2"", ""--bb-accept-equal-sparser"", ""true"", ""--bb-shuffle-blocks"", ""true"", ""--bb-signed-repair-probability"", ""0.75"", ""--pre-lr-explore"", ""true"", ""--pre-lr-mutation-multiplier"", ""3.0"", ""--pre-lr-immigrant-rate"", ""0.1"", ""--artifact-layout"", ""nested"", ""--write-aggregate-outputs"", ""false"", ""--lr-expected-edges"", ""60"", ""--lr-refit-expected-edges"", ""30"", ""--bb-gawll-update-interval"", ""10"", ""--bb-max-refine-trials"", ""10"", ""--repeat-id"", ""2"", ""--outer-fold-id"", ""1""]"
286,ORL_asu,2,2,2,2,..\Results\results_fs_uniform_positive_medium_highdim\ORL_asu\blur_ga_pairwise_lasso_uniform_positive_binary_pre,"[""ORL_asu"", ""2"", ""2"", ""--data-dir"", ""../Dataset/prepared_feature_selection"", ""--output-dir"", ""..\\Results\\results_fs_uniform_positive_medium_highdim\\ORL_asu\\blur_ga_pairwise_lasso_uniform_positive_binary_pre"", ""--outer-folds"", ""4"", ""--inner-folds"", ""4"", ""--repeats"", ""3"", ""--seed"", ""1"", ""--shuffle"", ""true"", ""--popsize"", ""100"", ""--p-cross"", ""0.4"", ""--tournament-size"", ""3"", ""--tau-reset"", ""50"", ""--resetpop-rate"", ""0.99"", ""--local-search"", ""false"", ""--stop"", ""gen"", ""--max-gen"", ""100"", ""--edge-epsilon"", ""1e-06"", ""--save-generation-trace"", ""true"", ""--save-linkage-events"", ""false"", ""--save-graph-snapshots"", ""false"", ""--graph-snapshot-interval"", ""1"", ""--graph-snapshot-min-weight"", ""0.0"", ""--lr-gap-gen"", ""1"", ""--lr-min-samples"", ""10"", ""--lr-sparse-alpha"", ""0.001"", ""--lr-auto-alpha"", ""true"", ""--lr-alpha-c"", ""0.2"", ""--lr-delta"", ""0.05"", ""--lr-auto-min-samples"", ""true"", ""--lr-min-samples-c"", ""2.0"", ""--lr-stability-subsamples"", ""0"", ""--lr-stability-fraction"", ""0.75"", ""--lr-edge-min-weight"", ""0.0"", ""--lr-encoding"", ""binary"", ""--lr-solver"", ""auto"", ""--lr-matrix-free-threshold"", ""700"", ""--lr-matrix-free-max-iter"", ""8"", ""--lr-matrix-free-tol"", ""0.0001"", ""--lr-matrix-free-step-scale"", ""0.5"", ""--lr-matrix-free-dtype"", ""float32"", ""--build-building-blocks"", ""true"", ""--bb-weight-mode"", ""positive"", ""--bb-search-mode"", ""uniform"", ""--bb-min-block-size"", ""2"", ""--bb-max-blocks"", ""20"", ""--bb-snapshot-interval"", ""1"", ""--bb-external-penalty"", ""0.25"", ""--bb-size-penalty"", ""0.01"", ""--bb-pattern-top-fraction"", ""0.2"", ""--bb-pattern-min-support"", ""2"", ""--bb-refine-fraction"", ""0.2"", ""--bb-accept-equal-sparser"", ""true"", ""--bb-shuffle-blocks"", ""true"", ""--bb-signed-repair-probability"", ""0.75"", ""--pre-lr-explore"", ""true"", ""--pre-lr-mutation-multiplier"", ""3.0"", ""--pre-lr-immigrant-rate"", ""0.1"", ""--artifact-layout"", ""nested"", ""--write-aggregate-outputs"", ""false"", ""--lr-expected-edges"", ""60"", ""--lr-refit-expected-edges"", ""30"", ""--bb-gawll-update-interval"", ""10"", ""--bb-max-refine-trials"", ""10"", ""--repeat-id"", ""2"", ""--outer-fold-id"", ""2""]"
287,ORL_asu,2,2,2,3,..\Results\results_fs_uniform_positive_medium_highdim\ORL_asu\blur_ga_pairwise_lasso_uniform_positive_binary_pre,"[""ORL_asu"", ""2"", ""2"", ""--data-dir"", ""../Dataset/prepared_feature_selection"", ""--output-dir"", ""..\\Results\\results_fs_uniform_positive_medium_highdim\\ORL_asu\\blur_ga_pairwise_lasso_uniform_positive_binary_pre"", ""--outer-folds"", ""4"", ""--inner-folds"", ""4"", ""--repeats"", ""3"", ""--seed"", ""1"", ""--shuffle"", ""true"", ""--popsize"", ""100"", ""--p-cross"", ""0.4"", ""--tournament-size"", ""3"", ""--tau-reset"", ""50"", ""--resetpop-rate"", ""0.99"", ""--local-search"", ""false"", ""--stop"", ""gen"", ""--max-gen"", ""100"", ""--edge-epsilon"", ""1e-06"", ""--save-generation-trace"", ""true"", ""--save-linkage-events"", ""false"", ""--save-graph-snapshots"", ""false"", ""--graph-snapshot-interval"", ""1"", ""--graph-snapshot-min-weight"", ""0.0"", ""--lr-gap-gen"", ""1"", ""--lr-min-samples"", ""10"", ""--lr-sparse-alpha"", ""0.001"", ""--lr-auto-alpha"", ""true"", ""--lr-alpha-c"", ""0.2"", ""--lr-delta"", ""0.05"", ""--lr-auto-min-samples"", ""true"", ""--lr-min-samples-c"", ""2.0"", ""--lr-stability-subsamples"", ""0"", ""--lr-stability-fraction"", ""0.75"", ""--lr-edge-min-weight"", ""0.0"", ""--lr-encoding"", ""binary"", ""--lr-solver"", ""auto"", ""--lr-matrix-free-threshold"", ""700"", ""--lr-matrix-free-max-iter"", ""8"", ""--lr-matrix-free-tol"", ""0.0001"", ""--lr-matrix-free-step-scale"", ""0.5"", ""--lr-matrix-free-dtype"", ""float32"", ""--build-building-blocks"", ""true"", ""--bb-weight-mode"", ""positive"", ""--bb-search-mode"", ""uniform"", ""--bb-min-block-size"", ""2"", ""--bb-max-blocks"", ""20"", ""--bb-snapshot-interval"", ""1"", ""--bb-external-penalty"", ""0.25"", ""--bb-size-penalty"", ""0.01"", ""--bb-pattern-top-fraction"", ""0.2"", ""--bb-pattern-min-support"", ""2"", ""--bb-refine-fraction"", ""0.2"", ""--bb-accept-equal-sparser"", ""true"", ""--bb-shuffle-blocks"", ""true"", ""--bb-signed-repair-probability"", ""0.75"", ""--pre-lr-explore"", ""true"", ""--pre-lr-mutation-multiplier"", ""3.0"", ""--pre-lr-immigrant-rate"", ""0.1"", ""--artifact-layout"", ""nested"", ""--write-aggregate-outputs"", ""false"", ""--lr-expected-edges"", ""60"", ""--lr-refit-expected-edges"", ""30"", ""--bb-gawll-update-interval"", ""10"", ""--bb-max-refine-trials"", ""10"", ""--repeat-id"", ""2"", ""--outer-fold-id"", ""3""]"
288,hiva_agnostic_task363677,2,2,0,0,..\Results\results_fs_uniform_positive_medium_highdim\hiva_agnostic_task363677\blur_ga_pairwise_lasso_uniform_positive_binary_pre,"[""hiva_agnostic_task363677"", ""2"", ""2"", ""--data-dir"", ""../Dataset/prepared_feature_selection"", ""--output-dir"", ""..\\Results\\results_fs_uniform_positive_medium_highdim\\hiva_agnostic_task363677\\blur_ga_pairwise_lasso_uniform_positive_binary_pre"", ""--outer-folds"", ""4"", ""--inner-folds"", ""4"", ""--repeats"", ""3"", ""--seed"", ""1"", ""--shuffle"", ""true"", ""--popsize"", ""100"", ""--p-cross"", ""0.4"", ""--tournament-size"", ""3"", ""--tau-reset"", ""50"", ""--resetpop-rate"", ""0.99"", ""--local-search"", ""false"", ""--stop"", ""gen"", ""--max-gen"", ""100"", ""--edge-epsilon"", ""1e-06"", ""--save-generation-trace"", ""true"", ""--save-linkage-events"", ""false"", ""--save-graph-snapshots"", ""false"", ""--graph-snapshot-interval"", ""1"", ""--graph-snapshot-min-weight"", ""0.0"", ""--lr-gap-gen"", ""1"", ""--lr-min-samples"", ""10"", ""--lr-sparse-alpha"", ""0.001"", ""--lr-auto-alpha"", ""true"", ""--lr-alpha-c"", ""0.2"", ""--lr-delta"", ""0.05"", ""--lr-auto-min-samples"", ""true"", ""--lr-min-samples-c"", ""2.0"", ""--lr-stability-subsamples"", ""0"", ""--lr-stability-fraction"", ""0.75"", ""--lr-edge-min-weight"", ""0.0"", ""--lr-encoding"", ""binary"", ""--lr-solver"", ""auto"", ""--lr-matrix-free-threshold"", ""700"", ""--lr-matrix-free-max-iter"", ""8"", ""--lr-matrix-free-tol"", ""0.0001"", ""--lr-matrix-free-step-scale"", ""0.5"", ""--lr-matrix-free-dtype"", ""float32"", ""--build-building-blocks"", ""true"", ""--bb-weight-mode"", ""positive"", ""--bb-search-mode"", ""uniform"", ""--bb-min-block-size"", ""2"", ""--bb-max-blocks"", ""20"", ""--bb-snapshot-interval"", ""1"", ""--bb-external-penalty"", ""0.25"", ""--bb-size-penalty"", ""0.01"", ""--bb-pattern-top-fraction"", ""0.2"", ""--bb-pattern-min-support"", ""2"", ""--bb-refine-fraction"", ""0.2"", ""--bb-accept-equal-sparser"", ""true"", ""--bb-shuffle-blocks"", ""true"", ""--bb-signed-repair-probability"", ""0.75"", ""--pre-lr-explore"", ""true"", ""--pre-lr-mutation-multiplier"", ""3.0"", ""--pre-lr-immigrant-rate"", ""0.1"", ""--artifact-layout"", ""nested"", ""--write-aggregate-outputs"", ""false"", ""--lr-expected-edges"", ""60"", ""--lr-refit-expected-edges"", ""30"", ""--bb-gawll-update-interval"", ""10"", ""--bb-max-refine-trials"", ""10"", ""--repeat-id"", ""0"", ""--outer-fold-id"", ""0""]"
289,hiva_agnostic_task363677,2,2,0,1,..\Results\results_fs_uniform_positive_medium_highdim\hiva_agnostic_task363677\blur_ga_pairwise_lasso_uniform_positive_binary_pre,"[""hiva_agnostic_task363677"", ""2"", ""2"", ""--data-dir"", ""../Dataset/prepared_feature_selection"", ""--output-dir"", ""..\\Results\\results_fs_uniform_positive_medium_highdim\\hiva_agnostic_task363677\\blur_ga_pairwise_lasso_uniform_positive_binary_pre"", ""--outer-folds"", ""4"", ""--inner-folds"", ""4"", ""--repeats"", ""3"", ""--seed"", ""1"", ""--shuffle"", ""true"", ""--popsize"", ""100"", ""--p-cross"", ""0.4"", ""--tournament-size"", ""3"", ""--tau-reset"", ""50"", ""--resetpop-rate"", ""0.99"", ""--local-search"", ""false"", ""--stop"", ""gen"", ""--max-gen"", ""100"", ""--edge-epsilon"", ""1e-06"", ""--save-generation-trace"", ""true"", ""--save-linkage-events"", ""false"", ""--save-graph-snapshots"", ""false"", ""--graph-snapshot-interval"", ""1"", ""--graph-snapshot-min-weight"", ""0.0"", ""--lr-gap-gen"", ""1"", ""--lr-min-samples"", ""10"", ""--lr-sparse-alpha"", ""0.001"", ""--lr-auto-alpha"", ""true"", ""--lr-alpha-c"", ""0.2"", ""--lr-delta"", ""0.05"", ""--lr-auto-min-samples"", ""true"", ""--lr-min-samples-c"", ""2.0"", ""--lr-stability-subsamples"", ""0"", ""--lr-stability-fraction"", ""0.75"", ""--lr-edge-min-weight"", ""0.0"", ""--lr-encoding"", ""binary"", ""--lr-solver"", ""auto"", ""--lr-matrix-free-threshold"", ""700"", ""--lr-matrix-free-max-iter"", ""8"", ""--lr-matrix-free-tol"", ""0.0001"", ""--lr-matrix-free-step-scale"", ""0.5"", ""--lr-matrix-free-dtype"", ""float32"", ""--build-building-blocks"", ""true"", ""--bb-weight-mode"", ""positive"", ""--bb-search-mode"", ""uniform"", ""--bb-min-block-size"", ""2"", ""--bb-max-blocks"", ""20"", ""--bb-snapshot-interval"", ""1"", ""--bb-external-penalty"", ""0.25"", ""--bb-size-penalty"", ""0.01"", ""--bb-pattern-top-fraction"", ""0.2"", ""--bb-pattern-min-support"", ""2"", ""--bb-refine-fraction"", ""0.2"", ""--bb-accept-equal-sparser"", ""true"", ""--bb-shuffle-blocks"", ""true"", ""--bb-signed-repair-probability"", ""0.75"", ""--pre-lr-explore"", ""true"", ""--pre-lr-mutation-multiplier"", ""3.0"", ""--pre-lr-immigrant-rate"", ""0.1"", ""--artifact-layout"", ""nested"", ""--write-aggregate-outputs"", ""false"", ""--lr-expected-edges"", ""60"", ""--lr-refit-expected-edges"", ""30"", ""--bb-gawll-update-interval"", ""10"", ""--bb-max-refine-trials"", ""10"", ""--repeat-id"", ""0"", ""--outer-fold-id"", ""1""]"
290,hiva_agnostic_task363677,2,2,0,2,..\Results\results_fs_uniform_positive_medium_highdim\hiva_agnostic_task363677\blur_ga_pairwise_lasso_uniform_positive_binary_pre,"[""hiva_agnostic_task363677"", ""2"", ""2"", ""--data-dir"", ""../Dataset/prepared_feature_selection"", ""--output-dir"", ""..\\Results\\results_fs_uniform_positive_medium_highdim\\hiva_agnostic_task363677\\blur_ga_pairwise_lasso_uniform_positive_binary_pre"", ""--outer-folds"", ""4"", ""--inner-folds"", ""4"", ""--repeats"", ""3"", ""--seed"", ""1"", ""--shuffle"", ""true"", ""--popsize"", ""100"", ""--p-cross"", ""0.4"", ""--tournament-size"", ""3"", ""--tau-reset"", ""50"", ""--resetpop-rate"", ""0.99"", ""--local-search"", ""false"", ""--stop"", ""gen"", ""--max-gen"", ""100"", ""--edge-epsilon"", ""1e-06"", ""--save-generation-trace"", ""true"", ""--save-linkage-events"", ""false"", ""--save-graph-snapshots"", ""false"", ""--graph-snapshot-interval"", ""1"", ""--graph-snapshot-min-weight"", ""0.0"", ""--lr-gap-gen"", ""1"", ""--lr-min-samples"", ""10"", ""--lr-sparse-alpha"", ""0.001"", ""--lr-auto-alpha"", ""true"", ""--lr-alpha-c"", ""0.2"", ""--lr-delta"", ""0.05"", ""--lr-auto-min-samples"", ""true"", ""--lr-min-samples-c"", ""2.0"", ""--lr-stability-subsamples"", ""0"", ""--lr-stability-fraction"", ""0.75"", ""--lr-edge-min-weight"", ""0.0"", ""--lr-encoding"", ""binary"", ""--lr-solver"", ""auto"", ""--lr-matrix-free-threshold"", ""700"", ""--lr-matrix-free-max-iter"", ""8"", ""--lr-matrix-free-tol"", ""0.0001"", ""--lr-matrix-free-step-scale"", ""0.5"", ""--lr-matrix-free-dtype"", ""float32"", ""--build-building-blocks"", ""true"", ""--bb-weight-mode"", ""positive"", ""--bb-search-mode"", ""uniform"", ""--bb-min-block-size"", ""2"", ""--bb-max-blocks"", ""20"", ""--bb-snapshot-interval"", ""1"", ""--bb-external-penalty"", ""0.25"", ""--bb-size-penalty"", ""0.01"", ""--bb-pattern-top-fraction"", ""0.2"", ""--bb-pattern-min-support"", ""2"", ""--bb-refine-fraction"", ""0.2"", ""--bb-accept-equal-sparser"", ""true"", ""--bb-shuffle-blocks"", ""true"", ""--bb-signed-repair-probability"", ""0.75"", ""--pre-lr-explore"", ""true"", ""--pre-lr-mutation-multiplier"", ""3.0"", ""--pre-lr-immigrant-rate"", ""0.1"", ""--artifact-layout"", ""nested"", ""--write-aggregate-outputs"", ""false"", ""--lr-expected-edges"", ""60"", ""--lr-refit-expected-edges"", ""30"", ""--bb-gawll-update-interval"", ""10"", ""--bb-max-refine-trials"", ""10"", ""--repeat-id"", ""0"", ""--outer-fold-id"", ""2""]"
291,hiva_agnostic_task363677,2,2,0,3,..\Results\results_fs_uniform_positive_medium_highdim\hiva_agnostic_task363677\blur_ga_pairwise_lasso_uniform_positive_binary_pre,"[""hiva_agnostic_task363677"", ""2"", ""2"", ""--data-dir"", ""../Dataset/prepared_feature_selection"", ""--output-dir"", ""..\\Results\\results_fs_uniform_positive_medium_highdim\\hiva_agnostic_task363677\\blur_ga_pairwise_lasso_uniform_positive_binary_pre"", ""--outer-folds"", ""4"", ""--inner-folds"", ""4"", ""--repeats"", ""3"", ""--seed"", ""1"", ""--shuffle"", ""true"", ""--popsize"", ""100"", ""--p-cross"", ""0.4"", ""--tournament-size"", ""3"", ""--tau-reset"", ""50"", ""--resetpop-rate"", ""0.99"", ""--local-search"", ""false"", ""--stop"", ""gen"", ""--max-gen"", ""100"", ""--edge-epsilon"", ""1e-06"", ""--save-generation-trace"", ""true"", ""--save-linkage-events"", ""false"", ""--save-graph-snapshots"", ""false"", ""--graph-snapshot-interval"", ""1"", ""--graph-snapshot-min-weight"", ""0.0"", ""--lr-gap-gen"", ""1"", ""--lr-min-samples"", ""10"", ""--lr-sparse-alpha"", ""0.001"", ""--lr-auto-alpha"", ""true"", ""--lr-alpha-c"", ""0.2"", ""--lr-delta"", ""0.05"", ""--lr-auto-min-samples"", ""true"", ""--lr-min-samples-c"", ""2.0"", ""--lr-stability-subsamples"", ""0"", ""--lr-stability-fraction"", ""0.75"", ""--lr-edge-min-weight"", ""0.0"", ""--lr-encoding"", ""binary"", ""--lr-solver"", ""auto"", ""--lr-matrix-free-threshold"", ""700"", ""--lr-matrix-free-max-iter"", ""8"", ""--lr-matrix-free-tol"", ""0.0001"", ""--lr-matrix-free-step-scale"", ""0.5"", ""--lr-matrix-free-dtype"", ""float32"", ""--build-building-blocks"", ""true"", ""--bb-weight-mode"", ""positive"", ""--bb-search-mode"", ""uniform"", ""--bb-min-block-size"", ""2"", ""--bb-max-blocks"", ""20"", ""--bb-snapshot-interval"", ""1"", ""--bb-external-penalty"", ""0.25"", ""--bb-size-penalty"", ""0.01"", ""--bb-pattern-top-fraction"", ""0.2"", ""--bb-pattern-min-support"", ""2"", ""--bb-refine-fraction"", ""0.2"", ""--bb-accept-equal-sparser"", ""true"", ""--bb-shuffle-blocks"", ""true"", ""--bb-signed-repair-probability"", ""0.75"", ""--pre-lr-explore"", ""true"", ""--pre-lr-mutation-multiplier"", ""3.0"", ""--pre-lr-immigrant-rate"", ""0.1"", ""--artifact-layout"", ""nested"", ""--write-aggregate-outputs"", ""false"", ""--lr-expected-edges"", ""60"", ""--lr-refit-expected-edges"", ""30"", ""--bb-gawll-update-interval"", ""10"", ""--bb-max-refine-trials"", ""10"", ""--repeat-id"", ""0"", ""--outer-fold-id"", ""3""]"
292,hiva_agnostic_task363677,2,2,1,0,..\Results\results_fs_uniform_positive_medium_highdim\hiva_agnostic_task363677\blur_ga_pairwise_lasso_uniform_positive_binary_pre,"[""hiva_agnostic_task363677"", ""2"", ""2"", ""--data-dir"", ""../Dataset/prepared_feature_selection"", ""--output-dir"", ""..\\Results\\results_fs_uniform_positive_medium_highdim\\hiva_agnostic_task363677\\blur_ga_pairwise_lasso_uniform_positive_binary_pre"", ""--outer-folds"", ""4"", ""--inner-folds"", ""4"", ""--repeats"", ""3"", ""--seed"", ""1"", ""--shuffle"", ""true"", ""--popsize"", ""100"", ""--p-cross"", ""0.4"", ""--tournament-size"", ""3"", ""--tau-reset"", ""50"", ""--resetpop-rate"", ""0.99"", ""--local-search"", ""false"", ""--stop"", ""gen"", ""--max-gen"", ""100"", ""--edge-epsilon"", ""1e-06"", ""--save-generation-trace"", ""true"", ""--save-linkage-events"", ""false"", ""--save-graph-snapshots"", ""false"", ""--graph-snapshot-interval"", ""1"", ""--graph-snapshot-min-weight"", ""0.0"", ""--lr-gap-gen"", ""1"", ""--lr-min-samples"", ""10"", ""--lr-sparse-alpha"", ""0.001"", ""--lr-auto-alpha"", ""true"", ""--lr-alpha-c"", ""0.2"", ""--lr-delta"", ""0.05"", ""--lr-auto-min-samples"", ""true"", ""--lr-min-samples-c"", ""2.0"", ""--lr-stability-subsamples"", ""0"", ""--lr-stability-fraction"", ""0.75"", ""--lr-edge-min-weight"", ""0.0"", ""--lr-encoding"", ""binary"", ""--lr-solver"", ""auto"", ""--lr-matrix-free-threshold"", ""700"", ""--lr-matrix-free-max-iter"", ""8"", ""--lr-matrix-free-tol"", ""0.0001"", ""--lr-matrix-free-step-scale"", ""0.5"", ""--lr-matrix-free-dtype"", ""float32"", ""--build-building-blocks"", ""true"", ""--bb-weight-mode"", ""positive"", ""--bb-search-mode"", ""uniform"", ""--bb-min-block-size"", ""2"", ""--bb-max-blocks"", ""20"", ""--bb-snapshot-interval"", ""1"", ""--bb-external-penalty"", ""0.25"", ""--bb-size-penalty"", ""0.01"", ""--bb-pattern-top-fraction"", ""0.2"", ""--bb-pattern-min-support"", ""2"", ""--bb-refine-fraction"", ""0.2"", ""--bb-accept-equal-sparser"", ""true"", ""--bb-shuffle-blocks"", ""true"", ""--bb-signed-repair-probability"", ""0.75"", ""--pre-lr-explore"", ""true"", ""--pre-lr-mutation-multiplier"", ""3.0"", ""--pre-lr-immigrant-rate"", ""0.1"", ""--artifact-layout"", ""nested"", ""--write-aggregate-outputs"", ""false"", ""--lr-expected-edges"", ""60"", ""--lr-refit-expected-edges"", ""30"", ""--bb-gawll-update-interval"", ""10"", ""--bb-max-refine-trials"", ""10"", ""--repeat-id"", ""1"", ""--outer-fold-id"", ""0""]"
293,hiva_agnostic_task363677,2,2,1,1,..\Results\results_fs_uniform_positive_medium_highdim\hiva_agnostic_task363677\blur_ga_pairwise_lasso_uniform_positive_binary_pre,"[""hiva_agnostic_task363677"", ""2"", ""2"", ""--data-dir"", ""../Dataset/prepared_feature_selection"", ""--output-dir"", ""..\\Results\\results_fs_uniform_positive_medium_highdim\\hiva_agnostic_task363677\\blur_ga_pairwise_lasso_uniform_positive_binary_pre"", ""--outer-folds"", ""4"", ""--inner-folds"", ""4"", ""--repeats"", ""3"", ""--seed"", ""1"", ""--shuffle"", ""true"", ""--popsize"", ""100"", ""--p-cross"", ""0.4"", ""--tournament-size"", ""3"", ""--tau-reset"", ""50"", ""--resetpop-rate"", ""0.99"", ""--local-search"", ""false"", ""--stop"", ""gen"", ""--max-gen"", ""100"", ""--edge-epsilon"", ""1e-06"", ""--save-generation-trace"", ""true"", ""--save-linkage-events"", ""false"", ""--save-graph-snapshots"", ""false"", ""--graph-snapshot-interval"", ""1"", ""--graph-snapshot-min-weight"", ""0.0"", ""--lr-gap-gen"", ""1"", ""--lr-min-samples"", ""10"", ""--lr-sparse-alpha"", ""0.001"", ""--lr-auto-alpha"", ""true"", ""--lr-alpha-c"", ""0.2"", ""--lr-delta"", ""0.05"", ""--lr-auto-min-samples"", ""true"", ""--lr-min-samples-c"", ""2.0"", ""--lr-stability-subsamples"", ""0"", ""--lr-stability-fraction"", ""0.75"", ""--lr-edge-min-weight"", ""0.0"", ""--lr-encoding"", ""binary"", ""--lr-solver"", ""auto"", ""--lr-matrix-free-threshold"", ""700"", ""--lr-matrix-free-max-iter"", ""8"", ""--lr-matrix-free-tol"", ""0.0001"", ""--lr-matrix-free-step-scale"", ""0.5"", ""--lr-matrix-free-dtype"", ""float32"", ""--build-building-blocks"", ""true"", ""--bb-weight-mode"", ""positive"", ""--bb-search-mode"", ""uniform"", ""--bb-min-block-size"", ""2"", ""--bb-max-blocks"", ""20"", ""--bb-snapshot-interval"", ""1"", ""--bb-external-penalty"", ""0.25"", ""--bb-size-penalty"", ""0.01"", ""--bb-pattern-top-fraction"", ""0.2"", ""--bb-pattern-min-support"", ""2"", ""--bb-refine-fraction"", ""0.2"", ""--bb-accept-equal-sparser"", ""true"", ""--bb-shuffle-blocks"", ""true"", ""--bb-signed-repair-probability"", ""0.75"", ""--pre-lr-explore"", ""true"", ""--pre-lr-mutation-multiplier"", ""3.0"", ""--pre-lr-immigrant-rate"", ""0.1"", ""--artifact-layout"", ""nested"", ""--write-aggregate-outputs"", ""false"", ""--lr-expected-edges"", ""60"", ""--lr-refit-expected-edges"", ""30"", ""--bb-gawll-update-interval"", ""10"", ""--bb-max-refine-trials"", ""10"", ""--repeat-id"", ""1"", ""--outer-fold-id"", ""1""]"
294,hiva_agnostic_task363677,2,2,1,2,..\Results\results_fs_uniform_positive_medium_highdim\hiva_agnostic_task363677\blur_ga_pairwise_lasso_uniform_positive_binary_pre,"[""hiva_agnostic_task363677"", ""2"", ""2"", ""--data-dir"", ""../Dataset/prepared_feature_selection"", ""--output-dir"", ""..\\Results\\results_fs_uniform_positive_medium_highdim\\hiva_agnostic_task363677\\blur_ga_pairwise_lasso_uniform_positive_binary_pre"", ""--outer-folds"", ""4"", ""--inner-folds"", ""4"", ""--repeats"", ""3"", ""--seed"", ""1"", ""--shuffle"", ""true"", ""--popsize"", ""100"", ""--p-cross"", ""0.4"", ""--tournament-size"", ""3"", ""--tau-reset"", ""50"", ""--resetpop-rate"", ""0.99"", ""--local-search"", ""false"", ""--stop"", ""gen"", ""--max-gen"", ""100"", ""--edge-epsilon"", ""1e-06"", ""--save-generation-trace"", ""true"", ""--save-linkage-events"", ""false"", ""--save-graph-snapshots"", ""false"", ""--graph-snapshot-interval"", ""1"", ""--graph-snapshot-min-weight"", ""0.0"", ""--lr-gap-gen"", ""1"", ""--lr-min-samples"", ""10"", ""--lr-sparse-alpha"", ""0.001"", ""--lr-auto-alpha"", ""true"", ""--lr-alpha-c"", ""0.2"", ""--lr-delta"", ""0.05"", ""--lr-auto-min-samples"", ""true"", ""--lr-min-samples-c"", ""2.0"", ""--lr-stability-subsamples"", ""0"", ""--lr-stability-fraction"", ""0.75"", ""--lr-edge-min-weight"", ""0.0"", ""--lr-encoding"", ""binary"", ""--lr-solver"", ""auto"", ""--lr-matrix-free-threshold"", ""700"", ""--lr-matrix-free-max-iter"", ""8"", ""--lr-matrix-free-tol"", ""0.0001"", ""--lr-matrix-free-step-scale"", ""0.5"", ""--lr-matrix-free-dtype"", ""float32"", ""--build-building-blocks"", ""true"", ""--bb-weight-mode"", ""positive"", ""--bb-search-mode"", ""uniform"", ""--bb-min-block-size"", ""2"", ""--bb-max-blocks"", ""20"", ""--bb-snapshot-interval"", ""1"", ""--bb-external-penalty"", ""0.25"", ""--bb-size-penalty"", ""0.01"", ""--bb-pattern-top-fraction"", ""0.2"", ""--bb-pattern-min-support"", ""2"", ""--bb-refine-fraction"", ""0.2"", ""--bb-accept-equal-sparser"", ""true"", ""--bb-shuffle-blocks"", ""true"", ""--bb-signed-repair-probability"", ""0.75"", ""--pre-lr-explore"", ""true"", ""--pre-lr-mutation-multiplier"", ""3.0"", ""--pre-lr-immigrant-rate"", ""0.1"", ""--artifact-layout"", ""nested"", ""--write-aggregate-outputs"", ""false"", ""--lr-expected-edges"", ""60"", ""--lr-refit-expected-edges"", ""30"", ""--bb-gawll-update-interval"", ""10"", ""--bb-max-refine-trials"", ""10"", ""--repeat-id"", ""1"", ""--outer-fold-id"", ""2""]"
295,hiva_agnostic_task363677,2,2,1,3,..\Results\results_fs_uniform_positive_medium_highdim\hiva_agnostic_task363677\blur_ga_pairwise_lasso_uniform_positive_binary_pre,"[""hiva_agnostic_task363677"", ""2"", ""2"", ""--data-dir"", ""../Dataset/prepared_feature_selection"", ""--output-dir"", ""..\\Results\\results_fs_uniform_positive_medium_highdim\\hiva_agnostic_task363677\\blur_ga_pairwise_lasso_uniform_positive_binary_pre"", ""--outer-folds"", ""4"", ""--inner-folds"", ""4"", ""--repeats"", ""3"", ""--seed"", ""1"", ""--shuffle"", ""true"", ""--popsize"", ""100"", ""--p-cross"", ""0.4"", ""--tournament-size"", ""3"", ""--tau-reset"", ""50"", ""--resetpop-rate"", ""0.99"", ""--local-search"", ""false"", ""--stop"", ""gen"", ""--max-gen"", ""100"", ""--edge-epsilon"", ""1e-06"", ""--save-generation-trace"", ""true"", ""--save-linkage-events"", ""false"", ""--save-graph-snapshots"", ""false"", ""--graph-snapshot-interval"", ""1"", ""--graph-snapshot-min-weight"", ""0.0"", ""--lr-gap-gen"", ""1"", ""--lr-min-samples"", ""10"", ""--lr-sparse-alpha"", ""0.001"", ""--lr-auto-alpha"", ""true"", ""--lr-alpha-c"", ""0.2"", ""--lr-delta"", ""0.05"", ""--lr-auto-min-samples"", ""true"", ""--lr-min-samples-c"", ""2.0"", ""--lr-stability-subsamples"", ""0"", ""--lr-stability-fraction"", ""0.75"", ""--lr-edge-min-weight"", ""0.0"", ""--lr-encoding"", ""binary"", ""--lr-solver"", ""auto"", ""--lr-matrix-free-threshold"", ""700"", ""--lr-matrix-free-max-iter"", ""8"", ""--lr-matrix-free-tol"", ""0.0001"", ""--lr-matrix-free-step-scale"", ""0.5"", ""--lr-matrix-free-dtype"", ""float32"", ""--build-building-blocks"", ""true"", ""--bb-weight-mode"", ""positive"", ""--bb-search-mode"", ""uniform"", ""--bb-min-block-size"", ""2"", ""--bb-max-blocks"", ""20"", ""--bb-snapshot-interval"", ""1"", ""--bb-external-penalty"", ""0.25"", ""--bb-size-penalty"", ""0.01"", ""--bb-pattern-top-fraction"", ""0.2"", ""--bb-pattern-min-support"", ""2"", ""--bb-refine-fraction"", ""0.2"", ""--bb-accept-equal-sparser"", ""true"", ""--bb-shuffle-blocks"", ""true"", ""--bb-signed-repair-probability"", ""0.75"", ""--pre-lr-explore"", ""true"", ""--pre-lr-mutation-multiplier"", ""3.0"", ""--pre-lr-immigrant-rate"", ""0.1"", ""--artifact-layout"", ""nested"", ""--write-aggregate-outputs"", ""false"", ""--lr-expected-edges"", ""60"", ""--lr-refit-expected-edges"", ""30"", ""--bb-gawll-update-interval"", ""10"", ""--bb-max-refine-trials"", ""10"", ""--repeat-id"", ""1"", ""--outer-fold-id"", ""3""]"
296,hiva_agnostic_task363677,2,2,2,0,..\Results\results_fs_uniform_positive_medium_highdim\hiva_agnostic_task363677\blur_ga_pairwise_lasso_uniform_positive_binary_pre,"[""hiva_agnostic_task363677"", ""2"", ""2"", ""--data-dir"", ""../Dataset/prepared_feature_selection"", ""--output-dir"", ""..\\Results\\results_fs_uniform_positive_medium_highdim\\hiva_agnostic_task363677\\blur_ga_pairwise_lasso_uniform_positive_binary_pre"", ""--outer-folds"", ""4"", ""--inner-folds"", ""4"", ""--repeats"", ""3"", ""--seed"", ""1"", ""--shuffle"", ""true"", ""--popsize"", ""100"", ""--p-cross"", ""0.4"", ""--tournament-size"", ""3"", ""--tau-reset"", ""50"", ""--resetpop-rate"", ""0.99"", ""--local-search"", ""false"", ""--stop"", ""gen"", ""--max-gen"", ""100"", ""--edge-epsilon"", ""1e-06"", ""--save-generation-trace"", ""true"", ""--save-linkage-events"", ""false"", ""--save-graph-snapshots"", ""false"", ""--graph-snapshot-interval"", ""1"", ""--graph-snapshot-min-weight"", ""0.0"", ""--lr-gap-gen"", ""1"", ""--lr-min-samples"", ""10"", ""--lr-sparse-alpha"", ""0.001"", ""--lr-auto-alpha"", ""true"", ""--lr-alpha-c"", ""0.2"", ""--lr-delta"", ""0.05"", ""--lr-auto-min-samples"", ""true"", ""--lr-min-samples-c"", ""2.0"", ""--lr-stability-subsamples"", ""0"", ""--lr-stability-fraction"", ""0.75"", ""--lr-edge-min-weight"", ""0.0"", ""--lr-encoding"", ""binary"", ""--lr-solver"", ""auto"", ""--lr-matrix-free-threshold"", ""700"", ""--lr-matrix-free-max-iter"", ""8"", ""--lr-matrix-free-tol"", ""0.0001"", ""--lr-matrix-free-step-scale"", ""0.5"", ""--lr-matrix-free-dtype"", ""float32"", ""--build-building-blocks"", ""true"", ""--bb-weight-mode"", ""positive"", ""--bb-search-mode"", ""uniform"", ""--bb-min-block-size"", ""2"", ""--bb-max-blocks"", ""20"", ""--bb-snapshot-interval"", ""1"", ""--bb-external-penalty"", ""0.25"", ""--bb-size-penalty"", ""0.01"", ""--bb-pattern-top-fraction"", ""0.2"", ""--bb-pattern-min-support"", ""2"", ""--bb-refine-fraction"", ""0.2"", ""--bb-accept-equal-sparser"", ""true"", ""--bb-shuffle-blocks"", ""true"", ""--bb-signed-repair-probability"", ""0.75"", ""--pre-lr-explore"", ""true"", ""--pre-lr-mutation-multiplier"", ""3.0"", ""--pre-lr-immigrant-rate"", ""0.1"", ""--artifact-layout"", ""nested"", ""--write-aggregate-outputs"", ""false"", ""--lr-expected-edges"", ""60"", ""--lr-refit-expected-edges"", ""30"", ""--bb-gawll-update-interval"", ""10"", ""--bb-max-refine-trials"", ""10"", ""--repeat-id"", ""2"", ""--outer-fold-id"", ""0""]"
297,hiva_agnostic_task363677,2,2,2,1,..\Results\results_fs_uniform_positive_medium_highdim\hiva_agnostic_task363677\blur_ga_pairwise_lasso_uniform_positive_binary_pre,"[""hiva_agnostic_task363677"", ""2"", ""2"", ""--data-dir"", ""../Dataset/prepared_feature_selection"", ""--output-dir"", ""..\\Results\\results_fs_uniform_positive_medium_highdim\\hiva_agnostic_task363677\\blur_ga_pairwise_lasso_uniform_positive_binary_pre"", ""--outer-folds"", ""4"", ""--inner-folds"", ""4"", ""--repeats"", ""3"", ""--seed"", ""1"", ""--shuffle"", ""true"", ""--popsize"", ""100"", ""--p-cross"", ""0.4"", ""--tournament-size"", ""3"", ""--tau-reset"", ""50"", ""--resetpop-rate"", ""0.99"", ""--local-search"", ""false"", ""--stop"", ""gen"", ""--max-gen"", ""100"", ""--edge-epsilon"", ""1e-06"", ""--save-generation-trace"", ""true"", ""--save-linkage-events"", ""false"", ""--save-graph-snapshots"", ""false"", ""--graph-snapshot-interval"", ""1"", ""--graph-snapshot-min-weight"", ""0.0"", ""--lr-gap-gen"", ""1"", ""--lr-min-samples"", ""10"", ""--lr-sparse-alpha"", ""0.001"", ""--lr-auto-alpha"", ""true"", ""--lr-alpha-c"", ""0.2"", ""--lr-delta"", ""0.05"", ""--lr-auto-min-samples"", ""true"", ""--lr-min-samples-c"", ""2.0"", ""--lr-stability-subsamples"", ""0"", ""--lr-stability-fraction"", ""0.75"", ""--lr-edge-min-weight"", ""0.0"", ""--lr-encoding"", ""binary"", ""--lr-solver"", ""auto"", ""--lr-matrix-free-threshold"", ""700"", ""--lr-matrix-free-max-iter"", ""8"", ""--lr-matrix-free-tol"", ""0.0001"", ""--lr-matrix-free-step-scale"", ""0.5"", ""--lr-matrix-free-dtype"", ""float32"", ""--build-building-blocks"", ""true"", ""--bb-weight-mode"", ""positive"", ""--bb-search-mode"", ""uniform"", ""--bb-min-block-size"", ""2"", ""--bb-max-blocks"", ""20"", ""--bb-snapshot-interval"", ""1"", ""--bb-external-penalty"", ""0.25"", ""--bb-size-penalty"", ""0.01"", ""--bb-pattern-top-fraction"", ""0.2"", ""--bb-pattern-min-support"", ""2"", ""--bb-refine-fraction"", ""0.2"", ""--bb-accept-equal-sparser"", ""true"", ""--bb-shuffle-blocks"", ""true"", ""--bb-signed-repair-probability"", ""0.75"", ""--pre-lr-explore"", ""true"", ""--pre-lr-mutation-multiplier"", ""3.0"", ""--pre-lr-immigrant-rate"", ""0.1"", ""--artifact-layout"", ""nested"", ""--write-aggregate-outputs"", ""false"", ""--lr-expected-edges"", ""60"", ""--lr-refit-expected-edges"", ""30"", ""--bb-gawll-update-interval"", ""10"", ""--bb-max-refine-trials"", ""10"", ""--repeat-id"", ""2"", ""--outer-fold-id"", ""1""]"
298,hiva_agnostic_task363677,2,2,2,2,..\Results\results_fs_uniform_positive_medium_highdim\hiva_agnostic_task363677\blur_ga_pairwise_lasso_uniform_positive_binary_pre,"[""hiva_agnostic_task363677"", ""2"", ""2"", ""--data-dir"", ""../Dataset/prepared_feature_selection"", ""--output-dir"", ""..\\Results\\results_fs_uniform_positive_medium_highdim\\hiva_agnostic_task363677\\blur_ga_pairwise_lasso_uniform_positive_binary_pre"", ""--outer-folds"", ""4"", ""--inner-folds"", ""4"", ""--repeats"", ""3"", ""--seed"", ""1"", ""--shuffle"", ""true"", ""--popsize"", ""100"", ""--p-cross"", ""0.4"", ""--tournament-size"", ""3"", ""--tau-reset"", ""50"", ""--resetpop-rate"", ""0.99"", ""--local-search"", ""false"", ""--stop"", ""gen"", ""--max-gen"", ""100"", ""--edge-epsilon"", ""1e-06"", ""--save-generation-trace"", ""true"", ""--save-linkage-events"", ""false"", ""--save-graph-snapshots"", ""false"", ""--graph-snapshot-interval"", ""1"", ""--graph-snapshot-min-weight"", ""0.0"", ""--lr-gap-gen"", ""1"", ""--lr-min-samples"", ""10"", ""--lr-sparse-alpha"", ""0.001"", ""--lr-auto-alpha"", ""true"", ""--lr-alpha-c"", ""0.2"", ""--lr-delta"", ""0.05"", ""--lr-auto-min-samples"", ""true"", ""--lr-min-samples-c"", ""2.0"", ""--lr-stability-subsamples"", ""0"", ""--lr-stability-fraction"", ""0.75"", ""--lr-edge-min-weight"", ""0.0"", ""--lr-encoding"", ""binary"", ""--lr-solver"", ""auto"", ""--lr-matrix-free-threshold"", ""700"", ""--lr-matrix-free-max-iter"", ""8"", ""--lr-matrix-free-tol"", ""0.0001"", ""--lr-matrix-free-step-scale"", ""0.5"", ""--lr-matrix-free-dtype"", ""float32"", ""--build-building-blocks"", ""true"", ""--bb-weight-mode"", ""positive"", ""--bb-search-mode"", ""uniform"", ""--bb-min-block-size"", ""2"", ""--bb-max-blocks"", ""20"", ""--bb-snapshot-interval"", ""1"", ""--bb-external-penalty"", ""0.25"", ""--bb-size-penalty"", ""0.01"", ""--bb-pattern-top-fraction"", ""0.2"", ""--bb-pattern-min-support"", ""2"", ""--bb-refine-fraction"", ""0.2"", ""--bb-accept-equal-sparser"", ""true"", ""--bb-shuffle-blocks"", ""true"", ""--bb-signed-repair-probability"", ""0.75"", ""--pre-lr-explore"", ""true"", ""--pre-lr-mutation-multiplier"", ""3.0"", ""--pre-lr-immigrant-rate"", ""0.1"", ""--artifact-layout"", ""nested"", ""--write-aggregate-outputs"", ""false"", ""--lr-expected-edges"", ""60"", ""--lr-refit-expected-edges"", ""30"", ""--bb-gawll-update-interval"", ""10"", ""--bb-max-refine-trials"", ""10"", ""--repeat-id"", ""2"", ""--outer-fold-id"", ""2""]"
299,hiva_agnostic_task363677,2,2,2,3,..\Results\results_fs_uniform_positive_medium_highdim\hiva_agnostic_task363677\blur_ga_pairwise_lasso_uniform_positive_binary_pre,"[""hiva_agnostic_task363677"", ""2"", ""2"", ""--data-dir"", ""../Dataset/prepared_feature_selection"", ""--output-dir"", ""..\\Results\\results_fs_uniform_positive_medium_highdim\\hiva_agnostic_task363677\\blur_ga_pairwise_lasso_uniform_positive_binary_pre"", ""--outer-folds"", ""4"", ""--inner-folds"", ""4"", ""--repeats"", ""3"", ""--seed"", ""1"", ""--shuffle"", ""true"", ""--popsize"", ""100"", ""--p-cross"", ""0.4"", ""--tournament-size"", ""3"", ""--tau-reset"", ""50"", ""--resetpop-rate"", ""0.99"", ""--local-search"", ""false"", ""--stop"", ""gen"", ""--max-gen"", ""100"", ""--edge-epsilon"", ""1e-06"", ""--save-generation-trace"", ""true"", ""--save-linkage-events"", ""false"", ""--save-graph-snapshots"", ""false"", ""--graph-snapshot-interval"", ""1"", ""--graph-snapshot-min-weight"", ""0.0"", ""--lr-gap-gen"", ""1"", ""--lr-min-samples"", ""10"", ""--lr-sparse-alpha"", ""0.001"", ""--lr-auto-alpha"", ""true"", ""--lr-alpha-c"", ""0.2"", ""--lr-delta"", ""0.05"", ""--lr-auto-min-samples"", ""true"", ""--lr-min-samples-c"", ""2.0"", ""--lr-stability-subsamples"", ""0"", ""--lr-stability-fraction"", ""0.75"", ""--lr-edge-min-weight"", ""0.0"", ""--lr-encoding"", ""binary"", ""--lr-solver"", ""auto"", ""--lr-matrix-free-threshold"", ""700"", ""--lr-matrix-free-max-iter"", ""8"", ""--lr-matrix-free-tol"", ""0.0001"", ""--lr-matrix-free-step-scale"", ""0.5"", ""--lr-matrix-free-dtype"", ""float32"", ""--build-building-blocks"", ""true"", ""--bb-weight-mode"", ""positive"", ""--bb-search-mode"", ""uniform"", ""--bb-min-block-size"", ""2"", ""--bb-max-blocks"", ""20"", ""--bb-snapshot-interval"", ""1"", ""--bb-external-penalty"", ""0.25"", ""--bb-size-penalty"", ""0.01"", ""--bb-pattern-top-fraction"", ""0.2"", ""--bb-pattern-min-support"", ""2"", ""--bb-refine-fraction"", ""0.2"", ""--bb-accept-equal-sparser"", ""true"", ""--bb-shuffle-blocks"", ""true"", ""--bb-signed-repair-probability"", ""0.75"", ""--pre-lr-explore"", ""true"", ""--pre-lr-mutation-multiplier"", ""3.0"", ""--pre-lr-immigrant-rate"", ""0.1"", ""--artifact-layout"", ""nested"", ""--write-aggregate-outputs"", ""false"", ""--lr-expected-edges"", ""60"", ""--lr-refit-expected-edges"", ""30"", ""--bb-gawll-update-interval"", ""10"", ""--bb-max-refine-trials"", ""10"", ""--repeat-id"", ""2"", ""--outer-fold-id"", ""3""]"
300,Bioresponse_task363620,2,2,0,0,..\Results\results_fs_uniform_positive_medium_highdim\Bioresponse_task363620\blur_ga_pairwise_lasso_uniform_positive_binary_pre,"[""Bioresponse_task363620"", ""2"", ""2"", ""--data-dir"", ""../Dataset/prepared_feature_selection"", ""--output-dir"", ""..\\Results\\results_fs_uniform_positive_medium_highdim\\Bioresponse_task363620\\blur_ga_pairwise_lasso_uniform_positive_binary_pre"", ""--outer-folds"", ""4"", ""--inner-folds"", ""4"", ""--repeats"", ""3"", ""--seed"", ""1"", ""--shuffle"", ""true"", ""--popsize"", ""100"", ""--p-cross"", ""0.4"", ""--tournament-size"", ""3"", ""--tau-reset"", ""50"", ""--resetpop-rate"", ""0.99"", ""--local-search"", ""false"", ""--stop"", ""gen"", ""--max-gen"", ""100"", ""--edge-epsilon"", ""1e-06"", ""--save-generation-trace"", ""true"", ""--save-linkage-events"", ""false"", ""--save-graph-snapshots"", ""false"", ""--graph-snapshot-interval"", ""1"", ""--graph-snapshot-min-weight"", ""0.0"", ""--lr-gap-gen"", ""1"", ""--lr-min-samples"", ""10"", ""--lr-sparse-alpha"", ""0.001"", ""--lr-auto-alpha"", ""true"", ""--lr-alpha-c"", ""0.2"", ""--lr-delta"", ""0.05"", ""--lr-auto-min-samples"", ""true"", ""--lr-min-samples-c"", ""2.0"", ""--lr-stability-subsamples"", ""0"", ""--lr-stability-fraction"", ""0.75"", ""--lr-edge-min-weight"", ""0.0"", ""--lr-encoding"", ""binary"", ""--lr-solver"", ""auto"", ""--lr-matrix-free-threshold"", ""700"", ""--lr-matrix-free-max-iter"", ""8"", ""--lr-matrix-free-tol"", ""0.0001"", ""--lr-matrix-free-step-scale"", ""0.5"", ""--lr-matrix-free-dtype"", ""float32"", ""--build-building-blocks"", ""true"", ""--bb-weight-mode"", ""positive"", ""--bb-search-mode"", ""uniform"", ""--bb-min-block-size"", ""2"", ""--bb-max-blocks"", ""20"", ""--bb-snapshot-interval"", ""1"", ""--bb-external-penalty"", ""0.25"", ""--bb-size-penalty"", ""0.01"", ""--bb-pattern-top-fraction"", ""0.2"", ""--bb-pattern-min-support"", ""2"", ""--bb-refine-fraction"", ""0.2"", ""--bb-accept-equal-sparser"", ""true"", ""--bb-shuffle-blocks"", ""true"", ""--bb-signed-repair-probability"", ""0.75"", ""--pre-lr-explore"", ""true"", ""--pre-lr-mutation-multiplier"", ""3.0"", ""--pre-lr-immigrant-rate"", ""0.1"", ""--artifact-layout"", ""nested"", ""--write-aggregate-outputs"", ""false"", ""--lr-expected-edges"", ""60"", ""--lr-refit-expected-edges"", ""30"", ""--bb-gawll-update-interval"", ""10"", ""--bb-max-refine-trials"", ""10"", ""--repeat-id"", ""0"", ""--outer-fold-id"", ""0""]"
301,Bioresponse_task363620,2,2,0,1,..\Results\results_fs_uniform_positive_medium_highdim\Bioresponse_task363620\blur_ga_pairwise_lasso_uniform_positive_binary_pre,"[""Bioresponse_task363620"", ""2"", ""2"", ""--data-dir"", ""../Dataset/prepared_feature_selection"", ""--output-dir"", ""..\\Results\\results_fs_uniform_positive_medium_highdim\\Bioresponse_task363620\\blur_ga_pairwise_lasso_uniform_positive_binary_pre"", ""--outer-folds"", ""4"", ""--inner-folds"", ""4"", ""--repeats"", ""3"", ""--seed"", ""1"", ""--shuffle"", ""true"", ""--popsize"", ""100"", ""--p-cross"", ""0.4"", ""--tournament-size"", ""3"", ""--tau-reset"", ""50"", ""--resetpop-rate"", ""0.99"", ""--local-search"", ""false"", ""--stop"", ""gen"", ""--max-gen"", ""100"", ""--edge-epsilon"", ""1e-06"", ""--save-generation-trace"", ""true"", ""--save-linkage-events"", ""false"", ""--save-graph-snapshots"", ""false"", ""--graph-snapshot-interval"", ""1"", ""--graph-snapshot-min-weight"", ""0.0"", ""--lr-gap-gen"", ""1"", ""--lr-min-samples"", ""10"", ""--lr-sparse-alpha"", ""0.001"", ""--lr-auto-alpha"", ""true"", ""--lr-alpha-c"", ""0.2"", ""--lr-delta"", ""0.05"", ""--lr-auto-min-samples"", ""true"", ""--lr-min-samples-c"", ""2.0"", ""--lr-stability-subsamples"", ""0"", ""--lr-stability-fraction"", ""0.75"", ""--lr-edge-min-weight"", ""0.0"", ""--lr-encoding"", ""binary"", ""--lr-solver"", ""auto"", ""--lr-matrix-free-threshold"", ""700"", ""--lr-matrix-free-max-iter"", ""8"", ""--lr-matrix-free-tol"", ""0.0001"", ""--lr-matrix-free-step-scale"", ""0.5"", ""--lr-matrix-free-dtype"", ""float32"", ""--build-building-blocks"", ""true"", ""--bb-weight-mode"", ""positive"", ""--bb-search-mode"", ""uniform"", ""--bb-min-block-size"", ""2"", ""--bb-max-blocks"", ""20"", ""--bb-snapshot-interval"", ""1"", ""--bb-external-penalty"", ""0.25"", ""--bb-size-penalty"", ""0.01"", ""--bb-pattern-top-fraction"", ""0.2"", ""--bb-pattern-min-support"", ""2"", ""--bb-refine-fraction"", ""0.2"", ""--bb-accept-equal-sparser"", ""true"", ""--bb-shuffle-blocks"", ""true"", ""--bb-signed-repair-probability"", ""0.75"", ""--pre-lr-explore"", ""true"", ""--pre-lr-mutation-multiplier"", ""3.0"", ""--pre-lr-immigrant-rate"", ""0.1"", ""--artifact-layout"", ""nested"", ""--write-aggregate-outputs"", ""false"", ""--lr-expected-edges"", ""60"", ""--lr-refit-expected-edges"", ""30"", ""--bb-gawll-update-interval"", ""10"", ""--bb-max-refine-trials"", ""10"", ""--repeat-id"", ""0"", ""--outer-fold-id"", ""1""]"
302,Bioresponse_task363620,2,2,0,2,..\Results\results_fs_uniform_positive_medium_highdim\Bioresponse_task363620\blur_ga_pairwise_lasso_uniform_positive_binary_pre,"[""Bioresponse_task363620"", ""2"", ""2"", ""--data-dir"", ""../Dataset/prepared_feature_selection"", ""--output-dir"", ""..\\Results\\results_fs_uniform_positive_medium_highdim\\Bioresponse_task363620\\blur_ga_pairwise_lasso_uniform_positive_binary_pre"", ""--outer-folds"", ""4"", ""--inner-folds"", ""4"", ""--repeats"", ""3"", ""--seed"", ""1"", ""--shuffle"", ""true"", ""--popsize"", ""100"", ""--p-cross"", ""0.4"", ""--tournament-size"", ""3"", ""--tau-reset"", ""50"", ""--resetpop-rate"", ""0.99"", ""--local-search"", ""false"", ""--stop"", ""gen"", ""--max-gen"", ""100"", ""--edge-epsilon"", ""1e-06"", ""--save-generation-trace"", ""true"", ""--save-linkage-events"", ""false"", ""--save-graph-snapshots"", ""false"", ""--graph-snapshot-interval"", ""1"", ""--graph-snapshot-min-weight"", ""0.0"", ""--lr-gap-gen"", ""1"", ""--lr-min-samples"", ""10"", ""--lr-sparse-alpha"", ""0.001"", ""--lr-auto-alpha"", ""true"", ""--lr-alpha-c"", ""0.2"", ""--lr-delta"", ""0.05"", ""--lr-auto-min-samples"", ""true"", ""--lr-min-samples-c"", ""2.0"", ""--lr-stability-subsamples"", ""0"", ""--lr-stability-fraction"", ""0.75"", ""--lr-edge-min-weight"", ""0.0"", ""--lr-encoding"", ""binary"", ""--lr-solver"", ""auto"", ""--lr-matrix-free-threshold"", ""700"", ""--lr-matrix-free-max-iter"", ""8"", ""--lr-matrix-free-tol"", ""0.0001"", ""--lr-matrix-free-step-scale"", ""0.5"", ""--lr-matrix-free-dtype"", ""float32"", ""--build-building-blocks"", ""true"", ""--bb-weight-mode"", ""positive"", ""--bb-search-mode"", ""uniform"", ""--bb-min-block-size"", ""2"", ""--bb-max-blocks"", ""20"", ""--bb-snapshot-interval"", ""1"", ""--bb-external-penalty"", ""0.25"", ""--bb-size-penalty"", ""0.01"", ""--bb-pattern-top-fraction"", ""0.2"", ""--bb-pattern-min-support"", ""2"", ""--bb-refine-fraction"", ""0.2"", ""--bb-accept-equal-sparser"", ""true"", ""--bb-shuffle-blocks"", ""true"", ""--bb-signed-repair-probability"", ""0.75"", ""--pre-lr-explore"", ""true"", ""--pre-lr-mutation-multiplier"", ""3.0"", ""--pre-lr-immigrant-rate"", ""0.1"", ""--artifact-layout"", ""nested"", ""--write-aggregate-outputs"", ""false"", ""--lr-expected-edges"", ""60"", ""--lr-refit-expected-edges"", ""30"", ""--bb-gawll-update-interval"", ""10"", ""--bb-max-refine-trials"", ""10"", ""--repeat-id"", ""0"", ""--outer-fold-id"", ""2""]"
303,Bioresponse_task363620,2,2,0,3,..\Results\results_fs_uniform_positive_medium_highdim\Bioresponse_task363620\blur_ga_pairwise_lasso_uniform_positive_binary_pre,"[""Bioresponse_task363620"", ""2"", ""2"", ""--data-dir"", ""../Dataset/prepared_feature_selection"", ""--output-dir"", ""..\\Results\\results_fs_uniform_positive_medium_highdim\\Bioresponse_task363620\\blur_ga_pairwise_lasso_uniform_positive_binary_pre"", ""--outer-folds"", ""4"", ""--inner-folds"", ""4"", ""--repeats"", ""3"", ""--seed"", ""1"", ""--shuffle"", ""true"", ""--popsize"", ""100"", ""--p-cross"", ""0.4"", ""--tournament-size"", ""3"", ""--tau-reset"", ""50"", ""--resetpop-rate"", ""0.99"", ""--local-search"", ""false"", ""--stop"", ""gen"", ""--max-gen"", ""100"", ""--edge-epsilon"", ""1e-06"", ""--save-generation-trace"", ""true"", ""--save-linkage-events"", ""false"", ""--save-graph-snapshots"", ""false"", ""--graph-snapshot-interval"", ""1"", ""--graph-snapshot-min-weight"", ""0.0"", ""--lr-gap-gen"", ""1"", ""--lr-min-samples"", ""10"", ""--lr-sparse-alpha"", ""0.001"", ""--lr-auto-alpha"", ""true"", ""--lr-alpha-c"", ""0.2"", ""--lr-delta"", ""0.05"", ""--lr-auto-min-samples"", ""true"", ""--lr-min-samples-c"", ""2.0"", ""--lr-stability-subsamples"", ""0"", ""--lr-stability-fraction"", ""0.75"", ""--lr-edge-min-weight"", ""0.0"", ""--lr-encoding"", ""binary"", ""--lr-solver"", ""auto"", ""--lr-matrix-free-threshold"", ""700"", ""--lr-matrix-free-max-iter"", ""8"", ""--lr-matrix-free-tol"", ""0.0001"", ""--lr-matrix-free-step-scale"", ""0.5"", ""--lr-matrix-free-dtype"", ""float32"", ""--build-building-blocks"", ""true"", ""--bb-weight-mode"", ""positive"", ""--bb-search-mode"", ""uniform"", ""--bb-min-block-size"", ""2"", ""--bb-max-blocks"", ""20"", ""--bb-snapshot-interval"", ""1"", ""--bb-external-penalty"", ""0.25"", ""--bb-size-penalty"", ""0.01"", ""--bb-pattern-top-fraction"", ""0.2"", ""--bb-pattern-min-support"", ""2"", ""--bb-refine-fraction"", ""0.2"", ""--bb-accept-equal-sparser"", ""true"", ""--bb-shuffle-blocks"", ""true"", ""--bb-signed-repair-probability"", ""0.75"", ""--pre-lr-explore"", ""true"", ""--pre-lr-mutation-multiplier"", ""3.0"", ""--pre-lr-immigrant-rate"", ""0.1"", ""--artifact-layout"", ""nested"", ""--write-aggregate-outputs"", ""false"", ""--lr-expected-edges"", ""60"", ""--lr-refit-expected-edges"", ""30"", ""--bb-gawll-update-interval"", ""10"", ""--bb-max-refine-trials"", ""10"", ""--repeat-id"", ""0"", ""--outer-fold-id"", ""3""]"
304,Bioresponse_task363620,2,2,1,0,..\Results\results_fs_uniform_positive_medium_highdim\Bioresponse_task363620\blur_ga_pairwise_lasso_uniform_positive_binary_pre,"[""Bioresponse_task363620"", ""2"", ""2"", ""--data-dir"", ""../Dataset/prepared_feature_selection"", ""--output-dir"", ""..\\Results\\results_fs_uniform_positive_medium_highdim\\Bioresponse_task363620\\blur_ga_pairwise_lasso_uniform_positive_binary_pre"", ""--outer-folds"", ""4"", ""--inner-folds"", ""4"", ""--repeats"", ""3"", ""--seed"", ""1"", ""--shuffle"", ""true"", ""--popsize"", ""100"", ""--p-cross"", ""0.4"", ""--tournament-size"", ""3"", ""--tau-reset"", ""50"", ""--resetpop-rate"", ""0.99"", ""--local-search"", ""false"", ""--stop"", ""gen"", ""--max-gen"", ""100"", ""--edge-epsilon"", ""1e-06"", ""--save-generation-trace"", ""true"", ""--save-linkage-events"", ""false"", ""--save-graph-snapshots"", ""false"", ""--graph-snapshot-interval"", ""1"", ""--graph-snapshot-min-weight"", ""0.0"", ""--lr-gap-gen"", ""1"", ""--lr-min-samples"", ""10"", ""--lr-sparse-alpha"", ""0.001"", ""--lr-auto-alpha"", ""true"", ""--lr-alpha-c"", ""0.2"", ""--lr-delta"", ""0.05"", ""--lr-auto-min-samples"", ""true"", ""--lr-min-samples-c"", ""2.0"", ""--lr-stability-subsamples"", ""0"", ""--lr-stability-fraction"", ""0.75"", ""--lr-edge-min-weight"", ""0.0"", ""--lr-encoding"", ""binary"", ""--lr-solver"", ""auto"", ""--lr-matrix-free-threshold"", ""700"", ""--lr-matrix-free-max-iter"", ""8"", ""--lr-matrix-free-tol"", ""0.0001"", ""--lr-matrix-free-step-scale"", ""0.5"", ""--lr-matrix-free-dtype"", ""float32"", ""--build-building-blocks"", ""true"", ""--bb-weight-mode"", ""positive"", ""--bb-search-mode"", ""uniform"", ""--bb-min-block-size"", ""2"", ""--bb-max-blocks"", ""20"", ""--bb-snapshot-interval"", ""1"", ""--bb-external-penalty"", ""0.25"", ""--bb-size-penalty"", ""0.01"", ""--bb-pattern-top-fraction"", ""0.2"", ""--bb-pattern-min-support"", ""2"", ""--bb-refine-fraction"", ""0.2"", ""--bb-accept-equal-sparser"", ""true"", ""--bb-shuffle-blocks"", ""true"", ""--bb-signed-repair-probability"", ""0.75"", ""--pre-lr-explore"", ""true"", ""--pre-lr-mutation-multiplier"", ""3.0"", ""--pre-lr-immigrant-rate"", ""0.1"", ""--artifact-layout"", ""nested"", ""--write-aggregate-outputs"", ""false"", ""--lr-expected-edges"", ""60"", ""--lr-refit-expected-edges"", ""30"", ""--bb-gawll-update-interval"", ""10"", ""--bb-max-refine-trials"", ""10"", ""--repeat-id"", ""1"", ""--outer-fold-id"", ""0""]"
305,Bioresponse_task363620,2,2,1,1,..\Results\results_fs_uniform_positive_medium_highdim\Bioresponse_task363620\blur_ga_pairwise_lasso_uniform_positive_binary_pre,"[""Bioresponse_task363620"", ""2"", ""2"", ""--data-dir"", ""../Dataset/prepared_feature_selection"", ""--output-dir"", ""..\\Results\\results_fs_uniform_positive_medium_highdim\\Bioresponse_task363620\\blur_ga_pairwise_lasso_uniform_positive_binary_pre"", ""--outer-folds"", ""4"", ""--inner-folds"", ""4"", ""--repeats"", ""3"", ""--seed"", ""1"", ""--shuffle"", ""true"", ""--popsize"", ""100"", ""--p-cross"", ""0.4"", ""--tournament-size"", ""3"", ""--tau-reset"", ""50"", ""--resetpop-rate"", ""0.99"", ""--local-search"", ""false"", ""--stop"", ""gen"", ""--max-gen"", ""100"", ""--edge-epsilon"", ""1e-06"", ""--save-generation-trace"", ""true"", ""--save-linkage-events"", ""false"", ""--save-graph-snapshots"", ""false"", ""--graph-snapshot-interval"", ""1"", ""--graph-snapshot-min-weight"", ""0.0"", ""--lr-gap-gen"", ""1"", ""--lr-min-samples"", ""10"", ""--lr-sparse-alpha"", ""0.001"", ""--lr-auto-alpha"", ""true"", ""--lr-alpha-c"", ""0.2"", ""--lr-delta"", ""0.05"", ""--lr-auto-min-samples"", ""true"", ""--lr-min-samples-c"", ""2.0"", ""--lr-stability-subsamples"", ""0"", ""--lr-stability-fraction"", ""0.75"", ""--lr-edge-min-weight"", ""0.0"", ""--lr-encoding"", ""binary"", ""--lr-solver"", ""auto"", ""--lr-matrix-free-threshold"", ""700"", ""--lr-matrix-free-max-iter"", ""8"", ""--lr-matrix-free-tol"", ""0.0001"", ""--lr-matrix-free-step-scale"", ""0.5"", ""--lr-matrix-free-dtype"", ""float32"", ""--build-building-blocks"", ""true"", ""--bb-weight-mode"", ""positive"", ""--bb-search-mode"", ""uniform"", ""--bb-min-block-size"", ""2"", ""--bb-max-blocks"", ""20"", ""--bb-snapshot-interval"", ""1"", ""--bb-external-penalty"", ""0.25"", ""--bb-size-penalty"", ""0.01"", ""--bb-pattern-top-fraction"", ""0.2"", ""--bb-pattern-min-support"", ""2"", ""--bb-refine-fraction"", ""0.2"", ""--bb-accept-equal-sparser"", ""true"", ""--bb-shuffle-blocks"", ""true"", ""--bb-signed-repair-probability"", ""0.75"", ""--pre-lr-explore"", ""true"", ""--pre-lr-mutation-multiplier"", ""3.0"", ""--pre-lr-immigrant-rate"", ""0.1"", ""--artifact-layout"", ""nested"", ""--write-aggregate-outputs"", ""false"", ""--lr-expected-edges"", ""60"", ""--lr-refit-expected-edges"", ""30"", ""--bb-gawll-update-interval"", ""10"", ""--bb-max-refine-trials"", ""10"", ""--repeat-id"", ""1"", ""--outer-fold-id"", ""1""]"
306,Bioresponse_task363620,2,2,1,2,..\Results\results_fs_uniform_positive_medium_highdim\Bioresponse_task363620\blur_ga_pairwise_lasso_uniform_positive_binary_pre,"[""Bioresponse_task363620"", ""2"", ""2"", ""--data-dir"", ""../Dataset/prepared_feature_selection"", ""--output-dir"", ""..\\Results\\results_fs_uniform_positive_medium_highdim\\Bioresponse_task363620\\blur_ga_pairwise_lasso_uniform_positive_binary_pre"", ""--outer-folds"", ""4"", ""--inner-folds"", ""4"", ""--repeats"", ""3"", ""--seed"", ""1"", ""--shuffle"", ""true"", ""--popsize"", ""100"", ""--p-cross"", ""0.4"", ""--tournament-size"", ""3"", ""--tau-reset"", ""50"", ""--resetpop-rate"", ""0.99"", ""--local-search"", ""false"", ""--stop"", ""gen"", ""--max-gen"", ""100"", ""--edge-epsilon"", ""1e-06"", ""--save-generation-trace"", ""true"", ""--save-linkage-events"", ""false"", ""--save-graph-snapshots"", ""false"", ""--graph-snapshot-interval"", ""1"", ""--graph-snapshot-min-weight"", ""0.0"", ""--lr-gap-gen"", ""1"", ""--lr-min-samples"", ""10"", ""--lr-sparse-alpha"", ""0.001"", ""--lr-auto-alpha"", ""true"", ""--lr-alpha-c"", ""0.2"", ""--lr-delta"", ""0.05"", ""--lr-auto-min-samples"", ""true"", ""--lr-min-samples-c"", ""2.0"", ""--lr-stability-subsamples"", ""0"", ""--lr-stability-fraction"", ""0.75"", ""--lr-edge-min-weight"", ""0.0"", ""--lr-encoding"", ""binary"", ""--lr-solver"", ""auto"", ""--lr-matrix-free-threshold"", ""700"", ""--lr-matrix-free-max-iter"", ""8"", ""--lr-matrix-free-tol"", ""0.0001"", ""--lr-matrix-free-step-scale"", ""0.5"", ""--lr-matrix-free-dtype"", ""float32"", ""--build-building-blocks"", ""true"", ""--bb-weight-mode"", ""positive"", ""--bb-search-mode"", ""uniform"", ""--bb-min-block-size"", ""2"", ""--bb-max-blocks"", ""20"", ""--bb-snapshot-interval"", ""1"", ""--bb-external-penalty"", ""0.25"", ""--bb-size-penalty"", ""0.01"", ""--bb-pattern-top-fraction"", ""0.2"", ""--bb-pattern-min-support"", ""2"", ""--bb-refine-fraction"", ""0.2"", ""--bb-accept-equal-sparser"", ""true"", ""--bb-shuffle-blocks"", ""true"", ""--bb-signed-repair-probability"", ""0.75"", ""--pre-lr-explore"", ""true"", ""--pre-lr-mutation-multiplier"", ""3.0"", ""--pre-lr-immigrant-rate"", ""0.1"", ""--artifact-layout"", ""nested"", ""--write-aggregate-outputs"", ""false"", ""--lr-expected-edges"", ""60"", ""--lr-refit-expected-edges"", ""30"", ""--bb-gawll-update-interval"", ""10"", ""--bb-max-refine-trials"", ""10"", ""--repeat-id"", ""1"", ""--outer-fold-id"", ""2""]"
307,Bioresponse_task363620,2,2,1,3,..\Results\results_fs_uniform_positive_medium_highdim\Bioresponse_task363620\blur_ga_pairwise_lasso_uniform_positive_binary_pre,"[""Bioresponse_task363620"", ""2"", ""2"", ""--data-dir"", ""../Dataset/prepared_feature_selection"", ""--output-dir"", ""..\\Results\\results_fs_uniform_positive_medium_highdim\\Bioresponse_task363620\\blur_ga_pairwise_lasso_uniform_positive_binary_pre"", ""--outer-folds"", ""4"", ""--inner-folds"", ""4"", ""--repeats"", ""3"", ""--seed"", ""1"", ""--shuffle"", ""true"", ""--popsize"", ""100"", ""--p-cross"", ""0.4"", ""--tournament-size"", ""3"", ""--tau-reset"", ""50"", ""--resetpop-rate"", ""0.99"", ""--local-search"", ""false"", ""--stop"", ""gen"", ""--max-gen"", ""100"", ""--edge-epsilon"", ""1e-06"", ""--save-generation-trace"", ""true"", ""--save-linkage-events"", ""false"", ""--save-graph-snapshots"", ""false"", ""--graph-snapshot-interval"", ""1"", ""--graph-snapshot-min-weight"", ""0.0"", ""--lr-gap-gen"", ""1"", ""--lr-min-samples"", ""10"", ""--lr-sparse-alpha"", ""0.001"", ""--lr-auto-alpha"", ""true"", ""--lr-alpha-c"", ""0.2"", ""--lr-delta"", ""0.05"", ""--lr-auto-min-samples"", ""true"", ""--lr-min-samples-c"", ""2.0"", ""--lr-stability-subsamples"", ""0"", ""--lr-stability-fraction"", ""0.75"", ""--lr-edge-min-weight"", ""0.0"", ""--lr-encoding"", ""binary"", ""--lr-solver"", ""auto"", ""--lr-matrix-free-threshold"", ""700"", ""--lr-matrix-free-max-iter"", ""8"", ""--lr-matrix-free-tol"", ""0.0001"", ""--lr-matrix-free-step-scale"", ""0.5"", ""--lr-matrix-free-dtype"", ""float32"", ""--build-building-blocks"", ""true"", ""--bb-weight-mode"", ""positive"", ""--bb-search-mode"", ""uniform"", ""--bb-min-block-size"", ""2"", ""--bb-max-blocks"", ""20"", ""--bb-snapshot-interval"", ""1"", ""--bb-external-penalty"", ""0.25"", ""--bb-size-penalty"", ""0.01"", ""--bb-pattern-top-fraction"", ""0.2"", ""--bb-pattern-min-support"", ""2"", ""--bb-refine-fraction"", ""0.2"", ""--bb-accept-equal-sparser"", ""true"", ""--bb-shuffle-blocks"", ""true"", ""--bb-signed-repair-probability"", ""0.75"", ""--pre-lr-explore"", ""true"", ""--pre-lr-mutation-multiplier"", ""3.0"", ""--pre-lr-immigrant-rate"", ""0.1"", ""--artifact-layout"", ""nested"", ""--write-aggregate-outputs"", ""false"", ""--lr-expected-edges"", ""60"", ""--lr-refit-expected-edges"", ""30"", ""--bb-gawll-update-interval"", ""10"", ""--bb-max-refine-trials"", ""10"", ""--repeat-id"", ""1"", ""--outer-fold-id"", ""3""]"
308,Bioresponse_task363620,2,2,2,0,..\Results\results_fs_uniform_positive_medium_highdim\Bioresponse_task363620\blur_ga_pairwise_lasso_uniform_positive_binary_pre,"[""Bioresponse_task363620"", ""2"", ""2"", ""--data-dir"", ""../Dataset/prepared_feature_selection"", ""--output-dir"", ""..\\Results\\results_fs_uniform_positive_medium_highdim\\Bioresponse_task363620\\blur_ga_pairwise_lasso_uniform_positive_binary_pre"", ""--outer-folds"", ""4"", ""--inner-folds"", ""4"", ""--repeats"", ""3"", ""--seed"", ""1"", ""--shuffle"", ""true"", ""--popsize"", ""100"", ""--p-cross"", ""0.4"", ""--tournament-size"", ""3"", ""--tau-reset"", ""50"", ""--resetpop-rate"", ""0.99"", ""--local-search"", ""false"", ""--stop"", ""gen"", ""--max-gen"", ""100"", ""--edge-epsilon"", ""1e-06"", ""--save-generation-trace"", ""true"", ""--save-linkage-events"", ""false"", ""--save-graph-snapshots"", ""false"", ""--graph-snapshot-interval"", ""1"", ""--graph-snapshot-min-weight"", ""0.0"", ""--lr-gap-gen"", ""1"", ""--lr-min-samples"", ""10"", ""--lr-sparse-alpha"", ""0.001"", ""--lr-auto-alpha"", ""true"", ""--lr-alpha-c"", ""0.2"", ""--lr-delta"", ""0.05"", ""--lr-auto-min-samples"", ""true"", ""--lr-min-samples-c"", ""2.0"", ""--lr-stability-subsamples"", ""0"", ""--lr-stability-fraction"", ""0.75"", ""--lr-edge-min-weight"", ""0.0"", ""--lr-encoding"", ""binary"", ""--lr-solver"", ""auto"", ""--lr-matrix-free-threshold"", ""700"", ""--lr-matrix-free-max-iter"", ""8"", ""--lr-matrix-free-tol"", ""0.0001"", ""--lr-matrix-free-step-scale"", ""0.5"", ""--lr-matrix-free-dtype"", ""float32"", ""--build-building-blocks"", ""true"", ""--bb-weight-mode"", ""positive"", ""--bb-search-mode"", ""uniform"", ""--bb-min-block-size"", ""2"", ""--bb-max-blocks"", ""20"", ""--bb-snapshot-interval"", ""1"", ""--bb-external-penalty"", ""0.25"", ""--bb-size-penalty"", ""0.01"", ""--bb-pattern-top-fraction"", ""0.2"", ""--bb-pattern-min-support"", ""2"", ""--bb-refine-fraction"", ""0.2"", ""--bb-accept-equal-sparser"", ""true"", ""--bb-shuffle-blocks"", ""true"", ""--bb-signed-repair-probability"", ""0.75"", ""--pre-lr-explore"", ""true"", ""--pre-lr-mutation-multiplier"", ""3.0"", ""--pre-lr-immigrant-rate"", ""0.1"", ""--artifact-layout"", ""nested"", ""--write-aggregate-outputs"", ""false"", ""--lr-expected-edges"", ""60"", ""--lr-refit-expected-edges"", ""30"", ""--bb-gawll-update-interval"", ""10"", ""--bb-max-refine-trials"", ""10"", ""--repeat-id"", ""2"", ""--outer-fold-id"", ""0""]"
309,Bioresponse_task363620,2,2,2,1,..\Results\results_fs_uniform_positive_medium_highdim\Bioresponse_task363620\blur_ga_pairwise_lasso_uniform_positive_binary_pre,"[""Bioresponse_task363620"", ""2"", ""2"", ""--data-dir"", ""../Dataset/prepared_feature_selection"", ""--output-dir"", ""..\\Results\\results_fs_uniform_positive_medium_highdim\\Bioresponse_task363620\\blur_ga_pairwise_lasso_uniform_positive_binary_pre"", ""--outer-folds"", ""4"", ""--inner-folds"", ""4"", ""--repeats"", ""3"", ""--seed"", ""1"", ""--shuffle"", ""true"", ""--popsize"", ""100"", ""--p-cross"", ""0.4"", ""--tournament-size"", ""3"", ""--tau-reset"", ""50"", ""--resetpop-rate"", ""0.99"", ""--local-search"", ""false"", ""--stop"", ""gen"", ""--max-gen"", ""100"", ""--edge-epsilon"", ""1e-06"", ""--save-generation-trace"", ""true"", ""--save-linkage-events"", ""false"", ""--save-graph-snapshots"", ""false"", ""--graph-snapshot-interval"", ""1"", ""--graph-snapshot-min-weight"", ""0.0"", ""--lr-gap-gen"", ""1"", ""--lr-min-samples"", ""10"", ""--lr-sparse-alpha"", ""0.001"", ""--lr-auto-alpha"", ""true"", ""--lr-alpha-c"", ""0.2"", ""--lr-delta"", ""0.05"", ""--lr-auto-min-samples"", ""true"", ""--lr-min-samples-c"", ""2.0"", ""--lr-stability-subsamples"", ""0"", ""--lr-stability-fraction"", ""0.75"", ""--lr-edge-min-weight"", ""0.0"", ""--lr-encoding"", ""binary"", ""--lr-solver"", ""auto"", ""--lr-matrix-free-threshold"", ""700"", ""--lr-matrix-free-max-iter"", ""8"", ""--lr-matrix-free-tol"", ""0.0001"", ""--lr-matrix-free-step-scale"", ""0.5"", ""--lr-matrix-free-dtype"", ""float32"", ""--build-building-blocks"", ""true"", ""--bb-weight-mode"", ""positive"", ""--bb-search-mode"", ""uniform"", ""--bb-min-block-size"", ""2"", ""--bb-max-blocks"", ""20"", ""--bb-snapshot-interval"", ""1"", ""--bb-external-penalty"", ""0.25"", ""--bb-size-penalty"", ""0.01"", ""--bb-pattern-top-fraction"", ""0.2"", ""--bb-pattern-min-support"", ""2"", ""--bb-refine-fraction"", ""0.2"", ""--bb-accept-equal-sparser"", ""true"", ""--bb-shuffle-blocks"", ""true"", ""--bb-signed-repair-probability"", ""0.75"", ""--pre-lr-explore"", ""true"", ""--pre-lr-mutation-multiplier"", ""3.0"", ""--pre-lr-immigrant-rate"", ""0.1"", ""--artifact-layout"", ""nested"", ""--write-aggregate-outputs"", ""false"", ""--lr-expected-edges"", ""60"", ""--lr-refit-expected-edges"", ""30"", ""--bb-gawll-update-interval"", ""10"", ""--bb-max-refine-trials"", ""10"", ""--repeat-id"", ""2"", ""--outer-fold-id"", ""1""]"
310,Bioresponse_task363620,2,2,2,2,..\Results\results_fs_uniform_positive_medium_highdim\Bioresponse_task363620\blur_ga_pairwise_lasso_uniform_positive_binary_pre,"[""Bioresponse_task363620"", ""2"", ""2"", ""--data-dir"", ""../Dataset/prepared_feature_selection"", ""--output-dir"", ""..\\Results\\results_fs_uniform_positive_medium_highdim\\Bioresponse_task363620\\blur_ga_pairwise_lasso_uniform_positive_binary_pre"", ""--outer-folds"", ""4"", ""--inner-folds"", ""4"", ""--repeats"", ""3"", ""--seed"", ""1"", ""--shuffle"", ""true"", ""--popsize"", ""100"", ""--p-cross"", ""0.4"", ""--tournament-size"", ""3"", ""--tau-reset"", ""50"", ""--resetpop-rate"", ""0.99"", ""--local-search"", ""false"", ""--stop"", ""gen"", ""--max-gen"", ""100"", ""--edge-epsilon"", ""1e-06"", ""--save-generation-trace"", ""true"", ""--save-linkage-events"", ""false"", ""--save-graph-snapshots"", ""false"", ""--graph-snapshot-interval"", ""1"", ""--graph-snapshot-min-weight"", ""0.0"", ""--lr-gap-gen"", ""1"", ""--lr-min-samples"", ""10"", ""--lr-sparse-alpha"", ""0.001"", ""--lr-auto-alpha"", ""true"", ""--lr-alpha-c"", ""0.2"", ""--lr-delta"", ""0.05"", ""--lr-auto-min-samples"", ""true"", ""--lr-min-samples-c"", ""2.0"", ""--lr-stability-subsamples"", ""0"", ""--lr-stability-fraction"", ""0.75"", ""--lr-edge-min-weight"", ""0.0"", ""--lr-encoding"", ""binary"", ""--lr-solver"", ""auto"", ""--lr-matrix-free-threshold"", ""700"", ""--lr-matrix-free-max-iter"", ""8"", ""--lr-matrix-free-tol"", ""0.0001"", ""--lr-matrix-free-step-scale"", ""0.5"", ""--lr-matrix-free-dtype"", ""float32"", ""--build-building-blocks"", ""true"", ""--bb-weight-mode"", ""positive"", ""--bb-search-mode"", ""uniform"", ""--bb-min-block-size"", ""2"", ""--bb-max-blocks"", ""20"", ""--bb-snapshot-interval"", ""1"", ""--bb-external-penalty"", ""0.25"", ""--bb-size-penalty"", ""0.01"", ""--bb-pattern-top-fraction"", ""0.2"", ""--bb-pattern-min-support"", ""2"", ""--bb-refine-fraction"", ""0.2"", ""--bb-accept-equal-sparser"", ""true"", ""--bb-shuffle-blocks"", ""true"", ""--bb-signed-repair-probability"", ""0.75"", ""--pre-lr-explore"", ""true"", ""--pre-lr-mutation-multiplier"", ""3.0"", ""--pre-lr-immigrant-rate"", ""0.1"", ""--artifact-layout"", ""nested"", ""--write-aggregate-outputs"", ""false"", ""--lr-expected-edges"", ""60"", ""--lr-refit-expected-edges"", ""30"", ""--bb-gawll-update-interval"", ""10"", ""--bb-max-refine-trials"", ""10"", ""--repeat-id"", ""2"", ""--outer-fold-id"", ""2""]"
311,Bioresponse_task363620,2,2,2,3,..\Results\results_fs_uniform_positive_medium_highdim\Bioresponse_task363620\blur_ga_pairwise_lasso_uniform_positive_binary_pre,"[""Bioresponse_task363620"", ""2"", ""2"", ""--data-dir"", ""../Dataset/prepared_feature_selection"", ""--output-dir"", ""..\\Results\\results_fs_uniform_positive_medium_highdim\\Bioresponse_task363620\\blur_ga_pairwise_lasso_uniform_positive_binary_pre"", ""--outer-folds"", ""4"", ""--inner-folds"", ""4"", ""--repeats"", ""3"", ""--seed"", ""1"", ""--shuffle"", ""true"", ""--popsize"", ""100"", ""--p-cross"", ""0.4"", ""--tournament-size"", ""3"", ""--tau-reset"", ""50"", ""--resetpop-rate"", ""0.99"", ""--local-search"", ""false"", ""--stop"", ""gen"", ""--max-gen"", ""100"", ""--edge-epsilon"", ""1e-06"", ""--save-generation-trace"", ""true"", ""--save-linkage-events"", ""false"", ""--save-graph-snapshots"", ""false"", ""--graph-snapshot-interval"", ""1"", ""--graph-snapshot-min-weight"", ""0.0"", ""--lr-gap-gen"", ""1"", ""--lr-min-samples"", ""10"", ""--lr-sparse-alpha"", ""0.001"", ""--lr-auto-alpha"", ""true"", ""--lr-alpha-c"", ""0.2"", ""--lr-delta"", ""0.05"", ""--lr-auto-min-samples"", ""true"", ""--lr-min-samples-c"", ""2.0"", ""--lr-stability-subsamples"", ""0"", ""--lr-stability-fraction"", ""0.75"", ""--lr-edge-min-weight"", ""0.0"", ""--lr-encoding"", ""binary"", ""--lr-solver"", ""auto"", ""--lr-matrix-free-threshold"", ""700"", ""--lr-matrix-free-max-iter"", ""8"", ""--lr-matrix-free-tol"", ""0.0001"", ""--lr-matrix-free-step-scale"", ""0.5"", ""--lr-matrix-free-dtype"", ""float32"", ""--build-building-blocks"", ""true"", ""--bb-weight-mode"", ""positive"", ""--bb-search-mode"", ""uniform"", ""--bb-min-block-size"", ""2"", ""--bb-max-blocks"", ""20"", ""--bb-snapshot-interval"", ""1"", ""--bb-external-penalty"", ""0.25"", ""--bb-size-penalty"", ""0.01"", ""--bb-pattern-top-fraction"", ""0.2"", ""--bb-pattern-min-support"", ""2"", ""--bb-refine-fraction"", ""0.2"", ""--bb-accept-equal-sparser"", ""true"", ""--bb-shuffle-blocks"", ""true"", ""--bb-signed-repair-probability"", ""0.75"", ""--pre-lr-explore"", ""true"", ""--pre-lr-mutation-multiplier"", ""3.0"", ""--pre-lr-immigrant-rate"", ""0.1"", ""--artifact-layout"", ""nested"", ""--write-aggregate-outputs"", ""false"", ""--lr-expected-edges"", ""60"", ""--lr-refit-expected-edges"", ""30"", ""--bb-gawll-update-interval"", ""10"", ""--bb-max-refine-trials"", ""10"", ""--repeat-id"", ""2"", ""--outer-fold-id"", ""3""]"
312,colon_asu,2,2,0,0,..\Results\results_fs_uniform_positive_medium_highdim\colon_asu\blur_ga_pairwise_lasso_uniform_positive_binary_pre,"[""colon_asu"", ""2"", ""2"", ""--data-dir"", ""../Dataset/prepared_feature_selection"", ""--output-dir"", ""..\\Results\\results_fs_uniform_positive_medium_highdim\\colon_asu\\blur_ga_pairwise_lasso_uniform_positive_binary_pre"", ""--outer-folds"", ""4"", ""--inner-folds"", ""4"", ""--repeats"", ""3"", ""--seed"", ""1"", ""--shuffle"", ""true"", ""--popsize"", ""100"", ""--p-cross"", ""0.4"", ""--tournament-size"", ""3"", ""--tau-reset"", ""50"", ""--resetpop-rate"", ""0.99"", ""--local-search"", ""false"", ""--stop"", ""gen"", ""--max-gen"", ""100"", ""--edge-epsilon"", ""1e-06"", ""--save-generation-trace"", ""true"", ""--save-linkage-events"", ""false"", ""--save-graph-snapshots"", ""false"", ""--graph-snapshot-interval"", ""1"", ""--graph-snapshot-min-weight"", ""0.0"", ""--lr-gap-gen"", ""1"", ""--lr-min-samples"", ""10"", ""--lr-sparse-alpha"", ""0.001"", ""--lr-auto-alpha"", ""true"", ""--lr-alpha-c"", ""0.2"", ""--lr-delta"", ""0.05"", ""--lr-auto-min-samples"", ""true"", ""--lr-min-samples-c"", ""2.0"", ""--lr-stability-subsamples"", ""0"", ""--lr-stability-fraction"", ""0.75"", ""--lr-edge-min-weight"", ""0.0"", ""--lr-encoding"", ""binary"", ""--lr-solver"", ""auto"", ""--lr-matrix-free-threshold"", ""700"", ""--lr-matrix-free-max-iter"", ""8"", ""--lr-matrix-free-tol"", ""0.0001"", ""--lr-matrix-free-step-scale"", ""0.5"", ""--lr-matrix-free-dtype"", ""float32"", ""--build-building-blocks"", ""true"", ""--bb-weight-mode"", ""positive"", ""--bb-search-mode"", ""uniform"", ""--bb-min-block-size"", ""2"", ""--bb-max-blocks"", ""20"", ""--bb-snapshot-interval"", ""1"", ""--bb-external-penalty"", ""0.25"", ""--bb-size-penalty"", ""0.01"", ""--bb-pattern-top-fraction"", ""0.2"", ""--bb-pattern-min-support"", ""2"", ""--bb-refine-fraction"", ""0.2"", ""--bb-accept-equal-sparser"", ""true"", ""--bb-shuffle-blocks"", ""true"", ""--bb-signed-repair-probability"", ""0.75"", ""--pre-lr-explore"", ""true"", ""--pre-lr-mutation-multiplier"", ""3.0"", ""--pre-lr-immigrant-rate"", ""0.1"", ""--artifact-layout"", ""nested"", ""--write-aggregate-outputs"", ""false"", ""--lr-expected-edges"", ""60"", ""--lr-refit-expected-edges"", ""30"", ""--bb-gawll-update-interval"", ""10"", ""--bb-max-refine-trials"", ""10"", ""--repeat-id"", ""0"", ""--outer-fold-id"", ""0""]"
313,colon_asu,2,2,0,1,..\Results\results_fs_uniform_positive_medium_highdim\colon_asu\blur_ga_pairwise_lasso_uniform_positive_binary_pre,"[""colon_asu"", ""2"", ""2"", ""--data-dir"", ""../Dataset/prepared_feature_selection"", ""--output-dir"", ""..\\Results\\results_fs_uniform_positive_medium_highdim\\colon_asu\\blur_ga_pairwise_lasso_uniform_positive_binary_pre"", ""--outer-folds"", ""4"", ""--inner-folds"", ""4"", ""--repeats"", ""3"", ""--seed"", ""1"", ""--shuffle"", ""true"", ""--popsize"", ""100"", ""--p-cross"", ""0.4"", ""--tournament-size"", ""3"", ""--tau-reset"", ""50"", ""--resetpop-rate"", ""0.99"", ""--local-search"", ""false"", ""--stop"", ""gen"", ""--max-gen"", ""100"", ""--edge-epsilon"", ""1e-06"", ""--save-generation-trace"", ""true"", ""--save-linkage-events"", ""false"", ""--save-graph-snapshots"", ""false"", ""--graph-snapshot-interval"", ""1"", ""--graph-snapshot-min-weight"", ""0.0"", ""--lr-gap-gen"", ""1"", ""--lr-min-samples"", ""10"", ""--lr-sparse-alpha"", ""0.001"", ""--lr-auto-alpha"", ""true"", ""--lr-alpha-c"", ""0.2"", ""--lr-delta"", ""0.05"", ""--lr-auto-min-samples"", ""true"", ""--lr-min-samples-c"", ""2.0"", ""--lr-stability-subsamples"", ""0"", ""--lr-stability-fraction"", ""0.75"", ""--lr-edge-min-weight"", ""0.0"", ""--lr-encoding"", ""binary"", ""--lr-solver"", ""auto"", ""--lr-matrix-free-threshold"", ""700"", ""--lr-matrix-free-max-iter"", ""8"", ""--lr-matrix-free-tol"", ""0.0001"", ""--lr-matrix-free-step-scale"", ""0.5"", ""--lr-matrix-free-dtype"", ""float32"", ""--build-building-blocks"", ""true"", ""--bb-weight-mode"", ""positive"", ""--bb-search-mode"", ""uniform"", ""--bb-min-block-size"", ""2"", ""--bb-max-blocks"", ""20"", ""--bb-snapshot-interval"", ""1"", ""--bb-external-penalty"", ""0.25"", ""--bb-size-penalty"", ""0.01"", ""--bb-pattern-top-fraction"", ""0.2"", ""--bb-pattern-min-support"", ""2"", ""--bb-refine-fraction"", ""0.2"", ""--bb-accept-equal-sparser"", ""true"", ""--bb-shuffle-blocks"", ""true"", ""--bb-signed-repair-probability"", ""0.75"", ""--pre-lr-explore"", ""true"", ""--pre-lr-mutation-multiplier"", ""3.0"", ""--pre-lr-immigrant-rate"", ""0.1"", ""--artifact-layout"", ""nested"", ""--write-aggregate-outputs"", ""false"", ""--lr-expected-edges"", ""60"", ""--lr-refit-expected-edges"", ""30"", ""--bb-gawll-update-interval"", ""10"", ""--bb-max-refine-trials"", ""10"", ""--repeat-id"", ""0"", ""--outer-fold-id"", ""1""]"
314,colon_asu,2,2,0,2,..\Results\results_fs_uniform_positive_medium_highdim\colon_asu\blur_ga_pairwise_lasso_uniform_positive_binary_pre,"[""colon_asu"", ""2"", ""2"", ""--data-dir"", ""../Dataset/prepared_feature_selection"", ""--output-dir"", ""..\\Results\\results_fs_uniform_positive_medium_highdim\\colon_asu\\blur_ga_pairwise_lasso_uniform_positive_binary_pre"", ""--outer-folds"", ""4"", ""--inner-folds"", ""4"", ""--repeats"", ""3"", ""--seed"", ""1"", ""--shuffle"", ""true"", ""--popsize"", ""100"", ""--p-cross"", ""0.4"", ""--tournament-size"", ""3"", ""--tau-reset"", ""50"", ""--resetpop-rate"", ""0.99"", ""--local-search"", ""false"", ""--stop"", ""gen"", ""--max-gen"", ""100"", ""--edge-epsilon"", ""1e-06"", ""--save-generation-trace"", ""true"", ""--save-linkage-events"", ""false"", ""--save-graph-snapshots"", ""false"", ""--graph-snapshot-interval"", ""1"", ""--graph-snapshot-min-weight"", ""0.0"", ""--lr-gap-gen"", ""1"", ""--lr-min-samples"", ""10"", ""--lr-sparse-alpha"", ""0.001"", ""--lr-auto-alpha"", ""true"", ""--lr-alpha-c"", ""0.2"", ""--lr-delta"", ""0.05"", ""--lr-auto-min-samples"", ""true"", ""--lr-min-samples-c"", ""2.0"", ""--lr-stability-subsamples"", ""0"", ""--lr-stability-fraction"", ""0.75"", ""--lr-edge-min-weight"", ""0.0"", ""--lr-encoding"", ""binary"", ""--lr-solver"", ""auto"", ""--lr-matrix-free-threshold"", ""700"", ""--lr-matrix-free-max-iter"", ""8"", ""--lr-matrix-free-tol"", ""0.0001"", ""--lr-matrix-free-step-scale"", ""0.5"", ""--lr-matrix-free-dtype"", ""float32"", ""--build-building-blocks"", ""true"", ""--bb-weight-mode"", ""positive"", ""--bb-search-mode"", ""uniform"", ""--bb-min-block-size"", ""2"", ""--bb-max-blocks"", ""20"", ""--bb-snapshot-interval"", ""1"", ""--bb-external-penalty"", ""0.25"", ""--bb-size-penalty"", ""0.01"", ""--bb-pattern-top-fraction"", ""0.2"", ""--bb-pattern-min-support"", ""2"", ""--bb-refine-fraction"", ""0.2"", ""--bb-accept-equal-sparser"", ""true"", ""--bb-shuffle-blocks"", ""true"", ""--bb-signed-repair-probability"", ""0.75"", ""--pre-lr-explore"", ""true"", ""--pre-lr-mutation-multiplier"", ""3.0"", ""--pre-lr-immigrant-rate"", ""0.1"", ""--artifact-layout"", ""nested"", ""--write-aggregate-outputs"", ""false"", ""--lr-expected-edges"", ""60"", ""--lr-refit-expected-edges"", ""30"", ""--bb-gawll-update-interval"", ""10"", ""--bb-max-refine-trials"", ""10"", ""--repeat-id"", ""0"", ""--outer-fold-id"", ""2""]"
315,colon_asu,2,2,0,3,..\Results\results_fs_uniform_positive_medium_highdim\colon_asu\blur_ga_pairwise_lasso_uniform_positive_binary_pre,"[""colon_asu"", ""2"", ""2"", ""--data-dir"", ""../Dataset/prepared_feature_selection"", ""--output-dir"", ""..\\Results\\results_fs_uniform_positive_medium_highdim\\colon_asu\\blur_ga_pairwise_lasso_uniform_positive_binary_pre"", ""--outer-folds"", ""4"", ""--inner-folds"", ""4"", ""--repeats"", ""3"", ""--seed"", ""1"", ""--shuffle"", ""true"", ""--popsize"", ""100"", ""--p-cross"", ""0.4"", ""--tournament-size"", ""3"", ""--tau-reset"", ""50"", ""--resetpop-rate"", ""0.99"", ""--local-search"", ""false"", ""--stop"", ""gen"", ""--max-gen"", ""100"", ""--edge-epsilon"", ""1e-06"", ""--save-generation-trace"", ""true"", ""--save-linkage-events"", ""false"", ""--save-graph-snapshots"", ""false"", ""--graph-snapshot-interval"", ""1"", ""--graph-snapshot-min-weight"", ""0.0"", ""--lr-gap-gen"", ""1"", ""--lr-min-samples"", ""10"", ""--lr-sparse-alpha"", ""0.001"", ""--lr-auto-alpha"", ""true"", ""--lr-alpha-c"", ""0.2"", ""--lr-delta"", ""0.05"", ""--lr-auto-min-samples"", ""true"", ""--lr-min-samples-c"", ""2.0"", ""--lr-stability-subsamples"", ""0"", ""--lr-stability-fraction"", ""0.75"", ""--lr-edge-min-weight"", ""0.0"", ""--lr-encoding"", ""binary"", ""--lr-solver"", ""auto"", ""--lr-matrix-free-threshold"", ""700"", ""--lr-matrix-free-max-iter"", ""8"", ""--lr-matrix-free-tol"", ""0.0001"", ""--lr-matrix-free-step-scale"", ""0.5"", ""--lr-matrix-free-dtype"", ""float32"", ""--build-building-blocks"", ""true"", ""--bb-weight-mode"", ""positive"", ""--bb-search-mode"", ""uniform"", ""--bb-min-block-size"", ""2"", ""--bb-max-blocks"", ""20"", ""--bb-snapshot-interval"", ""1"", ""--bb-external-penalty"", ""0.25"", ""--bb-size-penalty"", ""0.01"", ""--bb-pattern-top-fraction"", ""0.2"", ""--bb-pattern-min-support"", ""2"", ""--bb-refine-fraction"", ""0.2"", ""--bb-accept-equal-sparser"", ""true"", ""--bb-shuffle-blocks"", ""true"", ""--bb-signed-repair-probability"", ""0.75"", ""--pre-lr-explore"", ""true"", ""--pre-lr-mutation-multiplier"", ""3.0"", ""--pre-lr-immigrant-rate"", ""0.1"", ""--artifact-layout"", ""nested"", ""--write-aggregate-outputs"", ""false"", ""--lr-expected-edges"", ""60"", ""--lr-refit-expected-edges"", ""30"", ""--bb-gawll-update-interval"", ""10"", ""--bb-max-refine-trials"", ""10"", ""--repeat-id"", ""0"", ""--outer-fold-id"", ""3""]"
316,colon_asu,2,2,1,0,..\Results\results_fs_uniform_positive_medium_highdim\colon_asu\blur_ga_pairwise_lasso_uniform_positive_binary_pre,"[""colon_asu"", ""2"", ""2"", ""--data-dir"", ""../Dataset/prepared_feature_selection"", ""--output-dir"", ""..\\Results\\results_fs_uniform_positive_medium_highdim\\colon_asu\\blur_ga_pairwise_lasso_uniform_positive_binary_pre"", ""--outer-folds"", ""4"", ""--inner-folds"", ""4"", ""--repeats"", ""3"", ""--seed"", ""1"", ""--shuffle"", ""true"", ""--popsize"", ""100"", ""--p-cross"", ""0.4"", ""--tournament-size"", ""3"", ""--tau-reset"", ""50"", ""--resetpop-rate"", ""0.99"", ""--local-search"", ""false"", ""--stop"", ""gen"", ""--max-gen"", ""100"", ""--edge-epsilon"", ""1e-06"", ""--save-generation-trace"", ""true"", ""--save-linkage-events"", ""false"", ""--save-graph-snapshots"", ""false"", ""--graph-snapshot-interval"", ""1"", ""--graph-snapshot-min-weight"", ""0.0"", ""--lr-gap-gen"", ""1"", ""--lr-min-samples"", ""10"", ""--lr-sparse-alpha"", ""0.001"", ""--lr-auto-alpha"", ""true"", ""--lr-alpha-c"", ""0.2"", ""--lr-delta"", ""0.05"", ""--lr-auto-min-samples"", ""true"", ""--lr-min-samples-c"", ""2.0"", ""--lr-stability-subsamples"", ""0"", ""--lr-stability-fraction"", ""0.75"", ""--lr-edge-min-weight"", ""0.0"", ""--lr-encoding"", ""binary"", ""--lr-solver"", ""auto"", ""--lr-matrix-free-threshold"", ""700"", ""--lr-matrix-free-max-iter"", ""8"", ""--lr-matrix-free-tol"", ""0.0001"", ""--lr-matrix-free-step-scale"", ""0.5"", ""--lr-matrix-free-dtype"", ""float32"", ""--build-building-blocks"", ""true"", ""--bb-weight-mode"", ""positive"", ""--bb-search-mode"", ""uniform"", ""--bb-min-block-size"", ""2"", ""--bb-max-blocks"", ""20"", ""--bb-snapshot-interval"", ""1"", ""--bb-external-penalty"", ""0.25"", ""--bb-size-penalty"", ""0.01"", ""--bb-pattern-top-fraction"", ""0.2"", ""--bb-pattern-min-support"", ""2"", ""--bb-refine-fraction"", ""0.2"", ""--bb-accept-equal-sparser"", ""true"", ""--bb-shuffle-blocks"", ""true"", ""--bb-signed-repair-probability"", ""0.75"", ""--pre-lr-explore"", ""true"", ""--pre-lr-mutation-multiplier"", ""3.0"", ""--pre-lr-immigrant-rate"", ""0.1"", ""--artifact-layout"", ""nested"", ""--write-aggregate-outputs"", ""false"", ""--lr-expected-edges"", ""60"", ""--lr-refit-expected-edges"", ""30"", ""--bb-gawll-update-interval"", ""10"", ""--bb-max-refine-trials"", ""10"", ""--repeat-id"", ""1"", ""--outer-fold-id"", ""0""]"
317,colon_asu,2,2,1,1,..\Results\results_fs_uniform_positive_medium_highdim\colon_asu\blur_ga_pairwise_lasso_uniform_positive_binary_pre,"[""colon_asu"", ""2"", ""2"", ""--data-dir"", ""../Dataset/prepared_feature_selection"", ""--output-dir"", ""..\\Results\\results_fs_uniform_positive_medium_highdim\\colon_asu\\blur_ga_pairwise_lasso_uniform_positive_binary_pre"", ""--outer-folds"", ""4"", ""--inner-folds"", ""4"", ""--repeats"", ""3"", ""--seed"", ""1"", ""--shuffle"", ""true"", ""--popsize"", ""100"", ""--p-cross"", ""0.4"", ""--tournament-size"", ""3"", ""--tau-reset"", ""50"", ""--resetpop-rate"", ""0.99"", ""--local-search"", ""false"", ""--stop"", ""gen"", ""--max-gen"", ""100"", ""--edge-epsilon"", ""1e-06"", ""--save-generation-trace"", ""true"", ""--save-linkage-events"", ""false"", ""--save-graph-snapshots"", ""false"", ""--graph-snapshot-interval"", ""1"", ""--graph-snapshot-min-weight"", ""0.0"", ""--lr-gap-gen"", ""1"", ""--lr-min-samples"", ""10"", ""--lr-sparse-alpha"", ""0.001"", ""--lr-auto-alpha"", ""true"", ""--lr-alpha-c"", ""0.2"", ""--lr-delta"", ""0.05"", ""--lr-auto-min-samples"", ""true"", ""--lr-min-samples-c"", ""2.0"", ""--lr-stability-subsamples"", ""0"", ""--lr-stability-fraction"", ""0.75"", ""--lr-edge-min-weight"", ""0.0"", ""--lr-encoding"", ""binary"", ""--lr-solver"", ""auto"", ""--lr-matrix-free-threshold"", ""700"", ""--lr-matrix-free-max-iter"", ""8"", ""--lr-matrix-free-tol"", ""0.0001"", ""--lr-matrix-free-step-scale"", ""0.5"", ""--lr-matrix-free-dtype"", ""float32"", ""--build-building-blocks"", ""true"", ""--bb-weight-mode"", ""positive"", ""--bb-search-mode"", ""uniform"", ""--bb-min-block-size"", ""2"", ""--bb-max-blocks"", ""20"", ""--bb-snapshot-interval"", ""1"", ""--bb-external-penalty"", ""0.25"", ""--bb-size-penalty"", ""0.01"", ""--bb-pattern-top-fraction"", ""0.2"", ""--bb-pattern-min-support"", ""2"", ""--bb-refine-fraction"", ""0.2"", ""--bb-accept-equal-sparser"", ""true"", ""--bb-shuffle-blocks"", ""true"", ""--bb-signed-repair-probability"", ""0.75"", ""--pre-lr-explore"", ""true"", ""--pre-lr-mutation-multiplier"", ""3.0"", ""--pre-lr-immigrant-rate"", ""0.1"", ""--artifact-layout"", ""nested"", ""--write-aggregate-outputs"", ""false"", ""--lr-expected-edges"", ""60"", ""--lr-refit-expected-edges"", ""30"", ""--bb-gawll-update-interval"", ""10"", ""--bb-max-refine-trials"", ""10"", ""--repeat-id"", ""1"", ""--outer-fold-id"", ""1""]"
318,colon_asu,2,2,1,2,..\Results\results_fs_uniform_positive_medium_highdim\colon_asu\blur_ga_pairwise_lasso_uniform_positive_binary_pre,"[""colon_asu"", ""2"", ""2"", ""--data-dir"", ""../Dataset/prepared_feature_selection"", ""--output-dir"", ""..\\Results\\results_fs_uniform_positive_medium_highdim\\colon_asu\\blur_ga_pairwise_lasso_uniform_positive_binary_pre"", ""--outer-folds"", ""4"", ""--inner-folds"", ""4"", ""--repeats"", ""3"", ""--seed"", ""1"", ""--shuffle"", ""true"", ""--popsize"", ""100"", ""--p-cross"", ""0.4"", ""--tournament-size"", ""3"", ""--tau-reset"", ""50"", ""--resetpop-rate"", ""0.99"", ""--local-search"", ""false"", ""--stop"", ""gen"", ""--max-gen"", ""100"", ""--edge-epsilon"", ""1e-06"", ""--save-generation-trace"", ""true"", ""--save-linkage-events"", ""false"", ""--save-graph-snapshots"", ""false"", ""--graph-snapshot-interval"", ""1"", ""--graph-snapshot-min-weight"", ""0.0"", ""--lr-gap-gen"", ""1"", ""--lr-min-samples"", ""10"", ""--lr-sparse-alpha"", ""0.001"", ""--lr-auto-alpha"", ""true"", ""--lr-alpha-c"", ""0.2"", ""--lr-delta"", ""0.05"", ""--lr-auto-min-samples"", ""true"", ""--lr-min-samples-c"", ""2.0"", ""--lr-stability-subsamples"", ""0"", ""--lr-stability-fraction"", ""0.75"", ""--lr-edge-min-weight"", ""0.0"", ""--lr-encoding"", ""binary"", ""--lr-solver"", ""auto"", ""--lr-matrix-free-threshold"", ""700"", ""--lr-matrix-free-max-iter"", ""8"", ""--lr-matrix-free-tol"", ""0.0001"", ""--lr-matrix-free-step-scale"", ""0.5"", ""--lr-matrix-free-dtype"", ""float32"", ""--build-building-blocks"", ""true"", ""--bb-weight-mode"", ""positive"", ""--bb-search-mode"", ""uniform"", ""--bb-min-block-size"", ""2"", ""--bb-max-blocks"", ""20"", ""--bb-snapshot-interval"", ""1"", ""--bb-external-penalty"", ""0.25"", ""--bb-size-penalty"", ""0.01"", ""--bb-pattern-top-fraction"", ""0.2"", ""--bb-pattern-min-support"", ""2"", ""--bb-refine-fraction"", ""0.2"", ""--bb-accept-equal-sparser"", ""true"", ""--bb-shuffle-blocks"", ""true"", ""--bb-signed-repair-probability"", ""0.75"", ""--pre-lr-explore"", ""true"", ""--pre-lr-mutation-multiplier"", ""3.0"", ""--pre-lr-immigrant-rate"", ""0.1"", ""--artifact-layout"", ""nested"", ""--write-aggregate-outputs"", ""false"", ""--lr-expected-edges"", ""60"", ""--lr-refit-expected-edges"", ""30"", ""--bb-gawll-update-interval"", ""10"", ""--bb-max-refine-trials"", ""10"", ""--repeat-id"", ""1"", ""--outer-fold-id"", ""2""]"
319,colon_asu,2,2,1,3,..\Results\results_fs_uniform_positive_medium_highdim\colon_asu\blur_ga_pairwise_lasso_uniform_positive_binary_pre,"[""colon_asu"", ""2"", ""2"", ""--data-dir"", ""../Dataset/prepared_feature_selection"", ""--output-dir"", ""..\\Results\\results_fs_uniform_positive_medium_highdim\\colon_asu\\blur_ga_pairwise_lasso_uniform_positive_binary_pre"", ""--outer-folds"", ""4"", ""--inner-folds"", ""4"", ""--repeats"", ""3"", ""--seed"", ""1"", ""--shuffle"", ""true"", ""--popsize"", ""100"", ""--p-cross"", ""0.4"", ""--tournament-size"", ""3"", ""--tau-reset"", ""50"", ""--resetpop-rate"", ""0.99"", ""--local-search"", ""false"", ""--stop"", ""gen"", ""--max-gen"", ""100"", ""--edge-epsilon"", ""1e-06"", ""--save-generation-trace"", ""true"", ""--save-linkage-events"", ""false"", ""--save-graph-snapshots"", ""false"", ""--graph-snapshot-interval"", ""1"", ""--graph-snapshot-min-weight"", ""0.0"", ""--lr-gap-gen"", ""1"", ""--lr-min-samples"", ""10"", ""--lr-sparse-alpha"", ""0.001"", ""--lr-auto-alpha"", ""true"", ""--lr-alpha-c"", ""0.2"", ""--lr-delta"", ""0.05"", ""--lr-auto-min-samples"", ""true"", ""--lr-min-samples-c"", ""2.0"", ""--lr-stability-subsamples"", ""0"", ""--lr-stability-fraction"", ""0.75"", ""--lr-edge-min-weight"", ""0.0"", ""--lr-encoding"", ""binary"", ""--lr-solver"", ""auto"", ""--lr-matrix-free-threshold"", ""700"", ""--lr-matrix-free-max-iter"", ""8"", ""--lr-matrix-free-tol"", ""0.0001"", ""--lr-matrix-free-step-scale"", ""0.5"", ""--lr-matrix-free-dtype"", ""float32"", ""--build-building-blocks"", ""true"", ""--bb-weight-mode"", ""positive"", ""--bb-search-mode"", ""uniform"", ""--bb-min-block-size"", ""2"", ""--bb-max-blocks"", ""20"", ""--bb-snapshot-interval"", ""1"", ""--bb-external-penalty"", ""0.25"", ""--bb-size-penalty"", ""0.01"", ""--bb-pattern-top-fraction"", ""0.2"", ""--bb-pattern-min-support"", ""2"", ""--bb-refine-fraction"", ""0.2"", ""--bb-accept-equal-sparser"", ""true"", ""--bb-shuffle-blocks"", ""true"", ""--bb-signed-repair-probability"", ""0.75"", ""--pre-lr-explore"", ""true"", ""--pre-lr-mutation-multiplier"", ""3.0"", ""--pre-lr-immigrant-rate"", ""0.1"", ""--artifact-layout"", ""nested"", ""--write-aggregate-outputs"", ""false"", ""--lr-expected-edges"", ""60"", ""--lr-refit-expected-edges"", ""30"", ""--bb-gawll-update-interval"", ""10"", ""--bb-max-refine-trials"", ""10"", ""--repeat-id"", ""1"", ""--outer-fold-id"", ""3""]"
320,colon_asu,2,2,2,0,..\Results\results_fs_uniform_positive_medium_highdim\colon_asu\blur_ga_pairwise_lasso_uniform_positive_binary_pre,"[""colon_asu"", ""2"", ""2"", ""--data-dir"", ""../Dataset/prepared_feature_selection"", ""--output-dir"", ""..\\Results\\results_fs_uniform_positive_medium_highdim\\colon_asu\\blur_ga_pairwise_lasso_uniform_positive_binary_pre"", ""--outer-folds"", ""4"", ""--inner-folds"", ""4"", ""--repeats"", ""3"", ""--seed"", ""1"", ""--shuffle"", ""true"", ""--popsize"", ""100"", ""--p-cross"", ""0.4"", ""--tournament-size"", ""3"", ""--tau-reset"", ""50"", ""--resetpop-rate"", ""0.99"", ""--local-search"", ""false"", ""--stop"", ""gen"", ""--max-gen"", ""100"", ""--edge-epsilon"", ""1e-06"", ""--save-generation-trace"", ""true"", ""--save-linkage-events"", ""false"", ""--save-graph-snapshots"", ""false"", ""--graph-snapshot-interval"", ""1"", ""--graph-snapshot-min-weight"", ""0.0"", ""--lr-gap-gen"", ""1"", ""--lr-min-samples"", ""10"", ""--lr-sparse-alpha"", ""0.001"", ""--lr-auto-alpha"", ""true"", ""--lr-alpha-c"", ""0.2"", ""--lr-delta"", ""0.05"", ""--lr-auto-min-samples"", ""true"", ""--lr-min-samples-c"", ""2.0"", ""--lr-stability-subsamples"", ""0"", ""--lr-stability-fraction"", ""0.75"", ""--lr-edge-min-weight"", ""0.0"", ""--lr-encoding"", ""binary"", ""--lr-solver"", ""auto"", ""--lr-matrix-free-threshold"", ""700"", ""--lr-matrix-free-max-iter"", ""8"", ""--lr-matrix-free-tol"", ""0.0001"", ""--lr-matrix-free-step-scale"", ""0.5"", ""--lr-matrix-free-dtype"", ""float32"", ""--build-building-blocks"", ""true"", ""--bb-weight-mode"", ""positive"", ""--bb-search-mode"", ""uniform"", ""--bb-min-block-size"", ""2"", ""--bb-max-blocks"", ""20"", ""--bb-snapshot-interval"", ""1"", ""--bb-external-penalty"", ""0.25"", ""--bb-size-penalty"", ""0.01"", ""--bb-pattern-top-fraction"", ""0.2"", ""--bb-pattern-min-support"", ""2"", ""--bb-refine-fraction"", ""0.2"", ""--bb-accept-equal-sparser"", ""true"", ""--bb-shuffle-blocks"", ""true"", ""--bb-signed-repair-probability"", ""0.75"", ""--pre-lr-explore"", ""true"", ""--pre-lr-mutation-multiplier"", ""3.0"", ""--pre-lr-immigrant-rate"", ""0.1"", ""--artifact-layout"", ""nested"", ""--write-aggregate-outputs"", ""false"", ""--lr-expected-edges"", ""60"", ""--lr-refit-expected-edges"", ""30"", ""--bb-gawll-update-interval"", ""10"", ""--bb-max-refine-trials"", ""10"", ""--repeat-id"", ""2"", ""--outer-fold-id"", ""0""]"
321,colon_asu,2,2,2,1,..\Results\results_fs_uniform_positive_medium_highdim\colon_asu\blur_ga_pairwise_lasso_uniform_positive_binary_pre,"[""colon_asu"", ""2"", ""2"", ""--data-dir"", ""../Dataset/prepared_feature_selection"", ""--output-dir"", ""..\\Results\\results_fs_uniform_positive_medium_highdim\\colon_asu\\blur_ga_pairwise_lasso_uniform_positive_binary_pre"", ""--outer-folds"", ""4"", ""--inner-folds"", ""4"", ""--repeats"", ""3"", ""--seed"", ""1"", ""--shuffle"", ""true"", ""--popsize"", ""100"", ""--p-cross"", ""0.4"", ""--tournament-size"", ""3"", ""--tau-reset"", ""50"", ""--resetpop-rate"", ""0.99"", ""--local-search"", ""false"", ""--stop"", ""gen"", ""--max-gen"", ""100"", ""--edge-epsilon"", ""1e-06"", ""--save-generation-trace"", ""true"", ""--save-linkage-events"", ""false"", ""--save-graph-snapshots"", ""false"", ""--graph-snapshot-interval"", ""1"", ""--graph-snapshot-min-weight"", ""0.0"", ""--lr-gap-gen"", ""1"", ""--lr-min-samples"", ""10"", ""--lr-sparse-alpha"", ""0.001"", ""--lr-auto-alpha"", ""true"", ""--lr-alpha-c"", ""0.2"", ""--lr-delta"", ""0.05"", ""--lr-auto-min-samples"", ""true"", ""--lr-min-samples-c"", ""2.0"", ""--lr-stability-subsamples"", ""0"", ""--lr-stability-fraction"", ""0.75"", ""--lr-edge-min-weight"", ""0.0"", ""--lr-encoding"", ""binary"", ""--lr-solver"", ""auto"", ""--lr-matrix-free-threshold"", ""700"", ""--lr-matrix-free-max-iter"", ""8"", ""--lr-matrix-free-tol"", ""0.0001"", ""--lr-matrix-free-step-scale"", ""0.5"", ""--lr-matrix-free-dtype"", ""float32"", ""--build-building-blocks"", ""true"", ""--bb-weight-mode"", ""positive"", ""--bb-search-mode"", ""uniform"", ""--bb-min-block-size"", ""2"", ""--bb-max-blocks"", ""20"", ""--bb-snapshot-interval"", ""1"", ""--bb-external-penalty"", ""0.25"", ""--bb-size-penalty"", ""0.01"", ""--bb-pattern-top-fraction"", ""0.2"", ""--bb-pattern-min-support"", ""2"", ""--bb-refine-fraction"", ""0.2"", ""--bb-accept-equal-sparser"", ""true"", ""--bb-shuffle-blocks"", ""true"", ""--bb-signed-repair-probability"", ""0.75"", ""--pre-lr-explore"", ""true"", ""--pre-lr-mutation-multiplier"", ""3.0"", ""--pre-lr-immigrant-rate"", ""0.1"", ""--artifact-layout"", ""nested"", ""--write-aggregate-outputs"", ""false"", ""--lr-expected-edges"", ""60"", ""--lr-refit-expected-edges"", ""30"", ""--bb-gawll-update-interval"", ""10"", ""--bb-max-refine-trials"", ""10"", ""--repeat-id"", ""2"", ""--outer-fold-id"", ""1""]"
322,colon_asu,2,2,2,2,..\Results\results_fs_uniform_positive_medium_highdim\colon_asu\blur_ga_pairwise_lasso_uniform_positive_binary_pre,"[""colon_asu"", ""2"", ""2"", ""--data-dir"", ""../Dataset/prepared_feature_selection"", ""--output-dir"", ""..\\Results\\results_fs_uniform_positive_medium_highdim\\colon_asu\\blur_ga_pairwise_lasso_uniform_positive_binary_pre"", ""--outer-folds"", ""4"", ""--inner-folds"", ""4"", ""--repeats"", ""3"", ""--seed"", ""1"", ""--shuffle"", ""true"", ""--popsize"", ""100"", ""--p-cross"", ""0.4"", ""--tournament-size"", ""3"", ""--tau-reset"", ""50"", ""--resetpop-rate"", ""0.99"", ""--local-search"", ""false"", ""--stop"", ""gen"", ""--max-gen"", ""100"", ""--edge-epsilon"", ""1e-06"", ""--save-generation-trace"", ""true"", ""--save-linkage-events"", ""false"", ""--save-graph-snapshots"", ""false"", ""--graph-snapshot-interval"", ""1"", ""--graph-snapshot-min-weight"", ""0.0"", ""--lr-gap-gen"", ""1"", ""--lr-min-samples"", ""10"", ""--lr-sparse-alpha"", ""0.001"", ""--lr-auto-alpha"", ""true"", ""--lr-alpha-c"", ""0.2"", ""--lr-delta"", ""0.05"", ""--lr-auto-min-samples"", ""true"", ""--lr-min-samples-c"", ""2.0"", ""--lr-stability-subsamples"", ""0"", ""--lr-stability-fraction"", ""0.75"", ""--lr-edge-min-weight"", ""0.0"", ""--lr-encoding"", ""binary"", ""--lr-solver"", ""auto"", ""--lr-matrix-free-threshold"", ""700"", ""--lr-matrix-free-max-iter"", ""8"", ""--lr-matrix-free-tol"", ""0.0001"", ""--lr-matrix-free-step-scale"", ""0.5"", ""--lr-matrix-free-dtype"", ""float32"", ""--build-building-blocks"", ""true"", ""--bb-weight-mode"", ""positive"", ""--bb-search-mode"", ""uniform"", ""--bb-min-block-size"", ""2"", ""--bb-max-blocks"", ""20"", ""--bb-snapshot-interval"", ""1"", ""--bb-external-penalty"", ""0.25"", ""--bb-size-penalty"", ""0.01"", ""--bb-pattern-top-fraction"", ""0.2"", ""--bb-pattern-min-support"", ""2"", ""--bb-refine-fraction"", ""0.2"", ""--bb-accept-equal-sparser"", ""true"", ""--bb-shuffle-blocks"", ""true"", ""--bb-signed-repair-probability"", ""0.75"", ""--pre-lr-explore"", ""true"", ""--pre-lr-mutation-multiplier"", ""3.0"", ""--pre-lr-immigrant-rate"", ""0.1"", ""--artifact-layout"", ""nested"", ""--write-aggregate-outputs"", ""false"", ""--lr-expected-edges"", ""60"", ""--lr-refit-expected-edges"", ""30"", ""--bb-gawll-update-interval"", ""10"", ""--bb-max-refine-trials"", ""10"", ""--repeat-id"", ""2"", ""--outer-fold-id"", ""2""]"
323,colon_asu,2,2,2,3,..\Results\results_fs_uniform_positive_medium_highdim\colon_asu\blur_ga_pairwise_lasso_uniform_positive_binary_pre,"[""colon_asu"", ""2"", ""2"", ""--data-dir"", ""../Dataset/prepared_feature_selection"", ""--output-dir"", ""..\\Results\\results_fs_uniform_positive_medium_highdim\\colon_asu\\blur_ga_pairwise_lasso_uniform_positive_binary_pre"", ""--outer-folds"", ""4"", ""--inner-folds"", ""4"", ""--repeats"", ""3"", ""--seed"", ""1"", ""--shuffle"", ""true"", ""--popsize"", ""100"", ""--p-cross"", ""0.4"", ""--tournament-size"", ""3"", ""--tau-reset"", ""50"", ""--resetpop-rate"", ""0.99"", ""--local-search"", ""false"", ""--stop"", ""gen"", ""--max-gen"", ""100"", ""--edge-epsilon"", ""1e-06"", ""--save-generation-trace"", ""true"", ""--save-linkage-events"", ""false"", ""--save-graph-snapshots"", ""false"", ""--graph-snapshot-interval"", ""1"", ""--graph-snapshot-min-weight"", ""0.0"", ""--lr-gap-gen"", ""1"", ""--lr-min-samples"", ""10"", ""--lr-sparse-alpha"", ""0.001"", ""--lr-auto-alpha"", ""true"", ""--lr-alpha-c"", ""0.2"", ""--lr-delta"", ""0.05"", ""--lr-auto-min-samples"", ""true"", ""--lr-min-samples-c"", ""2.0"", ""--lr-stability-subsamples"", ""0"", ""--lr-stability-fraction"", ""0.75"", ""--lr-edge-min-weight"", ""0.0"", ""--lr-encoding"", ""binary"", ""--lr-solver"", ""auto"", ""--lr-matrix-free-threshold"", ""700"", ""--lr-matrix-free-max-iter"", ""8"", ""--lr-matrix-free-tol"", ""0.0001"", ""--lr-matrix-free-step-scale"", ""0.5"", ""--lr-matrix-free-dtype"", ""float32"", ""--build-building-blocks"", ""true"", ""--bb-weight-mode"", ""positive"", ""--bb-search-mode"", ""uniform"", ""--bb-min-block-size"", ""2"", ""--bb-max-blocks"", ""20"", ""--bb-snapshot-interval"", ""1"", ""--bb-external-penalty"", ""0.25"", ""--bb-size-penalty"", ""0.01"", ""--bb-pattern-top-fraction"", ""0.2"", ""--bb-pattern-min-support"", ""2"", ""--bb-refine-fraction"", ""0.2"", ""--bb-accept-equal-sparser"", ""true"", ""--bb-shuffle-blocks"", ""true"", ""--bb-signed-repair-probability"", ""0.75"", ""--pre-lr-explore"", ""true"", ""--pre-lr-mutation-multiplier"", ""3.0"", ""--pre-lr-immigrant-rate"", ""0.1"", ""--artifact-layout"", ""nested"", ""--write-aggregate-outputs"", ""false"", ""--lr-expected-edges"", ""60"", ""--lr-refit-expected-edges"", ""30"", ""--bb-gawll-update-interval"", ""10"", ""--bb-max-refine-trials"", ""10"", ""--repeat-id"", ""2"", ""--outer-fold-id"", ""3""]"
324,warpPIE10P_asu,2,2,0,0,..\Results\results_fs_uniform_positive_medium_highdim\warpPIE10P_asu\blur_ga_pairwise_lasso_uniform_positive_binary_pre,"[""warpPIE10P_asu"", ""2"", ""2"", ""--data-dir"", ""../Dataset/prepared_feature_selection"", ""--output-dir"", ""..\\Results\\results_fs_uniform_positive_medium_highdim\\warpPIE10P_asu\\blur_ga_pairwise_lasso_uniform_positive_binary_pre"", ""--outer-folds"", ""4"", ""--inner-folds"", ""4"", ""--repeats"", ""3"", ""--seed"", ""1"", ""--shuffle"", ""true"", ""--popsize"", ""100"", ""--p-cross"", ""0.4"", ""--tournament-size"", ""3"", ""--tau-reset"", ""50"", ""--resetpop-rate"", ""0.99"", ""--local-search"", ""false"", ""--stop"", ""gen"", ""--max-gen"", ""100"", ""--edge-epsilon"", ""1e-06"", ""--save-generation-trace"", ""true"", ""--save-linkage-events"", ""false"", ""--save-graph-snapshots"", ""false"", ""--graph-snapshot-interval"", ""1"", ""--graph-snapshot-min-weight"", ""0.0"", ""--lr-gap-gen"", ""1"", ""--lr-min-samples"", ""10"", ""--lr-sparse-alpha"", ""0.001"", ""--lr-auto-alpha"", ""true"", ""--lr-alpha-c"", ""0.2"", ""--lr-delta"", ""0.05"", ""--lr-auto-min-samples"", ""true"", ""--lr-min-samples-c"", ""2.0"", ""--lr-stability-subsamples"", ""0"", ""--lr-stability-fraction"", ""0.75"", ""--lr-edge-min-weight"", ""0.0"", ""--lr-encoding"", ""binary"", ""--lr-solver"", ""auto"", ""--lr-matrix-free-threshold"", ""700"", ""--lr-matrix-free-max-iter"", ""8"", ""--lr-matrix-free-tol"", ""0.0001"", ""--lr-matrix-free-step-scale"", ""0.5"", ""--lr-matrix-free-dtype"", ""float32"", ""--build-building-blocks"", ""true"", ""--bb-weight-mode"", ""positive"", ""--bb-search-mode"", ""uniform"", ""--bb-min-block-size"", ""2"", ""--bb-max-blocks"", ""20"", ""--bb-snapshot-interval"", ""1"", ""--bb-external-penalty"", ""0.25"", ""--bb-size-penalty"", ""0.01"", ""--bb-pattern-top-fraction"", ""0.2"", ""--bb-pattern-min-support"", ""2"", ""--bb-refine-fraction"", ""0.2"", ""--bb-accept-equal-sparser"", ""true"", ""--bb-shuffle-blocks"", ""true"", ""--bb-signed-repair-probability"", ""0.75"", ""--pre-lr-explore"", ""true"", ""--pre-lr-mutation-multiplier"", ""3.0"", ""--pre-lr-immigrant-rate"", ""0.1"", ""--artifact-layout"", ""nested"", ""--write-aggregate-outputs"", ""false"", ""--lr-expected-edges"", ""60"", ""--lr-refit-expected-edges"", ""30"", ""--bb-gawll-update-interval"", ""10"", ""--bb-max-refine-trials"", ""10"", ""--repeat-id"", ""0"", ""--outer-fold-id"", ""0""]"
325,warpPIE10P_asu,2,2,0,1,..\Results\results_fs_uniform_positive_medium_highdim\warpPIE10P_asu\blur_ga_pairwise_lasso_uniform_positive_binary_pre,"[""warpPIE10P_asu"", ""2"", ""2"", ""--data-dir"", ""../Dataset/prepared_feature_selection"", ""--output-dir"", ""..\\Results\\results_fs_uniform_positive_medium_highdim\\warpPIE10P_asu\\blur_ga_pairwise_lasso_uniform_positive_binary_pre"", ""--outer-folds"", ""4"", ""--inner-folds"", ""4"", ""--repeats"", ""3"", ""--seed"", ""1"", ""--shuffle"", ""true"", ""--popsize"", ""100"", ""--p-cross"", ""0.4"", ""--tournament-size"", ""3"", ""--tau-reset"", ""50"", ""--resetpop-rate"", ""0.99"", ""--local-search"", ""false"", ""--stop"", ""gen"", ""--max-gen"", ""100"", ""--edge-epsilon"", ""1e-06"", ""--save-generation-trace"", ""true"", ""--save-linkage-events"", ""false"", ""--save-graph-snapshots"", ""false"", ""--graph-snapshot-interval"", ""1"", ""--graph-snapshot-min-weight"", ""0.0"", ""--lr-gap-gen"", ""1"", ""--lr-min-samples"", ""10"", ""--lr-sparse-alpha"", ""0.001"", ""--lr-auto-alpha"", ""true"", ""--lr-alpha-c"", ""0.2"", ""--lr-delta"", ""0.05"", ""--lr-auto-min-samples"", ""true"", ""--lr-min-samples-c"", ""2.0"", ""--lr-stability-subsamples"", ""0"", ""--lr-stability-fraction"", ""0.75"", ""--lr-edge-min-weight"", ""0.0"", ""--lr-encoding"", ""binary"", ""--lr-solver"", ""auto"", ""--lr-matrix-free-threshold"", ""700"", ""--lr-matrix-free-max-iter"", ""8"", ""--lr-matrix-free-tol"", ""0.0001"", ""--lr-matrix-free-step-scale"", ""0.5"", ""--lr-matrix-free-dtype"", ""float32"", ""--build-building-blocks"", ""true"", ""--bb-weight-mode"", ""positive"", ""--bb-search-mode"", ""uniform"", ""--bb-min-block-size"", ""2"", ""--bb-max-blocks"", ""20"", ""--bb-snapshot-interval"", ""1"", ""--bb-external-penalty"", ""0.25"", ""--bb-size-penalty"", ""0.01"", ""--bb-pattern-top-fraction"", ""0.2"", ""--bb-pattern-min-support"", ""2"", ""--bb-refine-fraction"", ""0.2"", ""--bb-accept-equal-sparser"", ""true"", ""--bb-shuffle-blocks"", ""true"", ""--bb-signed-repair-probability"", ""0.75"", ""--pre-lr-explore"", ""true"", ""--pre-lr-mutation-multiplier"", ""3.0"", ""--pre-lr-immigrant-rate"", ""0.1"", ""--artifact-layout"", ""nested"", ""--write-aggregate-outputs"", ""false"", ""--lr-expected-edges"", ""60"", ""--lr-refit-expected-edges"", ""30"", ""--bb-gawll-update-interval"", ""10"", ""--bb-max-refine-trials"", ""10"", ""--repeat-id"", ""0"", ""--outer-fold-id"", ""1""]"
326,warpPIE10P_asu,2,2,0,2,..\Results\results_fs_uniform_positive_medium_highdim\warpPIE10P_asu\blur_ga_pairwise_lasso_uniform_positive_binary_pre,"[""warpPIE10P_asu"", ""2"", ""2"", ""--data-dir"", ""../Dataset/prepared_feature_selection"", ""--output-dir"", ""..\\Results\\results_fs_uniform_positive_medium_highdim\\warpPIE10P_asu\\blur_ga_pairwise_lasso_uniform_positive_binary_pre"", ""--outer-folds"", ""4"", ""--inner-folds"", ""4"", ""--repeats"", ""3"", ""--seed"", ""1"", ""--shuffle"", ""true"", ""--popsize"", ""100"", ""--p-cross"", ""0.4"", ""--tournament-size"", ""3"", ""--tau-reset"", ""50"", ""--resetpop-rate"", ""0.99"", ""--local-search"", ""false"", ""--stop"", ""gen"", ""--max-gen"", ""100"", ""--edge-epsilon"", ""1e-06"", ""--save-generation-trace"", ""true"", ""--save-linkage-events"", ""false"", ""--save-graph-snapshots"", ""false"", ""--graph-snapshot-interval"", ""1"", ""--graph-snapshot-min-weight"", ""0.0"", ""--lr-gap-gen"", ""1"", ""--lr-min-samples"", ""10"", ""--lr-sparse-alpha"", ""0.001"", ""--lr-auto-alpha"", ""true"", ""--lr-alpha-c"", ""0.2"", ""--lr-delta"", ""0.05"", ""--lr-auto-min-samples"", ""true"", ""--lr-min-samples-c"", ""2.0"", ""--lr-stability-subsamples"", ""0"", ""--lr-stability-fraction"", ""0.75"", ""--lr-edge-min-weight"", ""0.0"", ""--lr-encoding"", ""binary"", ""--lr-solver"", ""auto"", ""--lr-matrix-free-threshold"", ""700"", ""--lr-matrix-free-max-iter"", ""8"", ""--lr-matrix-free-tol"", ""0.0001"", ""--lr-matrix-free-step-scale"", ""0.5"", ""--lr-matrix-free-dtype"", ""float32"", ""--build-building-blocks"", ""true"", ""--bb-weight-mode"", ""positive"", ""--bb-search-mode"", ""uniform"", ""--bb-min-block-size"", ""2"", ""--bb-max-blocks"", ""20"", ""--bb-snapshot-interval"", ""1"", ""--bb-external-penalty"", ""0.25"", ""--bb-size-penalty"", ""0.01"", ""--bb-pattern-top-fraction"", ""0.2"", ""--bb-pattern-min-support"", ""2"", ""--bb-refine-fraction"", ""0.2"", ""--bb-accept-equal-sparser"", ""true"", ""--bb-shuffle-blocks"", ""true"", ""--bb-signed-repair-probability"", ""0.75"", ""--pre-lr-explore"", ""true"", ""--pre-lr-mutation-multiplier"", ""3.0"", ""--pre-lr-immigrant-rate"", ""0.1"", ""--artifact-layout"", ""nested"", ""--write-aggregate-outputs"", ""false"", ""--lr-expected-edges"", ""60"", ""--lr-refit-expected-edges"", ""30"", ""--bb-gawll-update-interval"", ""10"", ""--bb-max-refine-trials"", ""10"", ""--repeat-id"", ""0"", ""--outer-fold-id"", ""2""]"
327,warpPIE10P_asu,2,2,0,3,..\Results\results_fs_uniform_positive_medium_highdim\warpPIE10P_asu\blur_ga_pairwise_lasso_uniform_positive_binary_pre,"[""warpPIE10P_asu"", ""2"", ""2"", ""--data-dir"", ""../Dataset/prepared_feature_selection"", ""--output-dir"", ""..\\Results\\results_fs_uniform_positive_medium_highdim\\warpPIE10P_asu\\blur_ga_pairwise_lasso_uniform_positive_binary_pre"", ""--outer-folds"", ""4"", ""--inner-folds"", ""4"", ""--repeats"", ""3"", ""--seed"", ""1"", ""--shuffle"", ""true"", ""--popsize"", ""100"", ""--p-cross"", ""0.4"", ""--tournament-size"", ""3"", ""--tau-reset"", ""50"", ""--resetpop-rate"", ""0.99"", ""--local-search"", ""false"", ""--stop"", ""gen"", ""--max-gen"", ""100"", ""--edge-epsilon"", ""1e-06"", ""--save-generation-trace"", ""true"", ""--save-linkage-events"", ""false"", ""--save-graph-snapshots"", ""false"", ""--graph-snapshot-interval"", ""1"", ""--graph-snapshot-min-weight"", ""0.0"", ""--lr-gap-gen"", ""1"", ""--lr-min-samples"", ""10"", ""--lr-sparse-alpha"", ""0.001"", ""--lr-auto-alpha"", ""true"", ""--lr-alpha-c"", ""0.2"", ""--lr-delta"", ""0.05"", ""--lr-auto-min-samples"", ""true"", ""--lr-min-samples-c"", ""2.0"", ""--lr-stability-subsamples"", ""0"", ""--lr-stability-fraction"", ""0.75"", ""--lr-edge-min-weight"", ""0.0"", ""--lr-encoding"", ""binary"", ""--lr-solver"", ""auto"", ""--lr-matrix-free-threshold"", ""700"", ""--lr-matrix-free-max-iter"", ""8"", ""--lr-matrix-free-tol"", ""0.0001"", ""--lr-matrix-free-step-scale"", ""0.5"", ""--lr-matrix-free-dtype"", ""float32"", ""--build-building-blocks"", ""true"", ""--bb-weight-mode"", ""positive"", ""--bb-search-mode"", ""uniform"", ""--bb-min-block-size"", ""2"", ""--bb-max-blocks"", ""20"", ""--bb-snapshot-interval"", ""1"", ""--bb-external-penalty"", ""0.25"", ""--bb-size-penalty"", ""0.01"", ""--bb-pattern-top-fraction"", ""0.2"", ""--bb-pattern-min-support"", ""2"", ""--bb-refine-fraction"", ""0.2"", ""--bb-accept-equal-sparser"", ""true"", ""--bb-shuffle-blocks"", ""true"", ""--bb-signed-repair-probability"", ""0.75"", ""--pre-lr-explore"", ""true"", ""--pre-lr-mutation-multiplier"", ""3.0"", ""--pre-lr-immigrant-rate"", ""0.1"", ""--artifact-layout"", ""nested"", ""--write-aggregate-outputs"", ""false"", ""--lr-expected-edges"", ""60"", ""--lr-refit-expected-edges"", ""30"", ""--bb-gawll-update-interval"", ""10"", ""--bb-max-refine-trials"", ""10"", ""--repeat-id"", ""0"", ""--outer-fold-id"", ""3""]"
328,warpPIE10P_asu,2,2,1,0,..\Results\results_fs_uniform_positive_medium_highdim\warpPIE10P_asu\blur_ga_pairwise_lasso_uniform_positive_binary_pre,"[""warpPIE10P_asu"", ""2"", ""2"", ""--data-dir"", ""../Dataset/prepared_feature_selection"", ""--output-dir"", ""..\\Results\\results_fs_uniform_positive_medium_highdim\\warpPIE10P_asu\\blur_ga_pairwise_lasso_uniform_positive_binary_pre"", ""--outer-folds"", ""4"", ""--inner-folds"", ""4"", ""--repeats"", ""3"", ""--seed"", ""1"", ""--shuffle"", ""true"", ""--popsize"", ""100"", ""--p-cross"", ""0.4"", ""--tournament-size"", ""3"", ""--tau-reset"", ""50"", ""--resetpop-rate"", ""0.99"", ""--local-search"", ""false"", ""--stop"", ""gen"", ""--max-gen"", ""100"", ""--edge-epsilon"", ""1e-06"", ""--save-generation-trace"", ""true"", ""--save-linkage-events"", ""false"", ""--save-graph-snapshots"", ""false"", ""--graph-snapshot-interval"", ""1"", ""--graph-snapshot-min-weight"", ""0.0"", ""--lr-gap-gen"", ""1"", ""--lr-min-samples"", ""10"", ""--lr-sparse-alpha"", ""0.001"", ""--lr-auto-alpha"", ""true"", ""--lr-alpha-c"", ""0.2"", ""--lr-delta"", ""0.05"", ""--lr-auto-min-samples"", ""true"", ""--lr-min-samples-c"", ""2.0"", ""--lr-stability-subsamples"", ""0"", ""--lr-stability-fraction"", ""0.75"", ""--lr-edge-min-weight"", ""0.0"", ""--lr-encoding"", ""binary"", ""--lr-solver"", ""auto"", ""--lr-matrix-free-threshold"", ""700"", ""--lr-matrix-free-max-iter"", ""8"", ""--lr-matrix-free-tol"", ""0.0001"", ""--lr-matrix-free-step-scale"", ""0.5"", ""--lr-matrix-free-dtype"", ""float32"", ""--build-building-blocks"", ""true"", ""--bb-weight-mode"", ""positive"", ""--bb-search-mode"", ""uniform"", ""--bb-min-block-size"", ""2"", ""--bb-max-blocks"", ""20"", ""--bb-snapshot-interval"", ""1"", ""--bb-external-penalty"", ""0.25"", ""--bb-size-penalty"", ""0.01"", ""--bb-pattern-top-fraction"", ""0.2"", ""--bb-pattern-min-support"", ""2"", ""--bb-refine-fraction"", ""0.2"", ""--bb-accept-equal-sparser"", ""true"", ""--bb-shuffle-blocks"", ""true"", ""--bb-signed-repair-probability"", ""0.75"", ""--pre-lr-explore"", ""true"", ""--pre-lr-mutation-multiplier"", ""3.0"", ""--pre-lr-immigrant-rate"", ""0.1"", ""--artifact-layout"", ""nested"", ""--write-aggregate-outputs"", ""false"", ""--lr-expected-edges"", ""60"", ""--lr-refit-expected-edges"", ""30"", ""--bb-gawll-update-interval"", ""10"", ""--bb-max-refine-trials"", ""10"", ""--repeat-id"", ""1"", ""--outer-fold-id"", ""0""]"
329,warpPIE10P_asu,2,2,1,1,..\Results\results_fs_uniform_positive_medium_highdim\warpPIE10P_asu\blur_ga_pairwise_lasso_uniform_positive_binary_pre,"[""warpPIE10P_asu"", ""2"", ""2"", ""--data-dir"", ""../Dataset/prepared_feature_selection"", ""--output-dir"", ""..\\Results\\results_fs_uniform_positive_medium_highdim\\warpPIE10P_asu\\blur_ga_pairwise_lasso_uniform_positive_binary_pre"", ""--outer-folds"", ""4"", ""--inner-folds"", ""4"", ""--repeats"", ""3"", ""--seed"", ""1"", ""--shuffle"", ""true"", ""--popsize"", ""100"", ""--p-cross"", ""0.4"", ""--tournament-size"", ""3"", ""--tau-reset"", ""50"", ""--resetpop-rate"", ""0.99"", ""--local-search"", ""false"", ""--stop"", ""gen"", ""--max-gen"", ""100"", ""--edge-epsilon"", ""1e-06"", ""--save-generation-trace"", ""true"", ""--save-linkage-events"", ""false"", ""--save-graph-snapshots"", ""false"", ""--graph-snapshot-interval"", ""1"", ""--graph-snapshot-min-weight"", ""0.0"", ""--lr-gap-gen"", ""1"", ""--lr-min-samples"", ""10"", ""--lr-sparse-alpha"", ""0.001"", ""--lr-auto-alpha"", ""true"", ""--lr-alpha-c"", ""0.2"", ""--lr-delta"", ""0.05"", ""--lr-auto-min-samples"", ""true"", ""--lr-min-samples-c"", ""2.0"", ""--lr-stability-subsamples"", ""0"", ""--lr-stability-fraction"", ""0.75"", ""--lr-edge-min-weight"", ""0.0"", ""--lr-encoding"", ""binary"", ""--lr-solver"", ""auto"", ""--lr-matrix-free-threshold"", ""700"", ""--lr-matrix-free-max-iter"", ""8"", ""--lr-matrix-free-tol"", ""0.0001"", ""--lr-matrix-free-step-scale"", ""0.5"", ""--lr-matrix-free-dtype"", ""float32"", ""--build-building-blocks"", ""true"", ""--bb-weight-mode"", ""positive"", ""--bb-search-mode"", ""uniform"", ""--bb-min-block-size"", ""2"", ""--bb-max-blocks"", ""20"", ""--bb-snapshot-interval"", ""1"", ""--bb-external-penalty"", ""0.25"", ""--bb-size-penalty"", ""0.01"", ""--bb-pattern-top-fraction"", ""0.2"", ""--bb-pattern-min-support"", ""2"", ""--bb-refine-fraction"", ""0.2"", ""--bb-accept-equal-sparser"", ""true"", ""--bb-shuffle-blocks"", ""true"", ""--bb-signed-repair-probability"", ""0.75"", ""--pre-lr-explore"", ""true"", ""--pre-lr-mutation-multiplier"", ""3.0"", ""--pre-lr-immigrant-rate"", ""0.1"", ""--artifact-layout"", ""nested"", ""--write-aggregate-outputs"", ""false"", ""--lr-expected-edges"", ""60"", ""--lr-refit-expected-edges"", ""30"", ""--bb-gawll-update-interval"", ""10"", ""--bb-max-refine-trials"", ""10"", ""--repeat-id"", ""1"", ""--outer-fold-id"", ""1""]"
330,warpPIE10P_asu,2,2,1,2,..\Results\results_fs_uniform_positive_medium_highdim\warpPIE10P_asu\blur_ga_pairwise_lasso_uniform_positive_binary_pre,"[""warpPIE10P_asu"", ""2"", ""2"", ""--data-dir"", ""../Dataset/prepared_feature_selection"", ""--output-dir"", ""..\\Results\\results_fs_uniform_positive_medium_highdim\\warpPIE10P_asu\\blur_ga_pairwise_lasso_uniform_positive_binary_pre"", ""--outer-folds"", ""4"", ""--inner-folds"", ""4"", ""--repeats"", ""3"", ""--seed"", ""1"", ""--shuffle"", ""true"", ""--popsize"", ""100"", ""--p-cross"", ""0.4"", ""--tournament-size"", ""3"", ""--tau-reset"", ""50"", ""--resetpop-rate"", ""0.99"", ""--local-search"", ""false"", ""--stop"", ""gen"", ""--max-gen"", ""100"", ""--edge-epsilon"", ""1e-06"", ""--save-generation-trace"", ""true"", ""--save-linkage-events"", ""false"", ""--save-graph-snapshots"", ""false"", ""--graph-snapshot-interval"", ""1"", ""--graph-snapshot-min-weight"", ""0.0"", ""--lr-gap-gen"", ""1"", ""--lr-min-samples"", ""10"", ""--lr-sparse-alpha"", ""0.001"", ""--lr-auto-alpha"", ""true"", ""--lr-alpha-c"", ""0.2"", ""--lr-delta"", ""0.05"", ""--lr-auto-min-samples"", ""true"", ""--lr-min-samples-c"", ""2.0"", ""--lr-stability-subsamples"", ""0"", ""--lr-stability-fraction"", ""0.75"", ""--lr-edge-min-weight"", ""0.0"", ""--lr-encoding"", ""binary"", ""--lr-solver"", ""auto"", ""--lr-matrix-free-threshold"", ""700"", ""--lr-matrix-free-max-iter"", ""8"", ""--lr-matrix-free-tol"", ""0.0001"", ""--lr-matrix-free-step-scale"", ""0.5"", ""--lr-matrix-free-dtype"", ""float32"", ""--build-building-blocks"", ""true"", ""--bb-weight-mode"", ""positive"", ""--bb-search-mode"", ""uniform"", ""--bb-min-block-size"", ""2"", ""--bb-max-blocks"", ""20"", ""--bb-snapshot-interval"", ""1"", ""--bb-external-penalty"", ""0.25"", ""--bb-size-penalty"", ""0.01"", ""--bb-pattern-top-fraction"", ""0.2"", ""--bb-pattern-min-support"", ""2"", ""--bb-refine-fraction"", ""0.2"", ""--bb-accept-equal-sparser"", ""true"", ""--bb-shuffle-blocks"", ""true"", ""--bb-signed-repair-probability"", ""0.75"", ""--pre-lr-explore"", ""true"", ""--pre-lr-mutation-multiplier"", ""3.0"", ""--pre-lr-immigrant-rate"", ""0.1"", ""--artifact-layout"", ""nested"", ""--write-aggregate-outputs"", ""false"", ""--lr-expected-edges"", ""60"", ""--lr-refit-expected-edges"", ""30"", ""--bb-gawll-update-interval"", ""10"", ""--bb-max-refine-trials"", ""10"", ""--repeat-id"", ""1"", ""--outer-fold-id"", ""2""]"
331,warpPIE10P_asu,2,2,1,3,..\Results\results_fs_uniform_positive_medium_highdim\warpPIE10P_asu\blur_ga_pairwise_lasso_uniform_positive_binary_pre,"[""warpPIE10P_asu"", ""2"", ""2"", ""--data-dir"", ""../Dataset/prepared_feature_selection"", ""--output-dir"", ""..\\Results\\results_fs_uniform_positive_medium_highdim\\warpPIE10P_asu\\blur_ga_pairwise_lasso_uniform_positive_binary_pre"", ""--outer-folds"", ""4"", ""--inner-folds"", ""4"", ""--repeats"", ""3"", ""--seed"", ""1"", ""--shuffle"", ""true"", ""--popsize"", ""100"", ""--p-cross"", ""0.4"", ""--tournament-size"", ""3"", ""--tau-reset"", ""50"", ""--resetpop-rate"", ""0.99"", ""--local-search"", ""false"", ""--stop"", ""gen"", ""--max-gen"", ""100"", ""--edge-epsilon"", ""1e-06"", ""--save-generation-trace"", ""true"", ""--save-linkage-events"", ""false"", ""--save-graph-snapshots"", ""false"", ""--graph-snapshot-interval"", ""1"", ""--graph-snapshot-min-weight"", ""0.0"", ""--lr-gap-gen"", ""1"", ""--lr-min-samples"", ""10"", ""--lr-sparse-alpha"", ""0.001"", ""--lr-auto-alpha"", ""true"", ""--lr-alpha-c"", ""0.2"", ""--lr-delta"", ""0.05"", ""--lr-auto-min-samples"", ""true"", ""--lr-min-samples-c"", ""2.0"", ""--lr-stability-subsamples"", ""0"", ""--lr-stability-fraction"", ""0.75"", ""--lr-edge-min-weight"", ""0.0"", ""--lr-encoding"", ""binary"", ""--lr-solver"", ""auto"", ""--lr-matrix-free-threshold"", ""700"", ""--lr-matrix-free-max-iter"", ""8"", ""--lr-matrix-free-tol"", ""0.0001"", ""--lr-matrix-free-step-scale"", ""0.5"", ""--lr-matrix-free-dtype"", ""float32"", ""--build-building-blocks"", ""true"", ""--bb-weight-mode"", ""positive"", ""--bb-search-mode"", ""uniform"", ""--bb-min-block-size"", ""2"", ""--bb-max-blocks"", ""20"", ""--bb-snapshot-interval"", ""1"", ""--bb-external-penalty"", ""0.25"", ""--bb-size-penalty"", ""0.01"", ""--bb-pattern-top-fraction"", ""0.2"", ""--bb-pattern-min-support"", ""2"", ""--bb-refine-fraction"", ""0.2"", ""--bb-accept-equal-sparser"", ""true"", ""--bb-shuffle-blocks"", ""true"", ""--bb-signed-repair-probability"", ""0.75"", ""--pre-lr-explore"", ""true"", ""--pre-lr-mutation-multiplier"", ""3.0"", ""--pre-lr-immigrant-rate"", ""0.1"", ""--artifact-layout"", ""nested"", ""--write-aggregate-outputs"", ""false"", ""--lr-expected-edges"", ""60"", ""--lr-refit-expected-edges"", ""30"", ""--bb-gawll-update-interval"", ""10"", ""--bb-max-refine-trials"", ""10"", ""--repeat-id"", ""1"", ""--outer-fold-id"", ""3""]"
332,warpPIE10P_asu,2,2,2,0,..\Results\results_fs_uniform_positive_medium_highdim\warpPIE10P_asu\blur_ga_pairwise_lasso_uniform_positive_binary_pre,"[""warpPIE10P_asu"", ""2"", ""2"", ""--data-dir"", ""../Dataset/prepared_feature_selection"", ""--output-dir"", ""..\\Results\\results_fs_uniform_positive_medium_highdim\\warpPIE10P_asu\\blur_ga_pairwise_lasso_uniform_positive_binary_pre"", ""--outer-folds"", ""4"", ""--inner-folds"", ""4"", ""--repeats"", ""3"", ""--seed"", ""1"", ""--shuffle"", ""true"", ""--popsize"", ""100"", ""--p-cross"", ""0.4"", ""--tournament-size"", ""3"", ""--tau-reset"", ""50"", ""--resetpop-rate"", ""0.99"", ""--local-search"", ""false"", ""--stop"", ""gen"", ""--max-gen"", ""100"", ""--edge-epsilon"", ""1e-06"", ""--save-generation-trace"", ""true"", ""--save-linkage-events"", ""false"", ""--save-graph-snapshots"", ""false"", ""--graph-snapshot-interval"", ""1"", ""--graph-snapshot-min-weight"", ""0.0"", ""--lr-gap-gen"", ""1"", ""--lr-min-samples"", ""10"", ""--lr-sparse-alpha"", ""0.001"", ""--lr-auto-alpha"", ""true"", ""--lr-alpha-c"", ""0.2"", ""--lr-delta"", ""0.05"", ""--lr-auto-min-samples"", ""true"", ""--lr-min-samples-c"", ""2.0"", ""--lr-stability-subsamples"", ""0"", ""--lr-stability-fraction"", ""0.75"", ""--lr-edge-min-weight"", ""0.0"", ""--lr-encoding"", ""binary"", ""--lr-solver"", ""auto"", ""--lr-matrix-free-threshold"", ""700"", ""--lr-matrix-free-max-iter"", ""8"", ""--lr-matrix-free-tol"", ""0.0001"", ""--lr-matrix-free-step-scale"", ""0.5"", ""--lr-matrix-free-dtype"", ""float32"", ""--build-building-blocks"", ""true"", ""--bb-weight-mode"", ""positive"", ""--bb-search-mode"", ""uniform"", ""--bb-min-block-size"", ""2"", ""--bb-max-blocks"", ""20"", ""--bb-snapshot-interval"", ""1"", ""--bb-external-penalty"", ""0.25"", ""--bb-size-penalty"", ""0.01"", ""--bb-pattern-top-fraction"", ""0.2"", ""--bb-pattern-min-support"", ""2"", ""--bb-refine-fraction"", ""0.2"", ""--bb-accept-equal-sparser"", ""true"", ""--bb-shuffle-blocks"", ""true"", ""--bb-signed-repair-probability"", ""0.75"", ""--pre-lr-explore"", ""true"", ""--pre-lr-mutation-multiplier"", ""3.0"", ""--pre-lr-immigrant-rate"", ""0.1"", ""--artifact-layout"", ""nested"", ""--write-aggregate-outputs"", ""false"", ""--lr-expected-edges"", ""60"", ""--lr-refit-expected-edges"", ""30"", ""--bb-gawll-update-interval"", ""10"", ""--bb-max-refine-trials"", ""10"", ""--repeat-id"", ""2"", ""--outer-fold-id"", ""0""]"
333,warpPIE10P_asu,2,2,2,1,..\Results\results_fs_uniform_positive_medium_highdim\warpPIE10P_asu\blur_ga_pairwise_lasso_uniform_positive_binary_pre,"[""warpPIE10P_asu"", ""2"", ""2"", ""--data-dir"", ""../Dataset/prepared_feature_selection"", ""--output-dir"", ""..\\Results\\results_fs_uniform_positive_medium_highdim\\warpPIE10P_asu\\blur_ga_pairwise_lasso_uniform_positive_binary_pre"", ""--outer-folds"", ""4"", ""--inner-folds"", ""4"", ""--repeats"", ""3"", ""--seed"", ""1"", ""--shuffle"", ""true"", ""--popsize"", ""100"", ""--p-cross"", ""0.4"", ""--tournament-size"", ""3"", ""--tau-reset"", ""50"", ""--resetpop-rate"", ""0.99"", ""--local-search"", ""false"", ""--stop"", ""gen"", ""--max-gen"", ""100"", ""--edge-epsilon"", ""1e-06"", ""--save-generation-trace"", ""true"", ""--save-linkage-events"", ""false"", ""--save-graph-snapshots"", ""false"", ""--graph-snapshot-interval"", ""1"", ""--graph-snapshot-min-weight"", ""0.0"", ""--lr-gap-gen"", ""1"", ""--lr-min-samples"", ""10"", ""--lr-sparse-alpha"", ""0.001"", ""--lr-auto-alpha"", ""true"", ""--lr-alpha-c"", ""0.2"", ""--lr-delta"", ""0.05"", ""--lr-auto-min-samples"", ""true"", ""--lr-min-samples-c"", ""2.0"", ""--lr-stability-subsamples"", ""0"", ""--lr-stability-fraction"", ""0.75"", ""--lr-edge-min-weight"", ""0.0"", ""--lr-encoding"", ""binary"", ""--lr-solver"", ""auto"", ""--lr-matrix-free-threshold"", ""700"", ""--lr-matrix-free-max-iter"", ""8"", ""--lr-matrix-free-tol"", ""0.0001"", ""--lr-matrix-free-step-scale"", ""0.5"", ""--lr-matrix-free-dtype"", ""float32"", ""--build-building-blocks"", ""true"", ""--bb-weight-mode"", ""positive"", ""--bb-search-mode"", ""uniform"", ""--bb-min-block-size"", ""2"", ""--bb-max-blocks"", ""20"", ""--bb-snapshot-interval"", ""1"", ""--bb-external-penalty"", ""0.25"", ""--bb-size-penalty"", ""0.01"", ""--bb-pattern-top-fraction"", ""0.2"", ""--bb-pattern-min-support"", ""2"", ""--bb-refine-fraction"", ""0.2"", ""--bb-accept-equal-sparser"", ""true"", ""--bb-shuffle-blocks"", ""true"", ""--bb-signed-repair-probability"", ""0.75"", ""--pre-lr-explore"", ""true"", ""--pre-lr-mutation-multiplier"", ""3.0"", ""--pre-lr-immigrant-rate"", ""0.1"", ""--artifact-layout"", ""nested"", ""--write-aggregate-outputs"", ""false"", ""--lr-expected-edges"", ""60"", ""--lr-refit-expected-edges"", ""30"", ""--bb-gawll-update-interval"", ""10"", ""--bb-max-refine-trials"", ""10"", ""--repeat-id"", ""2"", ""--outer-fold-id"", ""1""]"
334,warpPIE10P_asu,2,2,2,2,..\Results\results_fs_uniform_positive_medium_highdim\warpPIE10P_asu\blur_ga_pairwise_lasso_uniform_positive_binary_pre,"[""warpPIE10P_asu"", ""2"", ""2"", ""--data-dir"", ""../Dataset/prepared_feature_selection"", ""--output-dir"", ""..\\Results\\results_fs_uniform_positive_medium_highdim\\warpPIE10P_asu\\blur_ga_pairwise_lasso_uniform_positive_binary_pre"", ""--outer-folds"", ""4"", ""--inner-folds"", ""4"", ""--repeats"", ""3"", ""--seed"", ""1"", ""--shuffle"", ""true"", ""--popsize"", ""100"", ""--p-cross"", ""0.4"", ""--tournament-size"", ""3"", ""--tau-reset"", ""50"", ""--resetpop-rate"", ""0.99"", ""--local-search"", ""false"", ""--stop"", ""gen"", ""--max-gen"", ""100"", ""--edge-epsilon"", ""1e-06"", ""--save-generation-trace"", ""true"", ""--save-linkage-events"", ""false"", ""--save-graph-snapshots"", ""false"", ""--graph-snapshot-interval"", ""1"", ""--graph-snapshot-min-weight"", ""0.0"", ""--lr-gap-gen"", ""1"", ""--lr-min-samples"", ""10"", ""--lr-sparse-alpha"", ""0.001"", ""--lr-auto-alpha"", ""true"", ""--lr-alpha-c"", ""0.2"", ""--lr-delta"", ""0.05"", ""--lr-auto-min-samples"", ""true"", ""--lr-min-samples-c"", ""2.0"", ""--lr-stability-subsamples"", ""0"", ""--lr-stability-fraction"", ""0.75"", ""--lr-edge-min-weight"", ""0.0"", ""--lr-encoding"", ""binary"", ""--lr-solver"", ""auto"", ""--lr-matrix-free-threshold"", ""700"", ""--lr-matrix-free-max-iter"", ""8"", ""--lr-matrix-free-tol"", ""0.0001"", ""--lr-matrix-free-step-scale"", ""0.5"", ""--lr-matrix-free-dtype"", ""float32"", ""--build-building-blocks"", ""true"", ""--bb-weight-mode"", ""positive"", ""--bb-search-mode"", ""uniform"", ""--bb-min-block-size"", ""2"", ""--bb-max-blocks"", ""20"", ""--bb-snapshot-interval"", ""1"", ""--bb-external-penalty"", ""0.25"", ""--bb-size-penalty"", ""0.01"", ""--bb-pattern-top-fraction"", ""0.2"", ""--bb-pattern-min-support"", ""2"", ""--bb-refine-fraction"", ""0.2"", ""--bb-accept-equal-sparser"", ""true"", ""--bb-shuffle-blocks"", ""true"", ""--bb-signed-repair-probability"", ""0.75"", ""--pre-lr-explore"", ""true"", ""--pre-lr-mutation-multiplier"", ""3.0"", ""--pre-lr-immigrant-rate"", ""0.1"", ""--artifact-layout"", ""nested"", ""--write-aggregate-outputs"", ""false"", ""--lr-expected-edges"", ""60"", ""--lr-refit-expected-edges"", ""30"", ""--bb-gawll-update-interval"", ""10"", ""--bb-max-refine-trials"", ""10"", ""--repeat-id"", ""2"", ""--outer-fold-id"", ""2""]"
335,warpPIE10P_asu,2,2,2,3,..\Results\results_fs_uniform_positive_medium_highdim\warpPIE10P_asu\blur_ga_pairwise_lasso_uniform_positive_binary_pre,"[""warpPIE10P_asu"", ""2"", ""2"", ""--data-dir"", ""../Dataset/prepared_feature_selection"", ""--output-dir"", ""..\\Results\\results_fs_uniform_positive_medium_highdim\\warpPIE10P_asu\\blur_ga_pairwise_lasso_uniform_positive_binary_pre"", ""--outer-folds"", ""4"", ""--inner-folds"", ""4"", ""--repeats"", ""3"", ""--seed"", ""1"", ""--shuffle"", ""true"", ""--popsize"", ""100"", ""--p-cross"", ""0.4"", ""--tournament-size"", ""3"", ""--tau-reset"", ""50"", ""--resetpop-rate"", ""0.99"", ""--local-search"", ""false"", ""--stop"", ""gen"", ""--max-gen"", ""100"", ""--edge-epsilon"", ""1e-06"", ""--save-generation-trace"", ""true"", ""--save-linkage-events"", ""false"", ""--save-graph-snapshots"", ""false"", ""--graph-snapshot-interval"", ""1"", ""--graph-snapshot-min-weight"", ""0.0"", ""--lr-gap-gen"", ""1"", ""--lr-min-samples"", ""10"", ""--lr-sparse-alpha"", ""0.001"", ""--lr-auto-alpha"", ""true"", ""--lr-alpha-c"", ""0.2"", ""--lr-delta"", ""0.05"", ""--lr-auto-min-samples"", ""true"", ""--lr-min-samples-c"", ""2.0"", ""--lr-stability-subsamples"", ""0"", ""--lr-stability-fraction"", ""0.75"", ""--lr-edge-min-weight"", ""0.0"", ""--lr-encoding"", ""binary"", ""--lr-solver"", ""auto"", ""--lr-matrix-free-threshold"", ""700"", ""--lr-matrix-free-max-iter"", ""8"", ""--lr-matrix-free-tol"", ""0.0001"", ""--lr-matrix-free-step-scale"", ""0.5"", ""--lr-matrix-free-dtype"", ""float32"", ""--build-building-blocks"", ""true"", ""--bb-weight-mode"", ""positive"", ""--bb-search-mode"", ""uniform"", ""--bb-min-block-size"", ""2"", ""--bb-max-blocks"", ""20"", ""--bb-snapshot-interval"", ""1"", ""--bb-external-penalty"", ""0.25"", ""--bb-size-penalty"", ""0.01"", ""--bb-pattern-top-fraction"", ""0.2"", ""--bb-pattern-min-support"", ""2"", ""--bb-refine-fraction"", ""0.2"", ""--bb-accept-equal-sparser"", ""true"", ""--bb-shuffle-blocks"", ""true"", ""--bb-signed-repair-probability"", ""0.75"", ""--pre-lr-explore"", ""true"", ""--pre-lr-mutation-multiplier"", ""3.0"", ""--pre-lr-immigrant-rate"", ""0.1"", ""--artifact-layout"", ""nested"", ""--write-aggregate-outputs"", ""false"", ""--lr-expected-edges"", ""60"", ""--lr-refit-expected-edges"", ""30"", ""--bb-gawll-update-interval"", ""10"", ""--bb-max-refine-trials"", ""10"", ""--repeat-id"", ""2"", ""--outer-fold-id"", ""3""]"
