task_id,dataset,classifier,ga_type,repeat_id,outer_fold_id,output_dir,command_json
0,lung_discrete_asu,2,0,0,0,..\Results\results_fs_uniform_positive_medium_highdim\lung_discrete_asu\standard_ga,"[""lung_discrete_asu"", ""2"", ""0"", ""--data-dir"", ""../Dataset/prepared_feature_selection"", ""--output-dir"", ""..\\Results\\results_fs_uniform_positive_medium_highdim\\lung_discrete_asu\\standard_ga"", ""--outer-folds"", ""4"", ""--inner-folds"", ""4"", ""--repeats"", ""3"", ""--seed"", ""1"", ""--shuffle"", ""true"", ""--popsize"", ""100"", ""--p-cross"", ""0.4"", ""--tournament-size"", ""3"", ""--tau-reset"", ""50"", ""--resetpop-rate"", ""0.99"", ""--local-search"", ""false"", ""--stop"", ""gen"", ""--max-gen"", ""100"", ""--edge-epsilon"", ""1e-06"", ""--save-generation-trace"", ""true"", ""--save-linkage-events"", ""false"", ""--save-graph-snapshots"", ""false"", ""--graph-snapshot-interval"", ""1"", ""--graph-snapshot-min-weight"", ""0.0"", ""--lr-gap-gen"", ""1"", ""--lr-min-samples"", ""10"", ""--lr-sparse-alpha"", ""0.001"", ""--lr-auto-alpha"", ""true"", ""--lr-alpha-c"", ""0.2"", ""--lr-delta"", ""0.05"", ""--lr-auto-min-samples"", ""true"", ""--lr-min-samples-c"", ""2.0"", ""--lr-stability-subsamples"", ""0"", ""--lr-stability-fraction"", ""0.75"", ""--lr-edge-min-weight"", ""0.0"", ""--lr-encoding"", ""binary"", ""--lr-solver"", ""auto"", ""--lr-matrix-free-threshold"", ""700"", ""--lr-matrix-free-max-iter"", ""8"", ""--lr-matrix-free-tol"", ""0.0001"", ""--lr-matrix-free-step-scale"", ""0.5"", ""--lr-matrix-free-dtype"", ""float32"", ""--build-building-blocks"", ""false"", ""--bb-weight-mode"", ""positive"", ""--bb-search-mode"", ""none"", ""--bb-min-block-size"", ""2"", ""--bb-max-blocks"", ""20"", ""--bb-snapshot-interval"", ""1"", ""--bb-external-penalty"", ""0.25"", ""--bb-size-penalty"", ""0.01"", ""--bb-pattern-top-fraction"", ""0.2"", ""--bb-pattern-min-support"", ""2"", ""--bb-refine-fraction"", ""0.2"", ""--bb-accept-equal-sparser"", ""true"", ""--bb-shuffle-blocks"", ""true"", ""--bb-signed-repair-probability"", ""0.75"", ""--pre-lr-explore"", ""false"", ""--pre-lr-mutation-multiplier"", ""3.0"", ""--pre-lr-immigrant-rate"", ""0.1"", ""--artifact-layout"", ""nested"", ""--write-aggregate-outputs"", ""false"", ""--lr-expected-edges"", ""60"", ""--lr-refit-expected-edges"", ""30"", ""--bb-gawll-update-interval"", ""10"", ""--bb-max-refine-trials"", ""10"", ""--repeat-id"", ""0"", ""--outer-fold-id"", ""0""]"
1,lung_discrete_asu,2,0,0,1,..\Results\results_fs_uniform_positive_medium_highdim\lung_discrete_asu\standard_ga,"[""lung_discrete_asu"", ""2"", ""0"", ""--data-dir"", ""../Dataset/prepared_feature_selection"", ""--output-dir"", ""..\\Results\\results_fs_uniform_positive_medium_highdim\\lung_discrete_asu\\standard_ga"", ""--outer-folds"", ""4"", ""--inner-folds"", ""4"", ""--repeats"", ""3"", ""--seed"", ""1"", ""--shuffle"", ""true"", ""--popsize"", ""100"", ""--p-cross"", ""0.4"", ""--tournament-size"", ""3"", ""--tau-reset"", ""50"", ""--resetpop-rate"", ""0.99"", ""--local-search"", ""false"", ""--stop"", ""gen"", ""--max-gen"", ""100"", ""--edge-epsilon"", ""1e-06"", ""--save-generation-trace"", ""true"", ""--save-linkage-events"", ""false"", ""--save-graph-snapshots"", ""false"", ""--graph-snapshot-interval"", ""1"", ""--graph-snapshot-min-weight"", ""0.0"", ""--lr-gap-gen"", ""1"", ""--lr-min-samples"", ""10"", ""--lr-sparse-alpha"", ""0.001"", ""--lr-auto-alpha"", ""true"", ""--lr-alpha-c"", ""0.2"", ""--lr-delta"", ""0.05"", ""--lr-auto-min-samples"", ""true"", ""--lr-min-samples-c"", ""2.0"", ""--lr-stability-subsamples"", ""0"", ""--lr-stability-fraction"", ""0.75"", ""--lr-edge-min-weight"", ""0.0"", ""--lr-encoding"", ""binary"", ""--lr-solver"", ""auto"", ""--lr-matrix-free-threshold"", ""700"", ""--lr-matrix-free-max-iter"", ""8"", ""--lr-matrix-free-tol"", ""0.0001"", ""--lr-matrix-free-step-scale"", ""0.5"", ""--lr-matrix-free-dtype"", ""float32"", ""--build-building-blocks"", ""false"", ""--bb-weight-mode"", ""positive"", ""--bb-search-mode"", ""none"", ""--bb-min-block-size"", ""2"", ""--bb-max-blocks"", ""20"", ""--bb-snapshot-interval"", ""1"", ""--bb-external-penalty"", ""0.25"", ""--bb-size-penalty"", ""0.01"", ""--bb-pattern-top-fraction"", ""0.2"", ""--bb-pattern-min-support"", ""2"", ""--bb-refine-fraction"", ""0.2"", ""--bb-accept-equal-sparser"", ""true"", ""--bb-shuffle-blocks"", ""true"", ""--bb-signed-repair-probability"", ""0.75"", ""--pre-lr-explore"", ""false"", ""--pre-lr-mutation-multiplier"", ""3.0"", ""--pre-lr-immigrant-rate"", ""0.1"", ""--artifact-layout"", ""nested"", ""--write-aggregate-outputs"", ""false"", ""--lr-expected-edges"", ""60"", ""--lr-refit-expected-edges"", ""30"", ""--bb-gawll-update-interval"", ""10"", ""--bb-max-refine-trials"", ""10"", ""--repeat-id"", ""0"", ""--outer-fold-id"", ""1""]"
2,lung_discrete_asu,2,0,0,2,..\Results\results_fs_uniform_positive_medium_highdim\lung_discrete_asu\standard_ga,"[""lung_discrete_asu"", ""2"", ""0"", ""--data-dir"", ""../Dataset/prepared_feature_selection"", ""--output-dir"", ""..\\Results\\results_fs_uniform_positive_medium_highdim\\lung_discrete_asu\\standard_ga"", ""--outer-folds"", ""4"", ""--inner-folds"", ""4"", ""--repeats"", ""3"", ""--seed"", ""1"", ""--shuffle"", ""true"", ""--popsize"", ""100"", ""--p-cross"", ""0.4"", ""--tournament-size"", ""3"", ""--tau-reset"", ""50"", ""--resetpop-rate"", ""0.99"", ""--local-search"", ""false"", ""--stop"", ""gen"", ""--max-gen"", ""100"", ""--edge-epsilon"", ""1e-06"", ""--save-generation-trace"", ""true"", ""--save-linkage-events"", ""false"", ""--save-graph-snapshots"", ""false"", ""--graph-snapshot-interval"", ""1"", ""--graph-snapshot-min-weight"", ""0.0"", ""--lr-gap-gen"", ""1"", ""--lr-min-samples"", ""10"", ""--lr-sparse-alpha"", ""0.001"", ""--lr-auto-alpha"", ""true"", ""--lr-alpha-c"", ""0.2"", ""--lr-delta"", ""0.05"", ""--lr-auto-min-samples"", ""true"", ""--lr-min-samples-c"", ""2.0"", ""--lr-stability-subsamples"", ""0"", ""--lr-stability-fraction"", ""0.75"", ""--lr-edge-min-weight"", ""0.0"", ""--lr-encoding"", ""binary"", ""--lr-solver"", ""auto"", ""--lr-matrix-free-threshold"", ""700"", ""--lr-matrix-free-max-iter"", ""8"", ""--lr-matrix-free-tol"", ""0.0001"", ""--lr-matrix-free-step-scale"", ""0.5"", ""--lr-matrix-free-dtype"", ""float32"", ""--build-building-blocks"", ""false"", ""--bb-weight-mode"", ""positive"", ""--bb-search-mode"", ""none"", ""--bb-min-block-size"", ""2"", ""--bb-max-blocks"", ""20"", ""--bb-snapshot-interval"", ""1"", ""--bb-external-penalty"", ""0.25"", ""--bb-size-penalty"", ""0.01"", ""--bb-pattern-top-fraction"", ""0.2"", ""--bb-pattern-min-support"", ""2"", ""--bb-refine-fraction"", ""0.2"", ""--bb-accept-equal-sparser"", ""true"", ""--bb-shuffle-blocks"", ""true"", ""--bb-signed-repair-probability"", ""0.75"", ""--pre-lr-explore"", ""false"", ""--pre-lr-mutation-multiplier"", ""3.0"", ""--pre-lr-immigrant-rate"", ""0.1"", ""--artifact-layout"", ""nested"", ""--write-aggregate-outputs"", ""false"", ""--lr-expected-edges"", ""60"", ""--lr-refit-expected-edges"", ""30"", ""--bb-gawll-update-interval"", ""10"", ""--bb-max-refine-trials"", ""10"", ""--repeat-id"", ""0"", ""--outer-fold-id"", ""2""]"
3,lung_discrete_asu,2,0,0,3,..\Results\results_fs_uniform_positive_medium_highdim\lung_discrete_asu\standard_ga,"[""lung_discrete_asu"", ""2"", ""0"", ""--data-dir"", ""../Dataset/prepared_feature_selection"", ""--output-dir"", ""..\\Results\\results_fs_uniform_positive_medium_highdim\\lung_discrete_asu\\standard_ga"", ""--outer-folds"", ""4"", ""--inner-folds"", ""4"", ""--repeats"", ""3"", ""--seed"", ""1"", ""--shuffle"", ""true"", ""--popsize"", ""100"", ""--p-cross"", ""0.4"", ""--tournament-size"", ""3"", ""--tau-reset"", ""50"", ""--resetpop-rate"", ""0.99"", ""--local-search"", ""false"", ""--stop"", ""gen"", ""--max-gen"", ""100"", ""--edge-epsilon"", ""1e-06"", ""--save-generation-trace"", ""true"", ""--save-linkage-events"", ""false"", ""--save-graph-snapshots"", ""false"", ""--graph-snapshot-interval"", ""1"", ""--graph-snapshot-min-weight"", ""0.0"", ""--lr-gap-gen"", ""1"", ""--lr-min-samples"", ""10"", ""--lr-sparse-alpha"", ""0.001"", ""--lr-auto-alpha"", ""true"", ""--lr-alpha-c"", ""0.2"", ""--lr-delta"", ""0.05"", ""--lr-auto-min-samples"", ""true"", ""--lr-min-samples-c"", ""2.0"", ""--lr-stability-subsamples"", ""0"", ""--lr-stability-fraction"", ""0.75"", ""--lr-edge-min-weight"", ""0.0"", ""--lr-encoding"", ""binary"", ""--lr-solver"", ""auto"", ""--lr-matrix-free-threshold"", ""700"", ""--lr-matrix-free-max-iter"", ""8"", ""--lr-matrix-free-tol"", ""0.0001"", ""--lr-matrix-free-step-scale"", ""0.5"", ""--lr-matrix-free-dtype"", ""float32"", ""--build-building-blocks"", ""false"", ""--bb-weight-mode"", ""positive"", ""--bb-search-mode"", ""none"", ""--bb-min-block-size"", ""2"", ""--bb-max-blocks"", ""20"", ""--bb-snapshot-interval"", ""1"", ""--bb-external-penalty"", ""0.25"", ""--bb-size-penalty"", ""0.01"", ""--bb-pattern-top-fraction"", ""0.2"", ""--bb-pattern-min-support"", ""2"", ""--bb-refine-fraction"", ""0.2"", ""--bb-accept-equal-sparser"", ""true"", ""--bb-shuffle-blocks"", ""true"", ""--bb-signed-repair-probability"", ""0.75"", ""--pre-lr-explore"", ""false"", ""--pre-lr-mutation-multiplier"", ""3.0"", ""--pre-lr-immigrant-rate"", ""0.1"", ""--artifact-layout"", ""nested"", ""--write-aggregate-outputs"", ""false"", ""--lr-expected-edges"", ""60"", ""--lr-refit-expected-edges"", ""30"", ""--bb-gawll-update-interval"", ""10"", ""--bb-max-refine-trials"", ""10"", ""--repeat-id"", ""0"", ""--outer-fold-id"", ""3""]"
4,lung_discrete_asu,2,0,1,0,..\Results\results_fs_uniform_positive_medium_highdim\lung_discrete_asu\standard_ga,"[""lung_discrete_asu"", ""2"", ""0"", ""--data-dir"", ""../Dataset/prepared_feature_selection"", ""--output-dir"", ""..\\Results\\results_fs_uniform_positive_medium_highdim\\lung_discrete_asu\\standard_ga"", ""--outer-folds"", ""4"", ""--inner-folds"", ""4"", ""--repeats"", ""3"", ""--seed"", ""1"", ""--shuffle"", ""true"", ""--popsize"", ""100"", ""--p-cross"", ""0.4"", ""--tournament-size"", ""3"", ""--tau-reset"", ""50"", ""--resetpop-rate"", ""0.99"", ""--local-search"", ""false"", ""--stop"", ""gen"", ""--max-gen"", ""100"", ""--edge-epsilon"", ""1e-06"", ""--save-generation-trace"", ""true"", ""--save-linkage-events"", ""false"", ""--save-graph-snapshots"", ""false"", ""--graph-snapshot-interval"", ""1"", ""--graph-snapshot-min-weight"", ""0.0"", ""--lr-gap-gen"", ""1"", ""--lr-min-samples"", ""10"", ""--lr-sparse-alpha"", ""0.001"", ""--lr-auto-alpha"", ""true"", ""--lr-alpha-c"", ""0.2"", ""--lr-delta"", ""0.05"", ""--lr-auto-min-samples"", ""true"", ""--lr-min-samples-c"", ""2.0"", ""--lr-stability-subsamples"", ""0"", ""--lr-stability-fraction"", ""0.75"", ""--lr-edge-min-weight"", ""0.0"", ""--lr-encoding"", ""binary"", ""--lr-solver"", ""auto"", ""--lr-matrix-free-threshold"", ""700"", ""--lr-matrix-free-max-iter"", ""8"", ""--lr-matrix-free-tol"", ""0.0001"", ""--lr-matrix-free-step-scale"", ""0.5"", ""--lr-matrix-free-dtype"", ""float32"", ""--build-building-blocks"", ""false"", ""--bb-weight-mode"", ""positive"", ""--bb-search-mode"", ""none"", ""--bb-min-block-size"", ""2"", ""--bb-max-blocks"", ""20"", ""--bb-snapshot-interval"", ""1"", ""--bb-external-penalty"", ""0.25"", ""--bb-size-penalty"", ""0.01"", ""--bb-pattern-top-fraction"", ""0.2"", ""--bb-pattern-min-support"", ""2"", ""--bb-refine-fraction"", ""0.2"", ""--bb-accept-equal-sparser"", ""true"", ""--bb-shuffle-blocks"", ""true"", ""--bb-signed-repair-probability"", ""0.75"", ""--pre-lr-explore"", ""false"", ""--pre-lr-mutation-multiplier"", ""3.0"", ""--pre-lr-immigrant-rate"", ""0.1"", ""--artifact-layout"", ""nested"", ""--write-aggregate-outputs"", ""false"", ""--lr-expected-edges"", ""60"", ""--lr-refit-expected-edges"", ""30"", ""--bb-gawll-update-interval"", ""10"", ""--bb-max-refine-trials"", ""10"", ""--repeat-id"", ""1"", ""--outer-fold-id"", ""0""]"
5,lung_discrete_asu,2,0,1,1,..\Results\results_fs_uniform_positive_medium_highdim\lung_discrete_asu\standard_ga,"[""lung_discrete_asu"", ""2"", ""0"", ""--data-dir"", ""../Dataset/prepared_feature_selection"", ""--output-dir"", ""..\\Results\\results_fs_uniform_positive_medium_highdim\\lung_discrete_asu\\standard_ga"", ""--outer-folds"", ""4"", ""--inner-folds"", ""4"", ""--repeats"", ""3"", ""--seed"", ""1"", ""--shuffle"", ""true"", ""--popsize"", ""100"", ""--p-cross"", ""0.4"", ""--tournament-size"", ""3"", ""--tau-reset"", ""50"", ""--resetpop-rate"", ""0.99"", ""--local-search"", ""false"", ""--stop"", ""gen"", ""--max-gen"", ""100"", ""--edge-epsilon"", ""1e-06"", ""--save-generation-trace"", ""true"", ""--save-linkage-events"", ""false"", ""--save-graph-snapshots"", ""false"", ""--graph-snapshot-interval"", ""1"", ""--graph-snapshot-min-weight"", ""0.0"", ""--lr-gap-gen"", ""1"", ""--lr-min-samples"", ""10"", ""--lr-sparse-alpha"", ""0.001"", ""--lr-auto-alpha"", ""true"", ""--lr-alpha-c"", ""0.2"", ""--lr-delta"", ""0.05"", ""--lr-auto-min-samples"", ""true"", ""--lr-min-samples-c"", ""2.0"", ""--lr-stability-subsamples"", ""0"", ""--lr-stability-fraction"", ""0.75"", ""--lr-edge-min-weight"", ""0.0"", ""--lr-encoding"", ""binary"", ""--lr-solver"", ""auto"", ""--lr-matrix-free-threshold"", ""700"", ""--lr-matrix-free-max-iter"", ""8"", ""--lr-matrix-free-tol"", ""0.0001"", ""--lr-matrix-free-step-scale"", ""0.5"", ""--lr-matrix-free-dtype"", ""float32"", ""--build-building-blocks"", ""false"", ""--bb-weight-mode"", ""positive"", ""--bb-search-mode"", ""none"", ""--bb-min-block-size"", ""2"", ""--bb-max-blocks"", ""20"", ""--bb-snapshot-interval"", ""1"", ""--bb-external-penalty"", ""0.25"", ""--bb-size-penalty"", ""0.01"", ""--bb-pattern-top-fraction"", ""0.2"", ""--bb-pattern-min-support"", ""2"", ""--bb-refine-fraction"", ""0.2"", ""--bb-accept-equal-sparser"", ""true"", ""--bb-shuffle-blocks"", ""true"", ""--bb-signed-repair-probability"", ""0.75"", ""--pre-lr-explore"", ""false"", ""--pre-lr-mutation-multiplier"", ""3.0"", ""--pre-lr-immigrant-rate"", ""0.1"", ""--artifact-layout"", ""nested"", ""--write-aggregate-outputs"", ""false"", ""--lr-expected-edges"", ""60"", ""--lr-refit-expected-edges"", ""30"", ""--bb-gawll-update-interval"", ""10"", ""--bb-max-refine-trials"", ""10"", ""--repeat-id"", ""1"", ""--outer-fold-id"", ""1""]"
6,lung_discrete_asu,2,0,1,2,..\Results\results_fs_uniform_positive_medium_highdim\lung_discrete_asu\standard_ga,"[""lung_discrete_asu"", ""2"", ""0"", ""--data-dir"", ""../Dataset/prepared_feature_selection"", ""--output-dir"", ""..\\Results\\results_fs_uniform_positive_medium_highdim\\lung_discrete_asu\\standard_ga"", ""--outer-folds"", ""4"", ""--inner-folds"", ""4"", ""--repeats"", ""3"", ""--seed"", ""1"", ""--shuffle"", ""true"", ""--popsize"", ""100"", ""--p-cross"", ""0.4"", ""--tournament-size"", ""3"", ""--tau-reset"", ""50"", ""--resetpop-rate"", ""0.99"", ""--local-search"", ""false"", ""--stop"", ""gen"", ""--max-gen"", ""100"", ""--edge-epsilon"", ""1e-06"", ""--save-generation-trace"", ""true"", ""--save-linkage-events"", ""false"", ""--save-graph-snapshots"", ""false"", ""--graph-snapshot-interval"", ""1"", ""--graph-snapshot-min-weight"", ""0.0"", ""--lr-gap-gen"", ""1"", ""--lr-min-samples"", ""10"", ""--lr-sparse-alpha"", ""0.001"", ""--lr-auto-alpha"", ""true"", ""--lr-alpha-c"", ""0.2"", ""--lr-delta"", ""0.05"", ""--lr-auto-min-samples"", ""true"", ""--lr-min-samples-c"", ""2.0"", ""--lr-stability-subsamples"", ""0"", ""--lr-stability-fraction"", ""0.75"", ""--lr-edge-min-weight"", ""0.0"", ""--lr-encoding"", ""binary"", ""--lr-solver"", ""auto"", ""--lr-matrix-free-threshold"", ""700"", ""--lr-matrix-free-max-iter"", ""8"", ""--lr-matrix-free-tol"", ""0.0001"", ""--lr-matrix-free-step-scale"", ""0.5"", ""--lr-matrix-free-dtype"", ""float32"", ""--build-building-blocks"", ""false"", ""--bb-weight-mode"", ""positive"", ""--bb-search-mode"", ""none"", ""--bb-min-block-size"", ""2"", ""--bb-max-blocks"", ""20"", ""--bb-snapshot-interval"", ""1"", ""--bb-external-penalty"", ""0.25"", ""--bb-size-penalty"", ""0.01"", ""--bb-pattern-top-fraction"", ""0.2"", ""--bb-pattern-min-support"", ""2"", ""--bb-refine-fraction"", ""0.2"", ""--bb-accept-equal-sparser"", ""true"", ""--bb-shuffle-blocks"", ""true"", ""--bb-signed-repair-probability"", ""0.75"", ""--pre-lr-explore"", ""false"", ""--pre-lr-mutation-multiplier"", ""3.0"", ""--pre-lr-immigrant-rate"", ""0.1"", ""--artifact-layout"", ""nested"", ""--write-aggregate-outputs"", ""false"", ""--lr-expected-edges"", ""60"", ""--lr-refit-expected-edges"", ""30"", ""--bb-gawll-update-interval"", ""10"", ""--bb-max-refine-trials"", ""10"", ""--repeat-id"", ""1"", ""--outer-fold-id"", ""2""]"
7,lung_discrete_asu,2,0,1,3,..\Results\results_fs_uniform_positive_medium_highdim\lung_discrete_asu\standard_ga,"[""lung_discrete_asu"", ""2"", ""0"", ""--data-dir"", ""../Dataset/prepared_feature_selection"", ""--output-dir"", ""..\\Results\\results_fs_uniform_positive_medium_highdim\\lung_discrete_asu\\standard_ga"", ""--outer-folds"", ""4"", ""--inner-folds"", ""4"", ""--repeats"", ""3"", ""--seed"", ""1"", ""--shuffle"", ""true"", ""--popsize"", ""100"", ""--p-cross"", ""0.4"", ""--tournament-size"", ""3"", ""--tau-reset"", ""50"", ""--resetpop-rate"", ""0.99"", ""--local-search"", ""false"", ""--stop"", ""gen"", ""--max-gen"", ""100"", ""--edge-epsilon"", ""1e-06"", ""--save-generation-trace"", ""true"", ""--save-linkage-events"", ""false"", ""--save-graph-snapshots"", ""false"", ""--graph-snapshot-interval"", ""1"", ""--graph-snapshot-min-weight"", ""0.0"", ""--lr-gap-gen"", ""1"", ""--lr-min-samples"", ""10"", ""--lr-sparse-alpha"", ""0.001"", ""--lr-auto-alpha"", ""true"", ""--lr-alpha-c"", ""0.2"", ""--lr-delta"", ""0.05"", ""--lr-auto-min-samples"", ""true"", ""--lr-min-samples-c"", ""2.0"", ""--lr-stability-subsamples"", ""0"", ""--lr-stability-fraction"", ""0.75"", ""--lr-edge-min-weight"", ""0.0"", ""--lr-encoding"", ""binary"", ""--lr-solver"", ""auto"", ""--lr-matrix-free-threshold"", ""700"", ""--lr-matrix-free-max-iter"", ""8"", ""--lr-matrix-free-tol"", ""0.0001"", ""--lr-matrix-free-step-scale"", ""0.5"", ""--lr-matrix-free-dtype"", ""float32"", ""--build-building-blocks"", ""false"", ""--bb-weight-mode"", ""positive"", ""--bb-search-mode"", ""none"", ""--bb-min-block-size"", ""2"", ""--bb-max-blocks"", ""20"", ""--bb-snapshot-interval"", ""1"", ""--bb-external-penalty"", ""0.25"", ""--bb-size-penalty"", ""0.01"", ""--bb-pattern-top-fraction"", ""0.2"", ""--bb-pattern-min-support"", ""2"", ""--bb-refine-fraction"", ""0.2"", ""--bb-accept-equal-sparser"", ""true"", ""--bb-shuffle-blocks"", ""true"", ""--bb-signed-repair-probability"", ""0.75"", ""--pre-lr-explore"", ""false"", ""--pre-lr-mutation-multiplier"", ""3.0"", ""--pre-lr-immigrant-rate"", ""0.1"", ""--artifact-layout"", ""nested"", ""--write-aggregate-outputs"", ""false"", ""--lr-expected-edges"", ""60"", ""--lr-refit-expected-edges"", ""30"", ""--bb-gawll-update-interval"", ""10"", ""--bb-max-refine-trials"", ""10"", ""--repeat-id"", ""1"", ""--outer-fold-id"", ""3""]"
8,lung_discrete_asu,2,0,2,0,..\Results\results_fs_uniform_positive_medium_highdim\lung_discrete_asu\standard_ga,"[""lung_discrete_asu"", ""2"", ""0"", ""--data-dir"", ""../Dataset/prepared_feature_selection"", ""--output-dir"", ""..\\Results\\results_fs_uniform_positive_medium_highdim\\lung_discrete_asu\\standard_ga"", ""--outer-folds"", ""4"", ""--inner-folds"", ""4"", ""--repeats"", ""3"", ""--seed"", ""1"", ""--shuffle"", ""true"", ""--popsize"", ""100"", ""--p-cross"", ""0.4"", ""--tournament-size"", ""3"", ""--tau-reset"", ""50"", ""--resetpop-rate"", ""0.99"", ""--local-search"", ""false"", ""--stop"", ""gen"", ""--max-gen"", ""100"", ""--edge-epsilon"", ""1e-06"", ""--save-generation-trace"", ""true"", ""--save-linkage-events"", ""false"", ""--save-graph-snapshots"", ""false"", ""--graph-snapshot-interval"", ""1"", ""--graph-snapshot-min-weight"", ""0.0"", ""--lr-gap-gen"", ""1"", ""--lr-min-samples"", ""10"", ""--lr-sparse-alpha"", ""0.001"", ""--lr-auto-alpha"", ""true"", ""--lr-alpha-c"", ""0.2"", ""--lr-delta"", ""0.05"", ""--lr-auto-min-samples"", ""true"", ""--lr-min-samples-c"", ""2.0"", ""--lr-stability-subsamples"", ""0"", ""--lr-stability-fraction"", ""0.75"", ""--lr-edge-min-weight"", ""0.0"", ""--lr-encoding"", ""binary"", ""--lr-solver"", ""auto"", ""--lr-matrix-free-threshold"", ""700"", ""--lr-matrix-free-max-iter"", ""8"", ""--lr-matrix-free-tol"", ""0.0001"", ""--lr-matrix-free-step-scale"", ""0.5"", ""--lr-matrix-free-dtype"", ""float32"", ""--build-building-blocks"", ""false"", ""--bb-weight-mode"", ""positive"", ""--bb-search-mode"", ""none"", ""--bb-min-block-size"", ""2"", ""--bb-max-blocks"", ""20"", ""--bb-snapshot-interval"", ""1"", ""--bb-external-penalty"", ""0.25"", ""--bb-size-penalty"", ""0.01"", ""--bb-pattern-top-fraction"", ""0.2"", ""--bb-pattern-min-support"", ""2"", ""--bb-refine-fraction"", ""0.2"", ""--bb-accept-equal-sparser"", ""true"", ""--bb-shuffle-blocks"", ""true"", ""--bb-signed-repair-probability"", ""0.75"", ""--pre-lr-explore"", ""false"", ""--pre-lr-mutation-multiplier"", ""3.0"", ""--pre-lr-immigrant-rate"", ""0.1"", ""--artifact-layout"", ""nested"", ""--write-aggregate-outputs"", ""false"", ""--lr-expected-edges"", ""60"", ""--lr-refit-expected-edges"", ""30"", ""--bb-gawll-update-interval"", ""10"", ""--bb-max-refine-trials"", ""10"", ""--repeat-id"", ""2"", ""--outer-fold-id"", ""0""]"
9,lung_discrete_asu,2,0,2,1,..\Results\results_fs_uniform_positive_medium_highdim\lung_discrete_asu\standard_ga,"[""lung_discrete_asu"", ""2"", ""0"", ""--data-dir"", ""../Dataset/prepared_feature_selection"", ""--output-dir"", ""..\\Results\\results_fs_uniform_positive_medium_highdim\\lung_discrete_asu\\standard_ga"", ""--outer-folds"", ""4"", ""--inner-folds"", ""4"", ""--repeats"", ""3"", ""--seed"", ""1"", ""--shuffle"", ""true"", ""--popsize"", ""100"", ""--p-cross"", ""0.4"", ""--tournament-size"", ""3"", ""--tau-reset"", ""50"", ""--resetpop-rate"", ""0.99"", ""--local-search"", ""false"", ""--stop"", ""gen"", ""--max-gen"", ""100"", ""--edge-epsilon"", ""1e-06"", ""--save-generation-trace"", ""true"", ""--save-linkage-events"", ""false"", ""--save-graph-snapshots"", ""false"", ""--graph-snapshot-interval"", ""1"", ""--graph-snapshot-min-weight"", ""0.0"", ""--lr-gap-gen"", ""1"", ""--lr-min-samples"", ""10"", ""--lr-sparse-alpha"", ""0.001"", ""--lr-auto-alpha"", ""true"", ""--lr-alpha-c"", ""0.2"", ""--lr-delta"", ""0.05"", ""--lr-auto-min-samples"", ""true"", ""--lr-min-samples-c"", ""2.0"", ""--lr-stability-subsamples"", ""0"", ""--lr-stability-fraction"", ""0.75"", ""--lr-edge-min-weight"", ""0.0"", ""--lr-encoding"", ""binary"", ""--lr-solver"", ""auto"", ""--lr-matrix-free-threshold"", ""700"", ""--lr-matrix-free-max-iter"", ""8"", ""--lr-matrix-free-tol"", ""0.0001"", ""--lr-matrix-free-step-scale"", ""0.5"", ""--lr-matrix-free-dtype"", ""float32"", ""--build-building-blocks"", ""false"", ""--bb-weight-mode"", ""positive"", ""--bb-search-mode"", ""none"", ""--bb-min-block-size"", ""2"", ""--bb-max-blocks"", ""20"", ""--bb-snapshot-interval"", ""1"", ""--bb-external-penalty"", ""0.25"", ""--bb-size-penalty"", ""0.01"", ""--bb-pattern-top-fraction"", ""0.2"", ""--bb-pattern-min-support"", ""2"", ""--bb-refine-fraction"", ""0.2"", ""--bb-accept-equal-sparser"", ""true"", ""--bb-shuffle-blocks"", ""true"", ""--bb-signed-repair-probability"", ""0.75"", ""--pre-lr-explore"", ""false"", ""--pre-lr-mutation-multiplier"", ""3.0"", ""--pre-lr-immigrant-rate"", ""0.1"", ""--artifact-layout"", ""nested"", ""--write-aggregate-outputs"", ""false"", ""--lr-expected-edges"", ""60"", ""--lr-refit-expected-edges"", ""30"", ""--bb-gawll-update-interval"", ""10"", ""--bb-max-refine-trials"", ""10"", ""--repeat-id"", ""2"", ""--outer-fold-id"", ""1""]"
10,lung_discrete_asu,2,0,2,2,..\Results\results_fs_uniform_positive_medium_highdim\lung_discrete_asu\standard_ga,"[""lung_discrete_asu"", ""2"", ""0"", ""--data-dir"", ""../Dataset/prepared_feature_selection"", ""--output-dir"", ""..\\Results\\results_fs_uniform_positive_medium_highdim\\lung_discrete_asu\\standard_ga"", ""--outer-folds"", ""4"", ""--inner-folds"", ""4"", ""--repeats"", ""3"", ""--seed"", ""1"", ""--shuffle"", ""true"", ""--popsize"", ""100"", ""--p-cross"", ""0.4"", ""--tournament-size"", ""3"", ""--tau-reset"", ""50"", ""--resetpop-rate"", ""0.99"", ""--local-search"", ""false"", ""--stop"", ""gen"", ""--max-gen"", ""100"", ""--edge-epsilon"", ""1e-06"", ""--save-generation-trace"", ""true"", ""--save-linkage-events"", ""false"", ""--save-graph-snapshots"", ""false"", ""--graph-snapshot-interval"", ""1"", ""--graph-snapshot-min-weight"", ""0.0"", ""--lr-gap-gen"", ""1"", ""--lr-min-samples"", ""10"", ""--lr-sparse-alpha"", ""0.001"", ""--lr-auto-alpha"", ""true"", ""--lr-alpha-c"", ""0.2"", ""--lr-delta"", ""0.05"", ""--lr-auto-min-samples"", ""true"", ""--lr-min-samples-c"", ""2.0"", ""--lr-stability-subsamples"", ""0"", ""--lr-stability-fraction"", ""0.75"", ""--lr-edge-min-weight"", ""0.0"", ""--lr-encoding"", ""binary"", ""--lr-solver"", ""auto"", ""--lr-matrix-free-threshold"", ""700"", ""--lr-matrix-free-max-iter"", ""8"", ""--lr-matrix-free-tol"", ""0.0001"", ""--lr-matrix-free-step-scale"", ""0.5"", ""--lr-matrix-free-dtype"", ""float32"", ""--build-building-blocks"", ""false"", ""--bb-weight-mode"", ""positive"", ""--bb-search-mode"", ""none"", ""--bb-min-block-size"", ""2"", ""--bb-max-blocks"", ""20"", ""--bb-snapshot-interval"", ""1"", ""--bb-external-penalty"", ""0.25"", ""--bb-size-penalty"", ""0.01"", ""--bb-pattern-top-fraction"", ""0.2"", ""--bb-pattern-min-support"", ""2"", ""--bb-refine-fraction"", ""0.2"", ""--bb-accept-equal-sparser"", ""true"", ""--bb-shuffle-blocks"", ""true"", ""--bb-signed-repair-probability"", ""0.75"", ""--pre-lr-explore"", ""false"", ""--pre-lr-mutation-multiplier"", ""3.0"", ""--pre-lr-immigrant-rate"", ""0.1"", ""--artifact-layout"", ""nested"", ""--write-aggregate-outputs"", ""false"", ""--lr-expected-edges"", ""60"", ""--lr-refit-expected-edges"", ""30"", ""--bb-gawll-update-interval"", ""10"", ""--bb-max-refine-trials"", ""10"", ""--repeat-id"", ""2"", ""--outer-fold-id"", ""2""]"
11,lung_discrete_asu,2,0,2,3,..\Results\results_fs_uniform_positive_medium_highdim\lung_discrete_asu\standard_ga,"[""lung_discrete_asu"", ""2"", ""0"", ""--data-dir"", ""../Dataset/prepared_feature_selection"", ""--output-dir"", ""..\\Results\\results_fs_uniform_positive_medium_highdim\\lung_discrete_asu\\standard_ga"", ""--outer-folds"", ""4"", ""--inner-folds"", ""4"", ""--repeats"", ""3"", ""--seed"", ""1"", ""--shuffle"", ""true"", ""--popsize"", ""100"", ""--p-cross"", ""0.4"", ""--tournament-size"", ""3"", ""--tau-reset"", ""50"", ""--resetpop-rate"", ""0.99"", ""--local-search"", ""false"", ""--stop"", ""gen"", ""--max-gen"", ""100"", ""--edge-epsilon"", ""1e-06"", ""--save-generation-trace"", ""true"", ""--save-linkage-events"", ""false"", ""--save-graph-snapshots"", ""false"", ""--graph-snapshot-interval"", ""1"", ""--graph-snapshot-min-weight"", ""0.0"", ""--lr-gap-gen"", ""1"", ""--lr-min-samples"", ""10"", ""--lr-sparse-alpha"", ""0.001"", ""--lr-auto-alpha"", ""true"", ""--lr-alpha-c"", ""0.2"", ""--lr-delta"", ""0.05"", ""--lr-auto-min-samples"", ""true"", ""--lr-min-samples-c"", ""2.0"", ""--lr-stability-subsamples"", ""0"", ""--lr-stability-fraction"", ""0.75"", ""--lr-edge-min-weight"", ""0.0"", ""--lr-encoding"", ""binary"", ""--lr-solver"", ""auto"", ""--lr-matrix-free-threshold"", ""700"", ""--lr-matrix-free-max-iter"", ""8"", ""--lr-matrix-free-tol"", ""0.0001"", ""--lr-matrix-free-step-scale"", ""0.5"", ""--lr-matrix-free-dtype"", ""float32"", ""--build-building-blocks"", ""false"", ""--bb-weight-mode"", ""positive"", ""--bb-search-mode"", ""none"", ""--bb-min-block-size"", ""2"", ""--bb-max-blocks"", ""20"", ""--bb-snapshot-interval"", ""1"", ""--bb-external-penalty"", ""0.25"", ""--bb-size-penalty"", ""0.01"", ""--bb-pattern-top-fraction"", ""0.2"", ""--bb-pattern-min-support"", ""2"", ""--bb-refine-fraction"", ""0.2"", ""--bb-accept-equal-sparser"", ""true"", ""--bb-shuffle-blocks"", ""true"", ""--bb-signed-repair-probability"", ""0.75"", ""--pre-lr-explore"", ""false"", ""--pre-lr-mutation-multiplier"", ""3.0"", ""--pre-lr-immigrant-rate"", ""0.1"", ""--artifact-layout"", ""nested"", ""--write-aggregate-outputs"", ""false"", ""--lr-expected-edges"", ""60"", ""--lr-refit-expected-edges"", ""30"", ""--bb-gawll-update-interval"", ""10"", ""--bb-max-refine-trials"", ""10"", ""--repeat-id"", ""2"", ""--outer-fold-id"", ""3""]"
12,Isolet_asu,2,0,0,0,..\Results\results_fs_uniform_positive_medium_highdim\Isolet_asu\standard_ga,"[""Isolet_asu"", ""2"", ""0"", ""--data-dir"", ""../Dataset/prepared_feature_selection"", ""--output-dir"", ""..\\Results\\results_fs_uniform_positive_medium_highdim\\Isolet_asu\\standard_ga"", ""--outer-folds"", ""4"", ""--inner-folds"", ""4"", ""--repeats"", ""3"", ""--seed"", ""1"", ""--shuffle"", ""true"", ""--popsize"", ""100"", ""--p-cross"", ""0.4"", ""--tournament-size"", ""3"", ""--tau-reset"", ""50"", ""--resetpop-rate"", ""0.99"", ""--local-search"", ""false"", ""--stop"", ""gen"", ""--max-gen"", ""100"", ""--edge-epsilon"", ""1e-06"", ""--save-generation-trace"", ""true"", ""--save-linkage-events"", ""false"", ""--save-graph-snapshots"", ""false"", ""--graph-snapshot-interval"", ""1"", ""--graph-snapshot-min-weight"", ""0.0"", ""--lr-gap-gen"", ""1"", ""--lr-min-samples"", ""10"", ""--lr-sparse-alpha"", ""0.001"", ""--lr-auto-alpha"", ""true"", ""--lr-alpha-c"", ""0.2"", ""--lr-delta"", ""0.05"", ""--lr-auto-min-samples"", ""true"", ""--lr-min-samples-c"", ""2.0"", ""--lr-stability-subsamples"", ""0"", ""--lr-stability-fraction"", ""0.75"", ""--lr-edge-min-weight"", ""0.0"", ""--lr-encoding"", ""binary"", ""--lr-solver"", ""auto"", ""--lr-matrix-free-threshold"", ""700"", ""--lr-matrix-free-max-iter"", ""8"", ""--lr-matrix-free-tol"", ""0.0001"", ""--lr-matrix-free-step-scale"", ""0.5"", ""--lr-matrix-free-dtype"", ""float32"", ""--build-building-blocks"", ""false"", ""--bb-weight-mode"", ""positive"", ""--bb-search-mode"", ""none"", ""--bb-min-block-size"", ""2"", ""--bb-max-blocks"", ""20"", ""--bb-snapshot-interval"", ""1"", ""--bb-external-penalty"", ""0.25"", ""--bb-size-penalty"", ""0.01"", ""--bb-pattern-top-fraction"", ""0.2"", ""--bb-pattern-min-support"", ""2"", ""--bb-refine-fraction"", ""0.2"", ""--bb-accept-equal-sparser"", ""true"", ""--bb-shuffle-blocks"", ""true"", ""--bb-signed-repair-probability"", ""0.75"", ""--pre-lr-explore"", ""false"", ""--pre-lr-mutation-multiplier"", ""3.0"", ""--pre-lr-immigrant-rate"", ""0.1"", ""--artifact-layout"", ""nested"", ""--write-aggregate-outputs"", ""false"", ""--lr-expected-edges"", ""60"", ""--lr-refit-expected-edges"", ""30"", ""--bb-gawll-update-interval"", ""10"", ""--bb-max-refine-trials"", ""10"", ""--repeat-id"", ""0"", ""--outer-fold-id"", ""0""]"
13,Isolet_asu,2,0,0,1,..\Results\results_fs_uniform_positive_medium_highdim\Isolet_asu\standard_ga,"[""Isolet_asu"", ""2"", ""0"", ""--data-dir"", ""../Dataset/prepared_feature_selection"", ""--output-dir"", ""..\\Results\\results_fs_uniform_positive_medium_highdim\\Isolet_asu\\standard_ga"", ""--outer-folds"", ""4"", ""--inner-folds"", ""4"", ""--repeats"", ""3"", ""--seed"", ""1"", ""--shuffle"", ""true"", ""--popsize"", ""100"", ""--p-cross"", ""0.4"", ""--tournament-size"", ""3"", ""--tau-reset"", ""50"", ""--resetpop-rate"", ""0.99"", ""--local-search"", ""false"", ""--stop"", ""gen"", ""--max-gen"", ""100"", ""--edge-epsilon"", ""1e-06"", ""--save-generation-trace"", ""true"", ""--save-linkage-events"", ""false"", ""--save-graph-snapshots"", ""false"", ""--graph-snapshot-interval"", ""1"", ""--graph-snapshot-min-weight"", ""0.0"", ""--lr-gap-gen"", ""1"", ""--lr-min-samples"", ""10"", ""--lr-sparse-alpha"", ""0.001"", ""--lr-auto-alpha"", ""true"", ""--lr-alpha-c"", ""0.2"", ""--lr-delta"", ""0.05"", ""--lr-auto-min-samples"", ""true"", ""--lr-min-samples-c"", ""2.0"", ""--lr-stability-subsamples"", ""0"", ""--lr-stability-fraction"", ""0.75"", ""--lr-edge-min-weight"", ""0.0"", ""--lr-encoding"", ""binary"", ""--lr-solver"", ""auto"", ""--lr-matrix-free-threshold"", ""700"", ""--lr-matrix-free-max-iter"", ""8"", ""--lr-matrix-free-tol"", ""0.0001"", ""--lr-matrix-free-step-scale"", ""0.5"", ""--lr-matrix-free-dtype"", ""float32"", ""--build-building-blocks"", ""false"", ""--bb-weight-mode"", ""positive"", ""--bb-search-mode"", ""none"", ""--bb-min-block-size"", ""2"", ""--bb-max-blocks"", ""20"", ""--bb-snapshot-interval"", ""1"", ""--bb-external-penalty"", ""0.25"", ""--bb-size-penalty"", ""0.01"", ""--bb-pattern-top-fraction"", ""0.2"", ""--bb-pattern-min-support"", ""2"", ""--bb-refine-fraction"", ""0.2"", ""--bb-accept-equal-sparser"", ""true"", ""--bb-shuffle-blocks"", ""true"", ""--bb-signed-repair-probability"", ""0.75"", ""--pre-lr-explore"", ""false"", ""--pre-lr-mutation-multiplier"", ""3.0"", ""--pre-lr-immigrant-rate"", ""0.1"", ""--artifact-layout"", ""nested"", ""--write-aggregate-outputs"", ""false"", ""--lr-expected-edges"", ""60"", ""--lr-refit-expected-edges"", ""30"", ""--bb-gawll-update-interval"", ""10"", ""--bb-max-refine-trials"", ""10"", ""--repeat-id"", ""0"", ""--outer-fold-id"", ""1""]"
14,Isolet_asu,2,0,0,2,..\Results\results_fs_uniform_positive_medium_highdim\Isolet_asu\standard_ga,"[""Isolet_asu"", ""2"", ""0"", ""--data-dir"", ""../Dataset/prepared_feature_selection"", ""--output-dir"", ""..\\Results\\results_fs_uniform_positive_medium_highdim\\Isolet_asu\\standard_ga"", ""--outer-folds"", ""4"", ""--inner-folds"", ""4"", ""--repeats"", ""3"", ""--seed"", ""1"", ""--shuffle"", ""true"", ""--popsize"", ""100"", ""--p-cross"", ""0.4"", ""--tournament-size"", ""3"", ""--tau-reset"", ""50"", ""--resetpop-rate"", ""0.99"", ""--local-search"", ""false"", ""--stop"", ""gen"", ""--max-gen"", ""100"", ""--edge-epsilon"", ""1e-06"", ""--save-generation-trace"", ""true"", ""--save-linkage-events"", ""false"", ""--save-graph-snapshots"", ""false"", ""--graph-snapshot-interval"", ""1"", ""--graph-snapshot-min-weight"", ""0.0"", ""--lr-gap-gen"", ""1"", ""--lr-min-samples"", ""10"", ""--lr-sparse-alpha"", ""0.001"", ""--lr-auto-alpha"", ""true"", ""--lr-alpha-c"", ""0.2"", ""--lr-delta"", ""0.05"", ""--lr-auto-min-samples"", ""true"", ""--lr-min-samples-c"", ""2.0"", ""--lr-stability-subsamples"", ""0"", ""--lr-stability-fraction"", ""0.75"", ""--lr-edge-min-weight"", ""0.0"", ""--lr-encoding"", ""binary"", ""--lr-solver"", ""auto"", ""--lr-matrix-free-threshold"", ""700"", ""--lr-matrix-free-max-iter"", ""8"", ""--lr-matrix-free-tol"", ""0.0001"", ""--lr-matrix-free-step-scale"", ""0.5"", ""--lr-matrix-free-dtype"", ""float32"", ""--build-building-blocks"", ""false"", ""--bb-weight-mode"", ""positive"", ""--bb-search-mode"", ""none"", ""--bb-min-block-size"", ""2"", ""--bb-max-blocks"", ""20"", ""--bb-snapshot-interval"", ""1"", ""--bb-external-penalty"", ""0.25"", ""--bb-size-penalty"", ""0.01"", ""--bb-pattern-top-fraction"", ""0.2"", ""--bb-pattern-min-support"", ""2"", ""--bb-refine-fraction"", ""0.2"", ""--bb-accept-equal-sparser"", ""true"", ""--bb-shuffle-blocks"", ""true"", ""--bb-signed-repair-probability"", ""0.75"", ""--pre-lr-explore"", ""false"", ""--pre-lr-mutation-multiplier"", ""3.0"", ""--pre-lr-immigrant-rate"", ""0.1"", ""--artifact-layout"", ""nested"", ""--write-aggregate-outputs"", ""false"", ""--lr-expected-edges"", ""60"", ""--lr-refit-expected-edges"", ""30"", ""--bb-gawll-update-interval"", ""10"", ""--bb-max-refine-trials"", ""10"", ""--repeat-id"", ""0"", ""--outer-fold-id"", ""2""]"
15,Isolet_asu,2,0,0,3,..\Results\results_fs_uniform_positive_medium_highdim\Isolet_asu\standard_ga,"[""Isolet_asu"", ""2"", ""0"", ""--data-dir"", ""../Dataset/prepared_feature_selection"", ""--output-dir"", ""..\\Results\\results_fs_uniform_positive_medium_highdim\\Isolet_asu\\standard_ga"", ""--outer-folds"", ""4"", ""--inner-folds"", ""4"", ""--repeats"", ""3"", ""--seed"", ""1"", ""--shuffle"", ""true"", ""--popsize"", ""100"", ""--p-cross"", ""0.4"", ""--tournament-size"", ""3"", ""--tau-reset"", ""50"", ""--resetpop-rate"", ""0.99"", ""--local-search"", ""false"", ""--stop"", ""gen"", ""--max-gen"", ""100"", ""--edge-epsilon"", ""1e-06"", ""--save-generation-trace"", ""true"", ""--save-linkage-events"", ""false"", ""--save-graph-snapshots"", ""false"", ""--graph-snapshot-interval"", ""1"", ""--graph-snapshot-min-weight"", ""0.0"", ""--lr-gap-gen"", ""1"", ""--lr-min-samples"", ""10"", ""--lr-sparse-alpha"", ""0.001"", ""--lr-auto-alpha"", ""true"", ""--lr-alpha-c"", ""0.2"", ""--lr-delta"", ""0.05"", ""--lr-auto-min-samples"", ""true"", ""--lr-min-samples-c"", ""2.0"", ""--lr-stability-subsamples"", ""0"", ""--lr-stability-fraction"", ""0.75"", ""--lr-edge-min-weight"", ""0.0"", ""--lr-encoding"", ""binary"", ""--lr-solver"", ""auto"", ""--lr-matrix-free-threshold"", ""700"", ""--lr-matrix-free-max-iter"", ""8"", ""--lr-matrix-free-tol"", ""0.0001"", ""--lr-matrix-free-step-scale"", ""0.5"", ""--lr-matrix-free-dtype"", ""float32"", ""--build-building-blocks"", ""false"", ""--bb-weight-mode"", ""positive"", ""--bb-search-mode"", ""none"", ""--bb-min-block-size"", ""2"", ""--bb-max-blocks"", ""20"", ""--bb-snapshot-interval"", ""1"", ""--bb-external-penalty"", ""0.25"", ""--bb-size-penalty"", ""0.01"", ""--bb-pattern-top-fraction"", ""0.2"", ""--bb-pattern-min-support"", ""2"", ""--bb-refine-fraction"", ""0.2"", ""--bb-accept-equal-sparser"", ""true"", ""--bb-shuffle-blocks"", ""true"", ""--bb-signed-repair-probability"", ""0.75"", ""--pre-lr-explore"", ""false"", ""--pre-lr-mutation-multiplier"", ""3.0"", ""--pre-lr-immigrant-rate"", ""0.1"", ""--artifact-layout"", ""nested"", ""--write-aggregate-outputs"", ""false"", ""--lr-expected-edges"", ""60"", ""--lr-refit-expected-edges"", ""30"", ""--bb-gawll-update-interval"", ""10"", ""--bb-max-refine-trials"", ""10"", ""--repeat-id"", ""0"", ""--outer-fold-id"", ""3""]"
16,Isolet_asu,2,0,1,0,..\Results\results_fs_uniform_positive_medium_highdim\Isolet_asu\standard_ga,"[""Isolet_asu"", ""2"", ""0"", ""--data-dir"", ""../Dataset/prepared_feature_selection"", ""--output-dir"", ""..\\Results\\results_fs_uniform_positive_medium_highdim\\Isolet_asu\\standard_ga"", ""--outer-folds"", ""4"", ""--inner-folds"", ""4"", ""--repeats"", ""3"", ""--seed"", ""1"", ""--shuffle"", ""true"", ""--popsize"", ""100"", ""--p-cross"", ""0.4"", ""--tournament-size"", ""3"", ""--tau-reset"", ""50"", ""--resetpop-rate"", ""0.99"", ""--local-search"", ""false"", ""--stop"", ""gen"", ""--max-gen"", ""100"", ""--edge-epsilon"", ""1e-06"", ""--save-generation-trace"", ""true"", ""--save-linkage-events"", ""false"", ""--save-graph-snapshots"", ""false"", ""--graph-snapshot-interval"", ""1"", ""--graph-snapshot-min-weight"", ""0.0"", ""--lr-gap-gen"", ""1"", ""--lr-min-samples"", ""10"", ""--lr-sparse-alpha"", ""0.001"", ""--lr-auto-alpha"", ""true"", ""--lr-alpha-c"", ""0.2"", ""--lr-delta"", ""0.05"", ""--lr-auto-min-samples"", ""true"", ""--lr-min-samples-c"", ""2.0"", ""--lr-stability-subsamples"", ""0"", ""--lr-stability-fraction"", ""0.75"", ""--lr-edge-min-weight"", ""0.0"", ""--lr-encoding"", ""binary"", ""--lr-solver"", ""auto"", ""--lr-matrix-free-threshold"", ""700"", ""--lr-matrix-free-max-iter"", ""8"", ""--lr-matrix-free-tol"", ""0.0001"", ""--lr-matrix-free-step-scale"", ""0.5"", ""--lr-matrix-free-dtype"", ""float32"", ""--build-building-blocks"", ""false"", ""--bb-weight-mode"", ""positive"", ""--bb-search-mode"", ""none"", ""--bb-min-block-size"", ""2"", ""--bb-max-blocks"", ""20"", ""--bb-snapshot-interval"", ""1"", ""--bb-external-penalty"", ""0.25"", ""--bb-size-penalty"", ""0.01"", ""--bb-pattern-top-fraction"", ""0.2"", ""--bb-pattern-min-support"", ""2"", ""--bb-refine-fraction"", ""0.2"", ""--bb-accept-equal-sparser"", ""true"", ""--bb-shuffle-blocks"", ""true"", ""--bb-signed-repair-probability"", ""0.75"", ""--pre-lr-explore"", ""false"", ""--pre-lr-mutation-multiplier"", ""3.0"", ""--pre-lr-immigrant-rate"", ""0.1"", ""--artifact-layout"", ""nested"", ""--write-aggregate-outputs"", ""false"", ""--lr-expected-edges"", ""60"", ""--lr-refit-expected-edges"", ""30"", ""--bb-gawll-update-interval"", ""10"", ""--bb-max-refine-trials"", ""10"", ""--repeat-id"", ""1"", ""--outer-fold-id"", ""0""]"
17,Isolet_asu,2,0,1,1,..\Results\results_fs_uniform_positive_medium_highdim\Isolet_asu\standard_ga,"[""Isolet_asu"", ""2"", ""0"", ""--data-dir"", ""../Dataset/prepared_feature_selection"", ""--output-dir"", ""..\\Results\\results_fs_uniform_positive_medium_highdim\\Isolet_asu\\standard_ga"", ""--outer-folds"", ""4"", ""--inner-folds"", ""4"", ""--repeats"", ""3"", ""--seed"", ""1"", ""--shuffle"", ""true"", ""--popsize"", ""100"", ""--p-cross"", ""0.4"", ""--tournament-size"", ""3"", ""--tau-reset"", ""50"", ""--resetpop-rate"", ""0.99"", ""--local-search"", ""false"", ""--stop"", ""gen"", ""--max-gen"", ""100"", ""--edge-epsilon"", ""1e-06"", ""--save-generation-trace"", ""true"", ""--save-linkage-events"", ""false"", ""--save-graph-snapshots"", ""false"", ""--graph-snapshot-interval"", ""1"", ""--graph-snapshot-min-weight"", ""0.0"", ""--lr-gap-gen"", ""1"", ""--lr-min-samples"", ""10"", ""--lr-sparse-alpha"", ""0.001"", ""--lr-auto-alpha"", ""true"", ""--lr-alpha-c"", ""0.2"", ""--lr-delta"", ""0.05"", ""--lr-auto-min-samples"", ""true"", ""--lr-min-samples-c"", ""2.0"", ""--lr-stability-subsamples"", ""0"", ""--lr-stability-fraction"", ""0.75"", ""--lr-edge-min-weight"", ""0.0"", ""--lr-encoding"", ""binary"", ""--lr-solver"", ""auto"", ""--lr-matrix-free-threshold"", ""700"", ""--lr-matrix-free-max-iter"", ""8"", ""--lr-matrix-free-tol"", ""0.0001"", ""--lr-matrix-free-step-scale"", ""0.5"", ""--lr-matrix-free-dtype"", ""float32"", ""--build-building-blocks"", ""false"", ""--bb-weight-mode"", ""positive"", ""--bb-search-mode"", ""none"", ""--bb-min-block-size"", ""2"", ""--bb-max-blocks"", ""20"", ""--bb-snapshot-interval"", ""1"", ""--bb-external-penalty"", ""0.25"", ""--bb-size-penalty"", ""0.01"", ""--bb-pattern-top-fraction"", ""0.2"", ""--bb-pattern-min-support"", ""2"", ""--bb-refine-fraction"", ""0.2"", ""--bb-accept-equal-sparser"", ""true"", ""--bb-shuffle-blocks"", ""true"", ""--bb-signed-repair-probability"", ""0.75"", ""--pre-lr-explore"", ""false"", ""--pre-lr-mutation-multiplier"", ""3.0"", ""--pre-lr-immigrant-rate"", ""0.1"", ""--artifact-layout"", ""nested"", ""--write-aggregate-outputs"", ""false"", ""--lr-expected-edges"", ""60"", ""--lr-refit-expected-edges"", ""30"", ""--bb-gawll-update-interval"", ""10"", ""--bb-max-refine-trials"", ""10"", ""--repeat-id"", ""1"", ""--outer-fold-id"", ""1""]"
18,Isolet_asu,2,0,1,2,..\Results\results_fs_uniform_positive_medium_highdim\Isolet_asu\standard_ga,"[""Isolet_asu"", ""2"", ""0"", ""--data-dir"", ""../Dataset/prepared_feature_selection"", ""--output-dir"", ""..\\Results\\results_fs_uniform_positive_medium_highdim\\Isolet_asu\\standard_ga"", ""--outer-folds"", ""4"", ""--inner-folds"", ""4"", ""--repeats"", ""3"", ""--seed"", ""1"", ""--shuffle"", ""true"", ""--popsize"", ""100"", ""--p-cross"", ""0.4"", ""--tournament-size"", ""3"", ""--tau-reset"", ""50"", ""--resetpop-rate"", ""0.99"", ""--local-search"", ""false"", ""--stop"", ""gen"", ""--max-gen"", ""100"", ""--edge-epsilon"", ""1e-06"", ""--save-generation-trace"", ""true"", ""--save-linkage-events"", ""false"", ""--save-graph-snapshots"", ""false"", ""--graph-snapshot-interval"", ""1"", ""--graph-snapshot-min-weight"", ""0.0"", ""--lr-gap-gen"", ""1"", ""--lr-min-samples"", ""10"", ""--lr-sparse-alpha"", ""0.001"", ""--lr-auto-alpha"", ""true"", ""--lr-alpha-c"", ""0.2"", ""--lr-delta"", ""0.05"", ""--lr-auto-min-samples"", ""true"", ""--lr-min-samples-c"", ""2.0"", ""--lr-stability-subsamples"", ""0"", ""--lr-stability-fraction"", ""0.75"", ""--lr-edge-min-weight"", ""0.0"", ""--lr-encoding"", ""binary"", ""--lr-solver"", ""auto"", ""--lr-matrix-free-threshold"", ""700"", ""--lr-matrix-free-max-iter"", ""8"", ""--lr-matrix-free-tol"", ""0.0001"", ""--lr-matrix-free-step-scale"", ""0.5"", ""--lr-matrix-free-dtype"", ""float32"", ""--build-building-blocks"", ""false"", ""--bb-weight-mode"", ""positive"", ""--bb-search-mode"", ""none"", ""--bb-min-block-size"", ""2"", ""--bb-max-blocks"", ""20"", ""--bb-snapshot-interval"", ""1"", ""--bb-external-penalty"", ""0.25"", ""--bb-size-penalty"", ""0.01"", ""--bb-pattern-top-fraction"", ""0.2"", ""--bb-pattern-min-support"", ""2"", ""--bb-refine-fraction"", ""0.2"", ""--bb-accept-equal-sparser"", ""true"", ""--bb-shuffle-blocks"", ""true"", ""--bb-signed-repair-probability"", ""0.75"", ""--pre-lr-explore"", ""false"", ""--pre-lr-mutation-multiplier"", ""3.0"", ""--pre-lr-immigrant-rate"", ""0.1"", ""--artifact-layout"", ""nested"", ""--write-aggregate-outputs"", ""false"", ""--lr-expected-edges"", ""60"", ""--lr-refit-expected-edges"", ""30"", ""--bb-gawll-update-interval"", ""10"", ""--bb-max-refine-trials"", ""10"", ""--repeat-id"", ""1"", ""--outer-fold-id"", ""2""]"
19,Isolet_asu,2,0,1,3,..\Results\results_fs_uniform_positive_medium_highdim\Isolet_asu\standard_ga,"[""Isolet_asu"", ""2"", ""0"", ""--data-dir"", ""../Dataset/prepared_feature_selection"", ""--output-dir"", ""..\\Results\\results_fs_uniform_positive_medium_highdim\\Isolet_asu\\standard_ga"", ""--outer-folds"", ""4"", ""--inner-folds"", ""4"", ""--repeats"", ""3"", ""--seed"", ""1"", ""--shuffle"", ""true"", ""--popsize"", ""100"", ""--p-cross"", ""0.4"", ""--tournament-size"", ""3"", ""--tau-reset"", ""50"", ""--resetpop-rate"", ""0.99"", ""--local-search"", ""false"", ""--stop"", ""gen"", ""--max-gen"", ""100"", ""--edge-epsilon"", ""1e-06"", ""--save-generation-trace"", ""true"", ""--save-linkage-events"", ""false"", ""--save-graph-snapshots"", ""false"", ""--graph-snapshot-interval"", ""1"", ""--graph-snapshot-min-weight"", ""0.0"", ""--lr-gap-gen"", ""1"", ""--lr-min-samples"", ""10"", ""--lr-sparse-alpha"", ""0.001"", ""--lr-auto-alpha"", ""true"", ""--lr-alpha-c"", ""0.2"", ""--lr-delta"", ""0.05"", ""--lr-auto-min-samples"", ""true"", ""--lr-min-samples-c"", ""2.0"", ""--lr-stability-subsamples"", ""0"", ""--lr-stability-fraction"", ""0.75"", ""--lr-edge-min-weight"", ""0.0"", ""--lr-encoding"", ""binary"", ""--lr-solver"", ""auto"", ""--lr-matrix-free-threshold"", ""700"", ""--lr-matrix-free-max-iter"", ""8"", ""--lr-matrix-free-tol"", ""0.0001"", ""--lr-matrix-free-step-scale"", ""0.5"", ""--lr-matrix-free-dtype"", ""float32"", ""--build-building-blocks"", ""false"", ""--bb-weight-mode"", ""positive"", ""--bb-search-mode"", ""none"", ""--bb-min-block-size"", ""2"", ""--bb-max-blocks"", ""20"", ""--bb-snapshot-interval"", ""1"", ""--bb-external-penalty"", ""0.25"", ""--bb-size-penalty"", ""0.01"", ""--bb-pattern-top-fraction"", ""0.2"", ""--bb-pattern-min-support"", ""2"", ""--bb-refine-fraction"", ""0.2"", ""--bb-accept-equal-sparser"", ""true"", ""--bb-shuffle-blocks"", ""true"", ""--bb-signed-repair-probability"", ""0.75"", ""--pre-lr-explore"", ""false"", ""--pre-lr-mutation-multiplier"", ""3.0"", ""--pre-lr-immigrant-rate"", ""0.1"", ""--artifact-layout"", ""nested"", ""--write-aggregate-outputs"", ""false"", ""--lr-expected-edges"", ""60"", ""--lr-refit-expected-edges"", ""30"", ""--bb-gawll-update-interval"", ""10"", ""--bb-max-refine-trials"", ""10"", ""--repeat-id"", ""1"", ""--outer-fold-id"", ""3""]"
20,Isolet_asu,2,0,2,0,..\Results\results_fs_uniform_positive_medium_highdim\Isolet_asu\standard_ga,"[""Isolet_asu"", ""2"", ""0"", ""--data-dir"", ""../Dataset/prepared_feature_selection"", ""--output-dir"", ""..\\Results\\results_fs_uniform_positive_medium_highdim\\Isolet_asu\\standard_ga"", ""--outer-folds"", ""4"", ""--inner-folds"", ""4"", ""--repeats"", ""3"", ""--seed"", ""1"", ""--shuffle"", ""true"", ""--popsize"", ""100"", ""--p-cross"", ""0.4"", ""--tournament-size"", ""3"", ""--tau-reset"", ""50"", ""--resetpop-rate"", ""0.99"", ""--local-search"", ""false"", ""--stop"", ""gen"", ""--max-gen"", ""100"", ""--edge-epsilon"", ""1e-06"", ""--save-generation-trace"", ""true"", ""--save-linkage-events"", ""false"", ""--save-graph-snapshots"", ""false"", ""--graph-snapshot-interval"", ""1"", ""--graph-snapshot-min-weight"", ""0.0"", ""--lr-gap-gen"", ""1"", ""--lr-min-samples"", ""10"", ""--lr-sparse-alpha"", ""0.001"", ""--lr-auto-alpha"", ""true"", ""--lr-alpha-c"", ""0.2"", ""--lr-delta"", ""0.05"", ""--lr-auto-min-samples"", ""true"", ""--lr-min-samples-c"", ""2.0"", ""--lr-stability-subsamples"", ""0"", ""--lr-stability-fraction"", ""0.75"", ""--lr-edge-min-weight"", ""0.0"", ""--lr-encoding"", ""binary"", ""--lr-solver"", ""auto"", ""--lr-matrix-free-threshold"", ""700"", ""--lr-matrix-free-max-iter"", ""8"", ""--lr-matrix-free-tol"", ""0.0001"", ""--lr-matrix-free-step-scale"", ""0.5"", ""--lr-matrix-free-dtype"", ""float32"", ""--build-building-blocks"", ""false"", ""--bb-weight-mode"", ""positive"", ""--bb-search-mode"", ""none"", ""--bb-min-block-size"", ""2"", ""--bb-max-blocks"", ""20"", ""--bb-snapshot-interval"", ""1"", ""--bb-external-penalty"", ""0.25"", ""--bb-size-penalty"", ""0.01"", ""--bb-pattern-top-fraction"", ""0.2"", ""--bb-pattern-min-support"", ""2"", ""--bb-refine-fraction"", ""0.2"", ""--bb-accept-equal-sparser"", ""true"", ""--bb-shuffle-blocks"", ""true"", ""--bb-signed-repair-probability"", ""0.75"", ""--pre-lr-explore"", ""false"", ""--pre-lr-mutation-multiplier"", ""3.0"", ""--pre-lr-immigrant-rate"", ""0.1"", ""--artifact-layout"", ""nested"", ""--write-aggregate-outputs"", ""false"", ""--lr-expected-edges"", ""60"", ""--lr-refit-expected-edges"", ""30"", ""--bb-gawll-update-interval"", ""10"", ""--bb-max-refine-trials"", ""10"", ""--repeat-id"", ""2"", ""--outer-fold-id"", ""0""]"
21,Isolet_asu,2,0,2,1,..\Results\results_fs_uniform_positive_medium_highdim\Isolet_asu\standard_ga,"[""Isolet_asu"", ""2"", ""0"", ""--data-dir"", ""../Dataset/prepared_feature_selection"", ""--output-dir"", ""..\\Results\\results_fs_uniform_positive_medium_highdim\\Isolet_asu\\standard_ga"", ""--outer-folds"", ""4"", ""--inner-folds"", ""4"", ""--repeats"", ""3"", ""--seed"", ""1"", ""--shuffle"", ""true"", ""--popsize"", ""100"", ""--p-cross"", ""0.4"", ""--tournament-size"", ""3"", ""--tau-reset"", ""50"", ""--resetpop-rate"", ""0.99"", ""--local-search"", ""false"", ""--stop"", ""gen"", ""--max-gen"", ""100"", ""--edge-epsilon"", ""1e-06"", ""--save-generation-trace"", ""true"", ""--save-linkage-events"", ""false"", ""--save-graph-snapshots"", ""false"", ""--graph-snapshot-interval"", ""1"", ""--graph-snapshot-min-weight"", ""0.0"", ""--lr-gap-gen"", ""1"", ""--lr-min-samples"", ""10"", ""--lr-sparse-alpha"", ""0.001"", ""--lr-auto-alpha"", ""true"", ""--lr-alpha-c"", ""0.2"", ""--lr-delta"", ""0.05"", ""--lr-auto-min-samples"", ""true"", ""--lr-min-samples-c"", ""2.0"", ""--lr-stability-subsamples"", ""0"", ""--lr-stability-fraction"", ""0.75"", ""--lr-edge-min-weight"", ""0.0"", ""--lr-encoding"", ""binary"", ""--lr-solver"", ""auto"", ""--lr-matrix-free-threshold"", ""700"", ""--lr-matrix-free-max-iter"", ""8"", ""--lr-matrix-free-tol"", ""0.0001"", ""--lr-matrix-free-step-scale"", ""0.5"", ""--lr-matrix-free-dtype"", ""float32"", ""--build-building-blocks"", ""false"", ""--bb-weight-mode"", ""positive"", ""--bb-search-mode"", ""none"", ""--bb-min-block-size"", ""2"", ""--bb-max-blocks"", ""20"", ""--bb-snapshot-interval"", ""1"", ""--bb-external-penalty"", ""0.25"", ""--bb-size-penalty"", ""0.01"", ""--bb-pattern-top-fraction"", ""0.2"", ""--bb-pattern-min-support"", ""2"", ""--bb-refine-fraction"", ""0.2"", ""--bb-accept-equal-sparser"", ""true"", ""--bb-shuffle-blocks"", ""true"", ""--bb-signed-repair-probability"", ""0.75"", ""--pre-lr-explore"", ""false"", ""--pre-lr-mutation-multiplier"", ""3.0"", ""--pre-lr-immigrant-rate"", ""0.1"", ""--artifact-layout"", ""nested"", ""--write-aggregate-outputs"", ""false"", ""--lr-expected-edges"", ""60"", ""--lr-refit-expected-edges"", ""30"", ""--bb-gawll-update-interval"", ""10"", ""--bb-max-refine-trials"", ""10"", ""--repeat-id"", ""2"", ""--outer-fold-id"", ""1""]"
22,Isolet_asu,2,0,2,2,..\Results\results_fs_uniform_positive_medium_highdim\Isolet_asu\standard_ga,"[""Isolet_asu"", ""2"", ""0"", ""--data-dir"", ""../Dataset/prepared_feature_selection"", ""--output-dir"", ""..\\Results\\results_fs_uniform_positive_medium_highdim\\Isolet_asu\\standard_ga"", ""--outer-folds"", ""4"", ""--inner-folds"", ""4"", ""--repeats"", ""3"", ""--seed"", ""1"", ""--shuffle"", ""true"", ""--popsize"", ""100"", ""--p-cross"", ""0.4"", ""--tournament-size"", ""3"", ""--tau-reset"", ""50"", ""--resetpop-rate"", ""0.99"", ""--local-search"", ""false"", ""--stop"", ""gen"", ""--max-gen"", ""100"", ""--edge-epsilon"", ""1e-06"", ""--save-generation-trace"", ""true"", ""--save-linkage-events"", ""false"", ""--save-graph-snapshots"", ""false"", ""--graph-snapshot-interval"", ""1"", ""--graph-snapshot-min-weight"", ""0.0"", ""--lr-gap-gen"", ""1"", ""--lr-min-samples"", ""10"", ""--lr-sparse-alpha"", ""0.001"", ""--lr-auto-alpha"", ""true"", ""--lr-alpha-c"", ""0.2"", ""--lr-delta"", ""0.05"", ""--lr-auto-min-samples"", ""true"", ""--lr-min-samples-c"", ""2.0"", ""--lr-stability-subsamples"", ""0"", ""--lr-stability-fraction"", ""0.75"", ""--lr-edge-min-weight"", ""0.0"", ""--lr-encoding"", ""binary"", ""--lr-solver"", ""auto"", ""--lr-matrix-free-threshold"", ""700"", ""--lr-matrix-free-max-iter"", ""8"", ""--lr-matrix-free-tol"", ""0.0001"", ""--lr-matrix-free-step-scale"", ""0.5"", ""--lr-matrix-free-dtype"", ""float32"", ""--build-building-blocks"", ""false"", ""--bb-weight-mode"", ""positive"", ""--bb-search-mode"", ""none"", ""--bb-min-block-size"", ""2"", ""--bb-max-blocks"", ""20"", ""--bb-snapshot-interval"", ""1"", ""--bb-external-penalty"", ""0.25"", ""--bb-size-penalty"", ""0.01"", ""--bb-pattern-top-fraction"", ""0.2"", ""--bb-pattern-min-support"", ""2"", ""--bb-refine-fraction"", ""0.2"", ""--bb-accept-equal-sparser"", ""true"", ""--bb-shuffle-blocks"", ""true"", ""--bb-signed-repair-probability"", ""0.75"", ""--pre-lr-explore"", ""false"", ""--pre-lr-mutation-multiplier"", ""3.0"", ""--pre-lr-immigrant-rate"", ""0.1"", ""--artifact-layout"", ""nested"", ""--write-aggregate-outputs"", ""false"", ""--lr-expected-edges"", ""60"", ""--lr-refit-expected-edges"", ""30"", ""--bb-gawll-update-interval"", ""10"", ""--bb-max-refine-trials"", ""10"", ""--repeat-id"", ""2"", ""--outer-fold-id"", ""2""]"
23,Isolet_asu,2,0,2,3,..\Results\results_fs_uniform_positive_medium_highdim\Isolet_asu\standard_ga,"[""Isolet_asu"", ""2"", ""0"", ""--data-dir"", ""../Dataset/prepared_feature_selection"", ""--output-dir"", ""..\\Results\\results_fs_uniform_positive_medium_highdim\\Isolet_asu\\standard_ga"", ""--outer-folds"", ""4"", ""--inner-folds"", ""4"", ""--repeats"", ""3"", ""--seed"", ""1"", ""--shuffle"", ""true"", ""--popsize"", ""100"", ""--p-cross"", ""0.4"", ""--tournament-size"", ""3"", ""--tau-reset"", ""50"", ""--resetpop-rate"", ""0.99"", ""--local-search"", ""false"", ""--stop"", ""gen"", ""--max-gen"", ""100"", ""--edge-epsilon"", ""1e-06"", ""--save-generation-trace"", ""true"", ""--save-linkage-events"", ""false"", ""--save-graph-snapshots"", ""false"", ""--graph-snapshot-interval"", ""1"", ""--graph-snapshot-min-weight"", ""0.0"", ""--lr-gap-gen"", ""1"", ""--lr-min-samples"", ""10"", ""--lr-sparse-alpha"", ""0.001"", ""--lr-auto-alpha"", ""true"", ""--lr-alpha-c"", ""0.2"", ""--lr-delta"", ""0.05"", ""--lr-auto-min-samples"", ""true"", ""--lr-min-samples-c"", ""2.0"", ""--lr-stability-subsamples"", ""0"", ""--lr-stability-fraction"", ""0.75"", ""--lr-edge-min-weight"", ""0.0"", ""--lr-encoding"", ""binary"", ""--lr-solver"", ""auto"", ""--lr-matrix-free-threshold"", ""700"", ""--lr-matrix-free-max-iter"", ""8"", ""--lr-matrix-free-tol"", ""0.0001"", ""--lr-matrix-free-step-scale"", ""0.5"", ""--lr-matrix-free-dtype"", ""float32"", ""--build-building-blocks"", ""false"", ""--bb-weight-mode"", ""positive"", ""--bb-search-mode"", ""none"", ""--bb-min-block-size"", ""2"", ""--bb-max-blocks"", ""20"", ""--bb-snapshot-interval"", ""1"", ""--bb-external-penalty"", ""0.25"", ""--bb-size-penalty"", ""0.01"", ""--bb-pattern-top-fraction"", ""0.2"", ""--bb-pattern-min-support"", ""2"", ""--bb-refine-fraction"", ""0.2"", ""--bb-accept-equal-sparser"", ""true"", ""--bb-shuffle-blocks"", ""true"", ""--bb-signed-repair-probability"", ""0.75"", ""--pre-lr-explore"", ""false"", ""--pre-lr-mutation-multiplier"", ""3.0"", ""--pre-lr-immigrant-rate"", ""0.1"", ""--artifact-layout"", ""nested"", ""--write-aggregate-outputs"", ""false"", ""--lr-expected-edges"", ""60"", ""--lr-refit-expected-edges"", ""30"", ""--bb-gawll-update-interval"", ""10"", ""--bb-max-refine-trials"", ""10"", ""--repeat-id"", ""2"", ""--outer-fold-id"", ""3""]"
24,ORL_asu,2,0,0,0,..\Results\results_fs_uniform_positive_medium_highdim\ORL_asu\standard_ga,"[""ORL_asu"", ""2"", ""0"", ""--data-dir"", ""../Dataset/prepared_feature_selection"", ""--output-dir"", ""..\\Results\\results_fs_uniform_positive_medium_highdim\\ORL_asu\\standard_ga"", ""--outer-folds"", ""4"", ""--inner-folds"", ""4"", ""--repeats"", ""3"", ""--seed"", ""1"", ""--shuffle"", ""true"", ""--popsize"", ""100"", ""--p-cross"", ""0.4"", ""--tournament-size"", ""3"", ""--tau-reset"", ""50"", ""--resetpop-rate"", ""0.99"", ""--local-search"", ""false"", ""--stop"", ""gen"", ""--max-gen"", ""100"", ""--edge-epsilon"", ""1e-06"", ""--save-generation-trace"", ""true"", ""--save-linkage-events"", ""false"", ""--save-graph-snapshots"", ""false"", ""--graph-snapshot-interval"", ""1"", ""--graph-snapshot-min-weight"", ""0.0"", ""--lr-gap-gen"", ""1"", ""--lr-min-samples"", ""10"", ""--lr-sparse-alpha"", ""0.001"", ""--lr-auto-alpha"", ""true"", ""--lr-alpha-c"", ""0.2"", ""--lr-delta"", ""0.05"", ""--lr-auto-min-samples"", ""true"", ""--lr-min-samples-c"", ""2.0"", ""--lr-stability-subsamples"", ""0"", ""--lr-stability-fraction"", ""0.75"", ""--lr-edge-min-weight"", ""0.0"", ""--lr-encoding"", ""binary"", ""--lr-solver"", ""auto"", ""--lr-matrix-free-threshold"", ""700"", ""--lr-matrix-free-max-iter"", ""8"", ""--lr-matrix-free-tol"", ""0.0001"", ""--lr-matrix-free-step-scale"", ""0.5"", ""--lr-matrix-free-dtype"", ""float32"", ""--build-building-blocks"", ""false"", ""--bb-weight-mode"", ""positive"", ""--bb-search-mode"", ""none"", ""--bb-min-block-size"", ""2"", ""--bb-max-blocks"", ""20"", ""--bb-snapshot-interval"", ""1"", ""--bb-external-penalty"", ""0.25"", ""--bb-size-penalty"", ""0.01"", ""--bb-pattern-top-fraction"", ""0.2"", ""--bb-pattern-min-support"", ""2"", ""--bb-refine-fraction"", ""0.2"", ""--bb-accept-equal-sparser"", ""true"", ""--bb-shuffle-blocks"", ""true"", ""--bb-signed-repair-probability"", ""0.75"", ""--pre-lr-explore"", ""false"", ""--pre-lr-mutation-multiplier"", ""3.0"", ""--pre-lr-immigrant-rate"", ""0.1"", ""--artifact-layout"", ""nested"", ""--write-aggregate-outputs"", ""false"", ""--lr-expected-edges"", ""60"", ""--lr-refit-expected-edges"", ""30"", ""--bb-gawll-update-interval"", ""10"", ""--bb-max-refine-trials"", ""10"", ""--repeat-id"", ""0"", ""--outer-fold-id"", ""0""]"
25,ORL_asu,2,0,0,1,..\Results\results_fs_uniform_positive_medium_highdim\ORL_asu\standard_ga,"[""ORL_asu"", ""2"", ""0"", ""--data-dir"", ""../Dataset/prepared_feature_selection"", ""--output-dir"", ""..\\Results\\results_fs_uniform_positive_medium_highdim\\ORL_asu\\standard_ga"", ""--outer-folds"", ""4"", ""--inner-folds"", ""4"", ""--repeats"", ""3"", ""--seed"", ""1"", ""--shuffle"", ""true"", ""--popsize"", ""100"", ""--p-cross"", ""0.4"", ""--tournament-size"", ""3"", ""--tau-reset"", ""50"", ""--resetpop-rate"", ""0.99"", ""--local-search"", ""false"", ""--stop"", ""gen"", ""--max-gen"", ""100"", ""--edge-epsilon"", ""1e-06"", ""--save-generation-trace"", ""true"", ""--save-linkage-events"", ""false"", ""--save-graph-snapshots"", ""false"", ""--graph-snapshot-interval"", ""1"", ""--graph-snapshot-min-weight"", ""0.0"", ""--lr-gap-gen"", ""1"", ""--lr-min-samples"", ""10"", ""--lr-sparse-alpha"", ""0.001"", ""--lr-auto-alpha"", ""true"", ""--lr-alpha-c"", ""0.2"", ""--lr-delta"", ""0.05"", ""--lr-auto-min-samples"", ""true"", ""--lr-min-samples-c"", ""2.0"", ""--lr-stability-subsamples"", ""0"", ""--lr-stability-fraction"", ""0.75"", ""--lr-edge-min-weight"", ""0.0"", ""--lr-encoding"", ""binary"", ""--lr-solver"", ""auto"", ""--lr-matrix-free-threshold"", ""700"", ""--lr-matrix-free-max-iter"", ""8"", ""--lr-matrix-free-tol"", ""0.0001"", ""--lr-matrix-free-step-scale"", ""0.5"", ""--lr-matrix-free-dtype"", ""float32"", ""--build-building-blocks"", ""false"", ""--bb-weight-mode"", ""positive"", ""--bb-search-mode"", ""none"", ""--bb-min-block-size"", ""2"", ""--bb-max-blocks"", ""20"", ""--bb-snapshot-interval"", ""1"", ""--bb-external-penalty"", ""0.25"", ""--bb-size-penalty"", ""0.01"", ""--bb-pattern-top-fraction"", ""0.2"", ""--bb-pattern-min-support"", ""2"", ""--bb-refine-fraction"", ""0.2"", ""--bb-accept-equal-sparser"", ""true"", ""--bb-shuffle-blocks"", ""true"", ""--bb-signed-repair-probability"", ""0.75"", ""--pre-lr-explore"", ""false"", ""--pre-lr-mutation-multiplier"", ""3.0"", ""--pre-lr-immigrant-rate"", ""0.1"", ""--artifact-layout"", ""nested"", ""--write-aggregate-outputs"", ""false"", ""--lr-expected-edges"", ""60"", ""--lr-refit-expected-edges"", ""30"", ""--bb-gawll-update-interval"", ""10"", ""--bb-max-refine-trials"", ""10"", ""--repeat-id"", ""0"", ""--outer-fold-id"", ""1""]"
26,ORL_asu,2,0,0,2,..\Results\results_fs_uniform_positive_medium_highdim\ORL_asu\standard_ga,"[""ORL_asu"", ""2"", ""0"", ""--data-dir"", ""../Dataset/prepared_feature_selection"", ""--output-dir"", ""..\\Results\\results_fs_uniform_positive_medium_highdim\\ORL_asu\\standard_ga"", ""--outer-folds"", ""4"", ""--inner-folds"", ""4"", ""--repeats"", ""3"", ""--seed"", ""1"", ""--shuffle"", ""true"", ""--popsize"", ""100"", ""--p-cross"", ""0.4"", ""--tournament-size"", ""3"", ""--tau-reset"", ""50"", ""--resetpop-rate"", ""0.99"", ""--local-search"", ""false"", ""--stop"", ""gen"", ""--max-gen"", ""100"", ""--edge-epsilon"", ""1e-06"", ""--save-generation-trace"", ""true"", ""--save-linkage-events"", ""false"", ""--save-graph-snapshots"", ""false"", ""--graph-snapshot-interval"", ""1"", ""--graph-snapshot-min-weight"", ""0.0"", ""--lr-gap-gen"", ""1"", ""--lr-min-samples"", ""10"", ""--lr-sparse-alpha"", ""0.001"", ""--lr-auto-alpha"", ""true"", ""--lr-alpha-c"", ""0.2"", ""--lr-delta"", ""0.05"", ""--lr-auto-min-samples"", ""true"", ""--lr-min-samples-c"", ""2.0"", ""--lr-stability-subsamples"", ""0"", ""--lr-stability-fraction"", ""0.75"", ""--lr-edge-min-weight"", ""0.0"", ""--lr-encoding"", ""binary"", ""--lr-solver"", ""auto"", ""--lr-matrix-free-threshold"", ""700"", ""--lr-matrix-free-max-iter"", ""8"", ""--lr-matrix-free-tol"", ""0.0001"", ""--lr-matrix-free-step-scale"", ""0.5"", ""--lr-matrix-free-dtype"", ""float32"", ""--build-building-blocks"", ""false"", ""--bb-weight-mode"", ""positive"", ""--bb-search-mode"", ""none"", ""--bb-min-block-size"", ""2"", ""--bb-max-blocks"", ""20"", ""--bb-snapshot-interval"", ""1"", ""--bb-external-penalty"", ""0.25"", ""--bb-size-penalty"", ""0.01"", ""--bb-pattern-top-fraction"", ""0.2"", ""--bb-pattern-min-support"", ""2"", ""--bb-refine-fraction"", ""0.2"", ""--bb-accept-equal-sparser"", ""true"", ""--bb-shuffle-blocks"", ""true"", ""--bb-signed-repair-probability"", ""0.75"", ""--pre-lr-explore"", ""false"", ""--pre-lr-mutation-multiplier"", ""3.0"", ""--pre-lr-immigrant-rate"", ""0.1"", ""--artifact-layout"", ""nested"", ""--write-aggregate-outputs"", ""false"", ""--lr-expected-edges"", ""60"", ""--lr-refit-expected-edges"", ""30"", ""--bb-gawll-update-interval"", ""10"", ""--bb-max-refine-trials"", ""10"", ""--repeat-id"", ""0"", ""--outer-fold-id"", ""2""]"
27,ORL_asu,2,0,0,3,..\Results\results_fs_uniform_positive_medium_highdim\ORL_asu\standard_ga,"[""ORL_asu"", ""2"", ""0"", ""--data-dir"", ""../Dataset/prepared_feature_selection"", ""--output-dir"", ""..\\Results\\results_fs_uniform_positive_medium_highdim\\ORL_asu\\standard_ga"", ""--outer-folds"", ""4"", ""--inner-folds"", ""4"", ""--repeats"", ""3"", ""--seed"", ""1"", ""--shuffle"", ""true"", ""--popsize"", ""100"", ""--p-cross"", ""0.4"", ""--tournament-size"", ""3"", ""--tau-reset"", ""50"", ""--resetpop-rate"", ""0.99"", ""--local-search"", ""false"", ""--stop"", ""gen"", ""--max-gen"", ""100"", ""--edge-epsilon"", ""1e-06"", ""--save-generation-trace"", ""true"", ""--save-linkage-events"", ""false"", ""--save-graph-snapshots"", ""false"", ""--graph-snapshot-interval"", ""1"", ""--graph-snapshot-min-weight"", ""0.0"", ""--lr-gap-gen"", ""1"", ""--lr-min-samples"", ""10"", ""--lr-sparse-alpha"", ""0.001"", ""--lr-auto-alpha"", ""true"", ""--lr-alpha-c"", ""0.2"", ""--lr-delta"", ""0.05"", ""--lr-auto-min-samples"", ""true"", ""--lr-min-samples-c"", ""2.0"", ""--lr-stability-subsamples"", ""0"", ""--lr-stability-fraction"", ""0.75"", ""--lr-edge-min-weight"", ""0.0"", ""--lr-encoding"", ""binary"", ""--lr-solver"", ""auto"", ""--lr-matrix-free-threshold"", ""700"", ""--lr-matrix-free-max-iter"", ""8"", ""--lr-matrix-free-tol"", ""0.0001"", ""--lr-matrix-free-step-scale"", ""0.5"", ""--lr-matrix-free-dtype"", ""float32"", ""--build-building-blocks"", ""false"", ""--bb-weight-mode"", ""positive"", ""--bb-search-mode"", ""none"", ""--bb-min-block-size"", ""2"", ""--bb-max-blocks"", ""20"", ""--bb-snapshot-interval"", ""1"", ""--bb-external-penalty"", ""0.25"", ""--bb-size-penalty"", ""0.01"", ""--bb-pattern-top-fraction"", ""0.2"", ""--bb-pattern-min-support"", ""2"", ""--bb-refine-fraction"", ""0.2"", ""--bb-accept-equal-sparser"", ""true"", ""--bb-shuffle-blocks"", ""true"", ""--bb-signed-repair-probability"", ""0.75"", ""--pre-lr-explore"", ""false"", ""--pre-lr-mutation-multiplier"", ""3.0"", ""--pre-lr-immigrant-rate"", ""0.1"", ""--artifact-layout"", ""nested"", ""--write-aggregate-outputs"", ""false"", ""--lr-expected-edges"", ""60"", ""--lr-refit-expected-edges"", ""30"", ""--bb-gawll-update-interval"", ""10"", ""--bb-max-refine-trials"", ""10"", ""--repeat-id"", ""0"", ""--outer-fold-id"", ""3""]"
28,ORL_asu,2,0,1,0,..\Results\results_fs_uniform_positive_medium_highdim\ORL_asu\standard_ga,"[""ORL_asu"", ""2"", ""0"", ""--data-dir"", ""../Dataset/prepared_feature_selection"", ""--output-dir"", ""..\\Results\\results_fs_uniform_positive_medium_highdim\\ORL_asu\\standard_ga"", ""--outer-folds"", ""4"", ""--inner-folds"", ""4"", ""--repeats"", ""3"", ""--seed"", ""1"", ""--shuffle"", ""true"", ""--popsize"", ""100"", ""--p-cross"", ""0.4"", ""--tournament-size"", ""3"", ""--tau-reset"", ""50"", ""--resetpop-rate"", ""0.99"", ""--local-search"", ""false"", ""--stop"", ""gen"", ""--max-gen"", ""100"", ""--edge-epsilon"", ""1e-06"", ""--save-generation-trace"", ""true"", ""--save-linkage-events"", ""false"", ""--save-graph-snapshots"", ""false"", ""--graph-snapshot-interval"", ""1"", ""--graph-snapshot-min-weight"", ""0.0"", ""--lr-gap-gen"", ""1"", ""--lr-min-samples"", ""10"", ""--lr-sparse-alpha"", ""0.001"", ""--lr-auto-alpha"", ""true"", ""--lr-alpha-c"", ""0.2"", ""--lr-delta"", ""0.05"", ""--lr-auto-min-samples"", ""true"", ""--lr-min-samples-c"", ""2.0"", ""--lr-stability-subsamples"", ""0"", ""--lr-stability-fraction"", ""0.75"", ""--lr-edge-min-weight"", ""0.0"", ""--lr-encoding"", ""binary"", ""--lr-solver"", ""auto"", ""--lr-matrix-free-threshold"", ""700"", ""--lr-matrix-free-max-iter"", ""8"", ""--lr-matrix-free-tol"", ""0.0001"", ""--lr-matrix-free-step-scale"", ""0.5"", ""--lr-matrix-free-dtype"", ""float32"", ""--build-building-blocks"", ""false"", ""--bb-weight-mode"", ""positive"", ""--bb-search-mode"", ""none"", ""--bb-min-block-size"", ""2"", ""--bb-max-blocks"", ""20"", ""--bb-snapshot-interval"", ""1"", ""--bb-external-penalty"", ""0.25"", ""--bb-size-penalty"", ""0.01"", ""--bb-pattern-top-fraction"", ""0.2"", ""--bb-pattern-min-support"", ""2"", ""--bb-refine-fraction"", ""0.2"", ""--bb-accept-equal-sparser"", ""true"", ""--bb-shuffle-blocks"", ""true"", ""--bb-signed-repair-probability"", ""0.75"", ""--pre-lr-explore"", ""false"", ""--pre-lr-mutation-multiplier"", ""3.0"", ""--pre-lr-immigrant-rate"", ""0.1"", ""--artifact-layout"", ""nested"", ""--write-aggregate-outputs"", ""false"", ""--lr-expected-edges"", ""60"", ""--lr-refit-expected-edges"", ""30"", ""--bb-gawll-update-interval"", ""10"", ""--bb-max-refine-trials"", ""10"", ""--repeat-id"", ""1"", ""--outer-fold-id"", ""0""]"
29,ORL_asu,2,0,1,1,..\Results\results_fs_uniform_positive_medium_highdim\ORL_asu\standard_ga,"[""ORL_asu"", ""2"", ""0"", ""--data-dir"", ""../Dataset/prepared_feature_selection"", ""--output-dir"", ""..\\Results\\results_fs_uniform_positive_medium_highdim\\ORL_asu\\standard_ga"", ""--outer-folds"", ""4"", ""--inner-folds"", ""4"", ""--repeats"", ""3"", ""--seed"", ""1"", ""--shuffle"", ""true"", ""--popsize"", ""100"", ""--p-cross"", ""0.4"", ""--tournament-size"", ""3"", ""--tau-reset"", ""50"", ""--resetpop-rate"", ""0.99"", ""--local-search"", ""false"", ""--stop"", ""gen"", ""--max-gen"", ""100"", ""--edge-epsilon"", ""1e-06"", ""--save-generation-trace"", ""true"", ""--save-linkage-events"", ""false"", ""--save-graph-snapshots"", ""false"", ""--graph-snapshot-interval"", ""1"", ""--graph-snapshot-min-weight"", ""0.0"", ""--lr-gap-gen"", ""1"", ""--lr-min-samples"", ""10"", ""--lr-sparse-alpha"", ""0.001"", ""--lr-auto-alpha"", ""true"", ""--lr-alpha-c"", ""0.2"", ""--lr-delta"", ""0.05"", ""--lr-auto-min-samples"", ""true"", ""--lr-min-samples-c"", ""2.0"", ""--lr-stability-subsamples"", ""0"", ""--lr-stability-fraction"", ""0.75"", ""--lr-edge-min-weight"", ""0.0"", ""--lr-encoding"", ""binary"", ""--lr-solver"", ""auto"", ""--lr-matrix-free-threshold"", ""700"", ""--lr-matrix-free-max-iter"", ""8"", ""--lr-matrix-free-tol"", ""0.0001"", ""--lr-matrix-free-step-scale"", ""0.5"", ""--lr-matrix-free-dtype"", ""float32"", ""--build-building-blocks"", ""false"", ""--bb-weight-mode"", ""positive"", ""--bb-search-mode"", ""none"", ""--bb-min-block-size"", ""2"", ""--bb-max-blocks"", ""20"", ""--bb-snapshot-interval"", ""1"", ""--bb-external-penalty"", ""0.25"", ""--bb-size-penalty"", ""0.01"", ""--bb-pattern-top-fraction"", ""0.2"", ""--bb-pattern-min-support"", ""2"", ""--bb-refine-fraction"", ""0.2"", ""--bb-accept-equal-sparser"", ""true"", ""--bb-shuffle-blocks"", ""true"", ""--bb-signed-repair-probability"", ""0.75"", ""--pre-lr-explore"", ""false"", ""--pre-lr-mutation-multiplier"", ""3.0"", ""--pre-lr-immigrant-rate"", ""0.1"", ""--artifact-layout"", ""nested"", ""--write-aggregate-outputs"", ""false"", ""--lr-expected-edges"", ""60"", ""--lr-refit-expected-edges"", ""30"", ""--bb-gawll-update-interval"", ""10"", ""--bb-max-refine-trials"", ""10"", ""--repeat-id"", ""1"", ""--outer-fold-id"", ""1""]"
30,ORL_asu,2,0,1,2,..\Results\results_fs_uniform_positive_medium_highdim\ORL_asu\standard_ga,"[""ORL_asu"", ""2"", ""0"", ""--data-dir"", ""../Dataset/prepared_feature_selection"", ""--output-dir"", ""..\\Results\\results_fs_uniform_positive_medium_highdim\\ORL_asu\\standard_ga"", ""--outer-folds"", ""4"", ""--inner-folds"", ""4"", ""--repeats"", ""3"", ""--seed"", ""1"", ""--shuffle"", ""true"", ""--popsize"", ""100"", ""--p-cross"", ""0.4"", ""--tournament-size"", ""3"", ""--tau-reset"", ""50"", ""--resetpop-rate"", ""0.99"", ""--local-search"", ""false"", ""--stop"", ""gen"", ""--max-gen"", ""100"", ""--edge-epsilon"", ""1e-06"", ""--save-generation-trace"", ""true"", ""--save-linkage-events"", ""false"", ""--save-graph-snapshots"", ""false"", ""--graph-snapshot-interval"", ""1"", ""--graph-snapshot-min-weight"", ""0.0"", ""--lr-gap-gen"", ""1"", ""--lr-min-samples"", ""10"", ""--lr-sparse-alpha"", ""0.001"", ""--lr-auto-alpha"", ""true"", ""--lr-alpha-c"", ""0.2"", ""--lr-delta"", ""0.05"", ""--lr-auto-min-samples"", ""true"", ""--lr-min-samples-c"", ""2.0"", ""--lr-stability-subsamples"", ""0"", ""--lr-stability-fraction"", ""0.75"", ""--lr-edge-min-weight"", ""0.0"", ""--lr-encoding"", ""binary"", ""--lr-solver"", ""auto"", ""--lr-matrix-free-threshold"", ""700"", ""--lr-matrix-free-max-iter"", ""8"", ""--lr-matrix-free-tol"", ""0.0001"", ""--lr-matrix-free-step-scale"", ""0.5"", ""--lr-matrix-free-dtype"", ""float32"", ""--build-building-blocks"", ""false"", ""--bb-weight-mode"", ""positive"", ""--bb-search-mode"", ""none"", ""--bb-min-block-size"", ""2"", ""--bb-max-blocks"", ""20"", ""--bb-snapshot-interval"", ""1"", ""--bb-external-penalty"", ""0.25"", ""--bb-size-penalty"", ""0.01"", ""--bb-pattern-top-fraction"", ""0.2"", ""--bb-pattern-min-support"", ""2"", ""--bb-refine-fraction"", ""0.2"", ""--bb-accept-equal-sparser"", ""true"", ""--bb-shuffle-blocks"", ""true"", ""--bb-signed-repair-probability"", ""0.75"", ""--pre-lr-explore"", ""false"", ""--pre-lr-mutation-multiplier"", ""3.0"", ""--pre-lr-immigrant-rate"", ""0.1"", ""--artifact-layout"", ""nested"", ""--write-aggregate-outputs"", ""false"", ""--lr-expected-edges"", ""60"", ""--lr-refit-expected-edges"", ""30"", ""--bb-gawll-update-interval"", ""10"", ""--bb-max-refine-trials"", ""10"", ""--repeat-id"", ""1"", ""--outer-fold-id"", ""2""]"
31,ORL_asu,2,0,1,3,..\Results\results_fs_uniform_positive_medium_highdim\ORL_asu\standard_ga,"[""ORL_asu"", ""2"", ""0"", ""--data-dir"", ""../Dataset/prepared_feature_selection"", ""--output-dir"", ""..\\Results\\results_fs_uniform_positive_medium_highdim\\ORL_asu\\standard_ga"", ""--outer-folds"", ""4"", ""--inner-folds"", ""4"", ""--repeats"", ""3"", ""--seed"", ""1"", ""--shuffle"", ""true"", ""--popsize"", ""100"", ""--p-cross"", ""0.4"", ""--tournament-size"", ""3"", ""--tau-reset"", ""50"", ""--resetpop-rate"", ""0.99"", ""--local-search"", ""false"", ""--stop"", ""gen"", ""--max-gen"", ""100"", ""--edge-epsilon"", ""1e-06"", ""--save-generation-trace"", ""true"", ""--save-linkage-events"", ""false"", ""--save-graph-snapshots"", ""false"", ""--graph-snapshot-interval"", ""1"", ""--graph-snapshot-min-weight"", ""0.0"", ""--lr-gap-gen"", ""1"", ""--lr-min-samples"", ""10"", ""--lr-sparse-alpha"", ""0.001"", ""--lr-auto-alpha"", ""true"", ""--lr-alpha-c"", ""0.2"", ""--lr-delta"", ""0.05"", ""--lr-auto-min-samples"", ""true"", ""--lr-min-samples-c"", ""2.0"", ""--lr-stability-subsamples"", ""0"", ""--lr-stability-fraction"", ""0.75"", ""--lr-edge-min-weight"", ""0.0"", ""--lr-encoding"", ""binary"", ""--lr-solver"", ""auto"", ""--lr-matrix-free-threshold"", ""700"", ""--lr-matrix-free-max-iter"", ""8"", ""--lr-matrix-free-tol"", ""0.0001"", ""--lr-matrix-free-step-scale"", ""0.5"", ""--lr-matrix-free-dtype"", ""float32"", ""--build-building-blocks"", ""false"", ""--bb-weight-mode"", ""positive"", ""--bb-search-mode"", ""none"", ""--bb-min-block-size"", ""2"", ""--bb-max-blocks"", ""20"", ""--bb-snapshot-interval"", ""1"", ""--bb-external-penalty"", ""0.25"", ""--bb-size-penalty"", ""0.01"", ""--bb-pattern-top-fraction"", ""0.2"", ""--bb-pattern-min-support"", ""2"", ""--bb-refine-fraction"", ""0.2"", ""--bb-accept-equal-sparser"", ""true"", ""--bb-shuffle-blocks"", ""true"", ""--bb-signed-repair-probability"", ""0.75"", ""--pre-lr-explore"", ""false"", ""--pre-lr-mutation-multiplier"", ""3.0"", ""--pre-lr-immigrant-rate"", ""0.1"", ""--artifact-layout"", ""nested"", ""--write-aggregate-outputs"", ""false"", ""--lr-expected-edges"", ""60"", ""--lr-refit-expected-edges"", ""30"", ""--bb-gawll-update-interval"", ""10"", ""--bb-max-refine-trials"", ""10"", ""--repeat-id"", ""1"", ""--outer-fold-id"", ""3""]"
32,ORL_asu,2,0,2,0,..\Results\results_fs_uniform_positive_medium_highdim\ORL_asu\standard_ga,"[""ORL_asu"", ""2"", ""0"", ""--data-dir"", ""../Dataset/prepared_feature_selection"", ""--output-dir"", ""..\\Results\\results_fs_uniform_positive_medium_highdim\\ORL_asu\\standard_ga"", ""--outer-folds"", ""4"", ""--inner-folds"", ""4"", ""--repeats"", ""3"", ""--seed"", ""1"", ""--shuffle"", ""true"", ""--popsize"", ""100"", ""--p-cross"", ""0.4"", ""--tournament-size"", ""3"", ""--tau-reset"", ""50"", ""--resetpop-rate"", ""0.99"", ""--local-search"", ""false"", ""--stop"", ""gen"", ""--max-gen"", ""100"", ""--edge-epsilon"", ""1e-06"", ""--save-generation-trace"", ""true"", ""--save-linkage-events"", ""false"", ""--save-graph-snapshots"", ""false"", ""--graph-snapshot-interval"", ""1"", ""--graph-snapshot-min-weight"", ""0.0"", ""--lr-gap-gen"", ""1"", ""--lr-min-samples"", ""10"", ""--lr-sparse-alpha"", ""0.001"", ""--lr-auto-alpha"", ""true"", ""--lr-alpha-c"", ""0.2"", ""--lr-delta"", ""0.05"", ""--lr-auto-min-samples"", ""true"", ""--lr-min-samples-c"", ""2.0"", ""--lr-stability-subsamples"", ""0"", ""--lr-stability-fraction"", ""0.75"", ""--lr-edge-min-weight"", ""0.0"", ""--lr-encoding"", ""binary"", ""--lr-solver"", ""auto"", ""--lr-matrix-free-threshold"", ""700"", ""--lr-matrix-free-max-iter"", ""8"", ""--lr-matrix-free-tol"", ""0.0001"", ""--lr-matrix-free-step-scale"", ""0.5"", ""--lr-matrix-free-dtype"", ""float32"", ""--build-building-blocks"", ""false"", ""--bb-weight-mode"", ""positive"", ""--bb-search-mode"", ""none"", ""--bb-min-block-size"", ""2"", ""--bb-max-blocks"", ""20"", ""--bb-snapshot-interval"", ""1"", ""--bb-external-penalty"", ""0.25"", ""--bb-size-penalty"", ""0.01"", ""--bb-pattern-top-fraction"", ""0.2"", ""--bb-pattern-min-support"", ""2"", ""--bb-refine-fraction"", ""0.2"", ""--bb-accept-equal-sparser"", ""true"", ""--bb-shuffle-blocks"", ""true"", ""--bb-signed-repair-probability"", ""0.75"", ""--pre-lr-explore"", ""false"", ""--pre-lr-mutation-multiplier"", ""3.0"", ""--pre-lr-immigrant-rate"", ""0.1"", ""--artifact-layout"", ""nested"", ""--write-aggregate-outputs"", ""false"", ""--lr-expected-edges"", ""60"", ""--lr-refit-expected-edges"", ""30"", ""--bb-gawll-update-interval"", ""10"", ""--bb-max-refine-trials"", ""10"", ""--repeat-id"", ""2"", ""--outer-fold-id"", ""0""]"
33,ORL_asu,2,0,2,1,..\Results\results_fs_uniform_positive_medium_highdim\ORL_asu\standard_ga,"[""ORL_asu"", ""2"", ""0"", ""--data-dir"", ""../Dataset/prepared_feature_selection"", ""--output-dir"", ""..\\Results\\results_fs_uniform_positive_medium_highdim\\ORL_asu\\standard_ga"", ""--outer-folds"", ""4"", ""--inner-folds"", ""4"", ""--repeats"", ""3"", ""--seed"", ""1"", ""--shuffle"", ""true"", ""--popsize"", ""100"", ""--p-cross"", ""0.4"", ""--tournament-size"", ""3"", ""--tau-reset"", ""50"", ""--resetpop-rate"", ""0.99"", ""--local-search"", ""false"", ""--stop"", ""gen"", ""--max-gen"", ""100"", ""--edge-epsilon"", ""1e-06"", ""--save-generation-trace"", ""true"", ""--save-linkage-events"", ""false"", ""--save-graph-snapshots"", ""false"", ""--graph-snapshot-interval"", ""1"", ""--graph-snapshot-min-weight"", ""0.0"", ""--lr-gap-gen"", ""1"", ""--lr-min-samples"", ""10"", ""--lr-sparse-alpha"", ""0.001"", ""--lr-auto-alpha"", ""true"", ""--lr-alpha-c"", ""0.2"", ""--lr-delta"", ""0.05"", ""--lr-auto-min-samples"", ""true"", ""--lr-min-samples-c"", ""2.0"", ""--lr-stability-subsamples"", ""0"", ""--lr-stability-fraction"", ""0.75"", ""--lr-edge-min-weight"", ""0.0"", ""--lr-encoding"", ""binary"", ""--lr-solver"", ""auto"", ""--lr-matrix-free-threshold"", ""700"", ""--lr-matrix-free-max-iter"", ""8"", ""--lr-matrix-free-tol"", ""0.0001"", ""--lr-matrix-free-step-scale"", ""0.5"", ""--lr-matrix-free-dtype"", ""float32"", ""--build-building-blocks"", ""false"", ""--bb-weight-mode"", ""positive"", ""--bb-search-mode"", ""none"", ""--bb-min-block-size"", ""2"", ""--bb-max-blocks"", ""20"", ""--bb-snapshot-interval"", ""1"", ""--bb-external-penalty"", ""0.25"", ""--bb-size-penalty"", ""0.01"", ""--bb-pattern-top-fraction"", ""0.2"", ""--bb-pattern-min-support"", ""2"", ""--bb-refine-fraction"", ""0.2"", ""--bb-accept-equal-sparser"", ""true"", ""--bb-shuffle-blocks"", ""true"", ""--bb-signed-repair-probability"", ""0.75"", ""--pre-lr-explore"", ""false"", ""--pre-lr-mutation-multiplier"", ""3.0"", ""--pre-lr-immigrant-rate"", ""0.1"", ""--artifact-layout"", ""nested"", ""--write-aggregate-outputs"", ""false"", ""--lr-expected-edges"", ""60"", ""--lr-refit-expected-edges"", ""30"", ""--bb-gawll-update-interval"", ""10"", ""--bb-max-refine-trials"", ""10"", ""--repeat-id"", ""2"", ""--outer-fold-id"", ""1""]"
34,ORL_asu,2,0,2,2,..\Results\results_fs_uniform_positive_medium_highdim\ORL_asu\standard_ga,"[""ORL_asu"", ""2"", ""0"", ""--data-dir"", ""../Dataset/prepared_feature_selection"", ""--output-dir"", ""..\\Results\\results_fs_uniform_positive_medium_highdim\\ORL_asu\\standard_ga"", ""--outer-folds"", ""4"", ""--inner-folds"", ""4"", ""--repeats"", ""3"", ""--seed"", ""1"", ""--shuffle"", ""true"", ""--popsize"", ""100"", ""--p-cross"", ""0.4"", ""--tournament-size"", ""3"", ""--tau-reset"", ""50"", ""--resetpop-rate"", ""0.99"", ""--local-search"", ""false"", ""--stop"", ""gen"", ""--max-gen"", ""100"", ""--edge-epsilon"", ""1e-06"", ""--save-generation-trace"", ""true"", ""--save-linkage-events"", ""false"", ""--save-graph-snapshots"", ""false"", ""--graph-snapshot-interval"", ""1"", ""--graph-snapshot-min-weight"", ""0.0"", ""--lr-gap-gen"", ""1"", ""--lr-min-samples"", ""10"", ""--lr-sparse-alpha"", ""0.001"", ""--lr-auto-alpha"", ""true"", ""--lr-alpha-c"", ""0.2"", ""--lr-delta"", ""0.05"", ""--lr-auto-min-samples"", ""true"", ""--lr-min-samples-c"", ""2.0"", ""--lr-stability-subsamples"", ""0"", ""--lr-stability-fraction"", ""0.75"", ""--lr-edge-min-weight"", ""0.0"", ""--lr-encoding"", ""binary"", ""--lr-solver"", ""auto"", ""--lr-matrix-free-threshold"", ""700"", ""--lr-matrix-free-max-iter"", ""8"", ""--lr-matrix-free-tol"", ""0.0001"", ""--lr-matrix-free-step-scale"", ""0.5"", ""--lr-matrix-free-dtype"", ""float32"", ""--build-building-blocks"", ""false"", ""--bb-weight-mode"", ""positive"", ""--bb-search-mode"", ""none"", ""--bb-min-block-size"", ""2"", ""--bb-max-blocks"", ""20"", ""--bb-snapshot-interval"", ""1"", ""--bb-external-penalty"", ""0.25"", ""--bb-size-penalty"", ""0.01"", ""--bb-pattern-top-fraction"", ""0.2"", ""--bb-pattern-min-support"", ""2"", ""--bb-refine-fraction"", ""0.2"", ""--bb-accept-equal-sparser"", ""true"", ""--bb-shuffle-blocks"", ""true"", ""--bb-signed-repair-probability"", ""0.75"", ""--pre-lr-explore"", ""false"", ""--pre-lr-mutation-multiplier"", ""3.0"", ""--pre-lr-immigrant-rate"", ""0.1"", ""--artifact-layout"", ""nested"", ""--write-aggregate-outputs"", ""false"", ""--lr-expected-edges"", ""60"", ""--lr-refit-expected-edges"", ""30"", ""--bb-gawll-update-interval"", ""10"", ""--bb-max-refine-trials"", ""10"", ""--repeat-id"", ""2"", ""--outer-fold-id"", ""2""]"
35,ORL_asu,2,0,2,3,..\Results\results_fs_uniform_positive_medium_highdim\ORL_asu\standard_ga,"[""ORL_asu"", ""2"", ""0"", ""--data-dir"", ""../Dataset/prepared_feature_selection"", ""--output-dir"", ""..\\Results\\results_fs_uniform_positive_medium_highdim\\ORL_asu\\standard_ga"", ""--outer-folds"", ""4"", ""--inner-folds"", ""4"", ""--repeats"", ""3"", ""--seed"", ""1"", ""--shuffle"", ""true"", ""--popsize"", ""100"", ""--p-cross"", ""0.4"", ""--tournament-size"", ""3"", ""--tau-reset"", ""50"", ""--resetpop-rate"", ""0.99"", ""--local-search"", ""false"", ""--stop"", ""gen"", ""--max-gen"", ""100"", ""--edge-epsilon"", ""1e-06"", ""--save-generation-trace"", ""true"", ""--save-linkage-events"", ""false"", ""--save-graph-snapshots"", ""false"", ""--graph-snapshot-interval"", ""1"", ""--graph-snapshot-min-weight"", ""0.0"", ""--lr-gap-gen"", ""1"", ""--lr-min-samples"", ""10"", ""--lr-sparse-alpha"", ""0.001"", ""--lr-auto-alpha"", ""true"", ""--lr-alpha-c"", ""0.2"", ""--lr-delta"", ""0.05"", ""--lr-auto-min-samples"", ""true"", ""--lr-min-samples-c"", ""2.0"", ""--lr-stability-subsamples"", ""0"", ""--lr-stability-fraction"", ""0.75"", ""--lr-edge-min-weight"", ""0.0"", ""--lr-encoding"", ""binary"", ""--lr-solver"", ""auto"", ""--lr-matrix-free-threshold"", ""700"", ""--lr-matrix-free-max-iter"", ""8"", ""--lr-matrix-free-tol"", ""0.0001"", ""--lr-matrix-free-step-scale"", ""0.5"", ""--lr-matrix-free-dtype"", ""float32"", ""--build-building-blocks"", ""false"", ""--bb-weight-mode"", ""positive"", ""--bb-search-mode"", ""none"", ""--bb-min-block-size"", ""2"", ""--bb-max-blocks"", ""20"", ""--bb-snapshot-interval"", ""1"", ""--bb-external-penalty"", ""0.25"", ""--bb-size-penalty"", ""0.01"", ""--bb-pattern-top-fraction"", ""0.2"", ""--bb-pattern-min-support"", ""2"", ""--bb-refine-fraction"", ""0.2"", ""--bb-accept-equal-sparser"", ""true"", ""--bb-shuffle-blocks"", ""true"", ""--bb-signed-repair-probability"", ""0.75"", ""--pre-lr-explore"", ""false"", ""--pre-lr-mutation-multiplier"", ""3.0"", ""--pre-lr-immigrant-rate"", ""0.1"", ""--artifact-layout"", ""nested"", ""--write-aggregate-outputs"", ""false"", ""--lr-expected-edges"", ""60"", ""--lr-refit-expected-edges"", ""30"", ""--bb-gawll-update-interval"", ""10"", ""--bb-max-refine-trials"", ""10"", ""--repeat-id"", ""2"", ""--outer-fold-id"", ""3""]"
36,hiva_agnostic_task363677,2,0,0,0,..\Results\results_fs_uniform_positive_medium_highdim\hiva_agnostic_task363677\standard_ga,"[""hiva_agnostic_task363677"", ""2"", ""0"", ""--data-dir"", ""../Dataset/prepared_feature_selection"", ""--output-dir"", ""..\\Results\\results_fs_uniform_positive_medium_highdim\\hiva_agnostic_task363677\\standard_ga"", ""--outer-folds"", ""4"", ""--inner-folds"", ""4"", ""--repeats"", ""3"", ""--seed"", ""1"", ""--shuffle"", ""true"", ""--popsize"", ""100"", ""--p-cross"", ""0.4"", ""--tournament-size"", ""3"", ""--tau-reset"", ""50"", ""--resetpop-rate"", ""0.99"", ""--local-search"", ""false"", ""--stop"", ""gen"", ""--max-gen"", ""100"", ""--edge-epsilon"", ""1e-06"", ""--save-generation-trace"", ""true"", ""--save-linkage-events"", ""false"", ""--save-graph-snapshots"", ""false"", ""--graph-snapshot-interval"", ""1"", ""--graph-snapshot-min-weight"", ""0.0"", ""--lr-gap-gen"", ""1"", ""--lr-min-samples"", ""10"", ""--lr-sparse-alpha"", ""0.001"", ""--lr-auto-alpha"", ""true"", ""--lr-alpha-c"", ""0.2"", ""--lr-delta"", ""0.05"", ""--lr-auto-min-samples"", ""true"", ""--lr-min-samples-c"", ""2.0"", ""--lr-stability-subsamples"", ""0"", ""--lr-stability-fraction"", ""0.75"", ""--lr-edge-min-weight"", ""0.0"", ""--lr-encoding"", ""binary"", ""--lr-solver"", ""auto"", ""--lr-matrix-free-threshold"", ""700"", ""--lr-matrix-free-max-iter"", ""8"", ""--lr-matrix-free-tol"", ""0.0001"", ""--lr-matrix-free-step-scale"", ""0.5"", ""--lr-matrix-free-dtype"", ""float32"", ""--build-building-blocks"", ""false"", ""--bb-weight-mode"", ""positive"", ""--bb-search-mode"", ""none"", ""--bb-min-block-size"", ""2"", ""--bb-max-blocks"", ""20"", ""--bb-snapshot-interval"", ""1"", ""--bb-external-penalty"", ""0.25"", ""--bb-size-penalty"", ""0.01"", ""--bb-pattern-top-fraction"", ""0.2"", ""--bb-pattern-min-support"", ""2"", ""--bb-refine-fraction"", ""0.2"", ""--bb-accept-equal-sparser"", ""true"", ""--bb-shuffle-blocks"", ""true"", ""--bb-signed-repair-probability"", ""0.75"", ""--pre-lr-explore"", ""false"", ""--pre-lr-mutation-multiplier"", ""3.0"", ""--pre-lr-immigrant-rate"", ""0.1"", ""--artifact-layout"", ""nested"", ""--write-aggregate-outputs"", ""false"", ""--lr-expected-edges"", ""60"", ""--lr-refit-expected-edges"", ""30"", ""--bb-gawll-update-interval"", ""10"", ""--bb-max-refine-trials"", ""10"", ""--repeat-id"", ""0"", ""--outer-fold-id"", ""0""]"
37,hiva_agnostic_task363677,2,0,0,1,..\Results\results_fs_uniform_positive_medium_highdim\hiva_agnostic_task363677\standard_ga,"[""hiva_agnostic_task363677"", ""2"", ""0"", ""--data-dir"", ""../Dataset/prepared_feature_selection"", ""--output-dir"", ""..\\Results\\results_fs_uniform_positive_medium_highdim\\hiva_agnostic_task363677\\standard_ga"", ""--outer-folds"", ""4"", ""--inner-folds"", ""4"", ""--repeats"", ""3"", ""--seed"", ""1"", ""--shuffle"", ""true"", ""--popsize"", ""100"", ""--p-cross"", ""0.4"", ""--tournament-size"", ""3"", ""--tau-reset"", ""50"", ""--resetpop-rate"", ""0.99"", ""--local-search"", ""false"", ""--stop"", ""gen"", ""--max-gen"", ""100"", ""--edge-epsilon"", ""1e-06"", ""--save-generation-trace"", ""true"", ""--save-linkage-events"", ""false"", ""--save-graph-snapshots"", ""false"", ""--graph-snapshot-interval"", ""1"", ""--graph-snapshot-min-weight"", ""0.0"", ""--lr-gap-gen"", ""1"", ""--lr-min-samples"", ""10"", ""--lr-sparse-alpha"", ""0.001"", ""--lr-auto-alpha"", ""true"", ""--lr-alpha-c"", ""0.2"", ""--lr-delta"", ""0.05"", ""--lr-auto-min-samples"", ""true"", ""--lr-min-samples-c"", ""2.0"", ""--lr-stability-subsamples"", ""0"", ""--lr-stability-fraction"", ""0.75"", ""--lr-edge-min-weight"", ""0.0"", ""--lr-encoding"", ""binary"", ""--lr-solver"", ""auto"", ""--lr-matrix-free-threshold"", ""700"", ""--lr-matrix-free-max-iter"", ""8"", ""--lr-matrix-free-tol"", ""0.0001"", ""--lr-matrix-free-step-scale"", ""0.5"", ""--lr-matrix-free-dtype"", ""float32"", ""--build-building-blocks"", ""false"", ""--bb-weight-mode"", ""positive"", ""--bb-search-mode"", ""none"", ""--bb-min-block-size"", ""2"", ""--bb-max-blocks"", ""20"", ""--bb-snapshot-interval"", ""1"", ""--bb-external-penalty"", ""0.25"", ""--bb-size-penalty"", ""0.01"", ""--bb-pattern-top-fraction"", ""0.2"", ""--bb-pattern-min-support"", ""2"", ""--bb-refine-fraction"", ""0.2"", ""--bb-accept-equal-sparser"", ""true"", ""--bb-shuffle-blocks"", ""true"", ""--bb-signed-repair-probability"", ""0.75"", ""--pre-lr-explore"", ""false"", ""--pre-lr-mutation-multiplier"", ""3.0"", ""--pre-lr-immigrant-rate"", ""0.1"", ""--artifact-layout"", ""nested"", ""--write-aggregate-outputs"", ""false"", ""--lr-expected-edges"", ""60"", ""--lr-refit-expected-edges"", ""30"", ""--bb-gawll-update-interval"", ""10"", ""--bb-max-refine-trials"", ""10"", ""--repeat-id"", ""0"", ""--outer-fold-id"", ""1""]"
38,hiva_agnostic_task363677,2,0,0,2,..\Results\results_fs_uniform_positive_medium_highdim\hiva_agnostic_task363677\standard_ga,"[""hiva_agnostic_task363677"", ""2"", ""0"", ""--data-dir"", ""../Dataset/prepared_feature_selection"", ""--output-dir"", ""..\\Results\\results_fs_uniform_positive_medium_highdim\\hiva_agnostic_task363677\\standard_ga"", ""--outer-folds"", ""4"", ""--inner-folds"", ""4"", ""--repeats"", ""3"", ""--seed"", ""1"", ""--shuffle"", ""true"", ""--popsize"", ""100"", ""--p-cross"", ""0.4"", ""--tournament-size"", ""3"", ""--tau-reset"", ""50"", ""--resetpop-rate"", ""0.99"", ""--local-search"", ""false"", ""--stop"", ""gen"", ""--max-gen"", ""100"", ""--edge-epsilon"", ""1e-06"", ""--save-generation-trace"", ""true"", ""--save-linkage-events"", ""false"", ""--save-graph-snapshots"", ""false"", ""--graph-snapshot-interval"", ""1"", ""--graph-snapshot-min-weight"", ""0.0"", ""--lr-gap-gen"", ""1"", ""--lr-min-samples"", ""10"", ""--lr-sparse-alpha"", ""0.001"", ""--lr-auto-alpha"", ""true"", ""--lr-alpha-c"", ""0.2"", ""--lr-delta"", ""0.05"", ""--lr-auto-min-samples"", ""true"", ""--lr-min-samples-c"", ""2.0"", ""--lr-stability-subsamples"", ""0"", ""--lr-stability-fraction"", ""0.75"", ""--lr-edge-min-weight"", ""0.0"", ""--lr-encoding"", ""binary"", ""--lr-solver"", ""auto"", ""--lr-matrix-free-threshold"", ""700"", ""--lr-matrix-free-max-iter"", ""8"", ""--lr-matrix-free-tol"", ""0.0001"", ""--lr-matrix-free-step-scale"", ""0.5"", ""--lr-matrix-free-dtype"", ""float32"", ""--build-building-blocks"", ""false"", ""--bb-weight-mode"", ""positive"", ""--bb-search-mode"", ""none"", ""--bb-min-block-size"", ""2"", ""--bb-max-blocks"", ""20"", ""--bb-snapshot-interval"", ""1"", ""--bb-external-penalty"", ""0.25"", ""--bb-size-penalty"", ""0.01"", ""--bb-pattern-top-fraction"", ""0.2"", ""--bb-pattern-min-support"", ""2"", ""--bb-refine-fraction"", ""0.2"", ""--bb-accept-equal-sparser"", ""true"", ""--bb-shuffle-blocks"", ""true"", ""--bb-signed-repair-probability"", ""0.75"", ""--pre-lr-explore"", ""false"", ""--pre-lr-mutation-multiplier"", ""3.0"", ""--pre-lr-immigrant-rate"", ""0.1"", ""--artifact-layout"", ""nested"", ""--write-aggregate-outputs"", ""false"", ""--lr-expected-edges"", ""60"", ""--lr-refit-expected-edges"", ""30"", ""--bb-gawll-update-interval"", ""10"", ""--bb-max-refine-trials"", ""10"", ""--repeat-id"", ""0"", ""--outer-fold-id"", ""2""]"
39,hiva_agnostic_task363677,2,0,0,3,..\Results\results_fs_uniform_positive_medium_highdim\hiva_agnostic_task363677\standard_ga,"[""hiva_agnostic_task363677"", ""2"", ""0"", ""--data-dir"", ""../Dataset/prepared_feature_selection"", ""--output-dir"", ""..\\Results\\results_fs_uniform_positive_medium_highdim\\hiva_agnostic_task363677\\standard_ga"", ""--outer-folds"", ""4"", ""--inner-folds"", ""4"", ""--repeats"", ""3"", ""--seed"", ""1"", ""--shuffle"", ""true"", ""--popsize"", ""100"", ""--p-cross"", ""0.4"", ""--tournament-size"", ""3"", ""--tau-reset"", ""50"", ""--resetpop-rate"", ""0.99"", ""--local-search"", ""false"", ""--stop"", ""gen"", ""--max-gen"", ""100"", ""--edge-epsilon"", ""1e-06"", ""--save-generation-trace"", ""true"", ""--save-linkage-events"", ""false"", ""--save-graph-snapshots"", ""false"", ""--graph-snapshot-interval"", ""1"", ""--graph-snapshot-min-weight"", ""0.0"", ""--lr-gap-gen"", ""1"", ""--lr-min-samples"", ""10"", ""--lr-sparse-alpha"", ""0.001"", ""--lr-auto-alpha"", ""true"", ""--lr-alpha-c"", ""0.2"", ""--lr-delta"", ""0.05"", ""--lr-auto-min-samples"", ""true"", ""--lr-min-samples-c"", ""2.0"", ""--lr-stability-subsamples"", ""0"", ""--lr-stability-fraction"", ""0.75"", ""--lr-edge-min-weight"", ""0.0"", ""--lr-encoding"", ""binary"", ""--lr-solver"", ""auto"", ""--lr-matrix-free-threshold"", ""700"", ""--lr-matrix-free-max-iter"", ""8"", ""--lr-matrix-free-tol"", ""0.0001"", ""--lr-matrix-free-step-scale"", ""0.5"", ""--lr-matrix-free-dtype"", ""float32"", ""--build-building-blocks"", ""false"", ""--bb-weight-mode"", ""positive"", ""--bb-search-mode"", ""none"", ""--bb-min-block-size"", ""2"", ""--bb-max-blocks"", ""20"", ""--bb-snapshot-interval"", ""1"", ""--bb-external-penalty"", ""0.25"", ""--bb-size-penalty"", ""0.01"", ""--bb-pattern-top-fraction"", ""0.2"", ""--bb-pattern-min-support"", ""2"", ""--bb-refine-fraction"", ""0.2"", ""--bb-accept-equal-sparser"", ""true"", ""--bb-shuffle-blocks"", ""true"", ""--bb-signed-repair-probability"", ""0.75"", ""--pre-lr-explore"", ""false"", ""--pre-lr-mutation-multiplier"", ""3.0"", ""--pre-lr-immigrant-rate"", ""0.1"", ""--artifact-layout"", ""nested"", ""--write-aggregate-outputs"", ""false"", ""--lr-expected-edges"", ""60"", ""--lr-refit-expected-edges"", ""30"", ""--bb-gawll-update-interval"", ""10"", ""--bb-max-refine-trials"", ""10"", ""--repeat-id"", ""0"", ""--outer-fold-id"", ""3""]"
40,hiva_agnostic_task363677,2,0,1,0,..\Results\results_fs_uniform_positive_medium_highdim\hiva_agnostic_task363677\standard_ga,"[""hiva_agnostic_task363677"", ""2"", ""0"", ""--data-dir"", ""../Dataset/prepared_feature_selection"", ""--output-dir"", ""..\\Results\\results_fs_uniform_positive_medium_highdim\\hiva_agnostic_task363677\\standard_ga"", ""--outer-folds"", ""4"", ""--inner-folds"", ""4"", ""--repeats"", ""3"", ""--seed"", ""1"", ""--shuffle"", ""true"", ""--popsize"", ""100"", ""--p-cross"", ""0.4"", ""--tournament-size"", ""3"", ""--tau-reset"", ""50"", ""--resetpop-rate"", ""0.99"", ""--local-search"", ""false"", ""--stop"", ""gen"", ""--max-gen"", ""100"", ""--edge-epsilon"", ""1e-06"", ""--save-generation-trace"", ""true"", ""--save-linkage-events"", ""false"", ""--save-graph-snapshots"", ""false"", ""--graph-snapshot-interval"", ""1"", ""--graph-snapshot-min-weight"", ""0.0"", ""--lr-gap-gen"", ""1"", ""--lr-min-samples"", ""10"", ""--lr-sparse-alpha"", ""0.001"", ""--lr-auto-alpha"", ""true"", ""--lr-alpha-c"", ""0.2"", ""--lr-delta"", ""0.05"", ""--lr-auto-min-samples"", ""true"", ""--lr-min-samples-c"", ""2.0"", ""--lr-stability-subsamples"", ""0"", ""--lr-stability-fraction"", ""0.75"", ""--lr-edge-min-weight"", ""0.0"", ""--lr-encoding"", ""binary"", ""--lr-solver"", ""auto"", ""--lr-matrix-free-threshold"", ""700"", ""--lr-matrix-free-max-iter"", ""8"", ""--lr-matrix-free-tol"", ""0.0001"", ""--lr-matrix-free-step-scale"", ""0.5"", ""--lr-matrix-free-dtype"", ""float32"", ""--build-building-blocks"", ""false"", ""--bb-weight-mode"", ""positive"", ""--bb-search-mode"", ""none"", ""--bb-min-block-size"", ""2"", ""--bb-max-blocks"", ""20"", ""--bb-snapshot-interval"", ""1"", ""--bb-external-penalty"", ""0.25"", ""--bb-size-penalty"", ""0.01"", ""--bb-pattern-top-fraction"", ""0.2"", ""--bb-pattern-min-support"", ""2"", ""--bb-refine-fraction"", ""0.2"", ""--bb-accept-equal-sparser"", ""true"", ""--bb-shuffle-blocks"", ""true"", ""--bb-signed-repair-probability"", ""0.75"", ""--pre-lr-explore"", ""false"", ""--pre-lr-mutation-multiplier"", ""3.0"", ""--pre-lr-immigrant-rate"", ""0.1"", ""--artifact-layout"", ""nested"", ""--write-aggregate-outputs"", ""false"", ""--lr-expected-edges"", ""60"", ""--lr-refit-expected-edges"", ""30"", ""--bb-gawll-update-interval"", ""10"", ""--bb-max-refine-trials"", ""10"", ""--repeat-id"", ""1"", ""--outer-fold-id"", ""0""]"
41,hiva_agnostic_task363677,2,0,1,1,..\Results\results_fs_uniform_positive_medium_highdim\hiva_agnostic_task363677\standard_ga,"[""hiva_agnostic_task363677"", ""2"", ""0"", ""--data-dir"", ""../Dataset/prepared_feature_selection"", ""--output-dir"", ""..\\Results\\results_fs_uniform_positive_medium_highdim\\hiva_agnostic_task363677\\standard_ga"", ""--outer-folds"", ""4"", ""--inner-folds"", ""4"", ""--repeats"", ""3"", ""--seed"", ""1"", ""--shuffle"", ""true"", ""--popsize"", ""100"", ""--p-cross"", ""0.4"", ""--tournament-size"", ""3"", ""--tau-reset"", ""50"", ""--resetpop-rate"", ""0.99"", ""--local-search"", ""false"", ""--stop"", ""gen"", ""--max-gen"", ""100"", ""--edge-epsilon"", ""1e-06"", ""--save-generation-trace"", ""true"", ""--save-linkage-events"", ""false"", ""--save-graph-snapshots"", ""false"", ""--graph-snapshot-interval"", ""1"", ""--graph-snapshot-min-weight"", ""0.0"", ""--lr-gap-gen"", ""1"", ""--lr-min-samples"", ""10"", ""--lr-sparse-alpha"", ""0.001"", ""--lr-auto-alpha"", ""true"", ""--lr-alpha-c"", ""0.2"", ""--lr-delta"", ""0.05"", ""--lr-auto-min-samples"", ""true"", ""--lr-min-samples-c"", ""2.0"", ""--lr-stability-subsamples"", ""0"", ""--lr-stability-fraction"", ""0.75"", ""--lr-edge-min-weight"", ""0.0"", ""--lr-encoding"", ""binary"", ""--lr-solver"", ""auto"", ""--lr-matrix-free-threshold"", ""700"", ""--lr-matrix-free-max-iter"", ""8"", ""--lr-matrix-free-tol"", ""0.0001"", ""--lr-matrix-free-step-scale"", ""0.5"", ""--lr-matrix-free-dtype"", ""float32"", ""--build-building-blocks"", ""false"", ""--bb-weight-mode"", ""positive"", ""--bb-search-mode"", ""none"", ""--bb-min-block-size"", ""2"", ""--bb-max-blocks"", ""20"", ""--bb-snapshot-interval"", ""1"", ""--bb-external-penalty"", ""0.25"", ""--bb-size-penalty"", ""0.01"", ""--bb-pattern-top-fraction"", ""0.2"", ""--bb-pattern-min-support"", ""2"", ""--bb-refine-fraction"", ""0.2"", ""--bb-accept-equal-sparser"", ""true"", ""--bb-shuffle-blocks"", ""true"", ""--bb-signed-repair-probability"", ""0.75"", ""--pre-lr-explore"", ""false"", ""--pre-lr-mutation-multiplier"", ""3.0"", ""--pre-lr-immigrant-rate"", ""0.1"", ""--artifact-layout"", ""nested"", ""--write-aggregate-outputs"", ""false"", ""--lr-expected-edges"", ""60"", ""--lr-refit-expected-edges"", ""30"", ""--bb-gawll-update-interval"", ""10"", ""--bb-max-refine-trials"", ""10"", ""--repeat-id"", ""1"", ""--outer-fold-id"", ""1""]"
42,hiva_agnostic_task363677,2,0,1,2,..\Results\results_fs_uniform_positive_medium_highdim\hiva_agnostic_task363677\standard_ga,"[""hiva_agnostic_task363677"", ""2"", ""0"", ""--data-dir"", ""../Dataset/prepared_feature_selection"", ""--output-dir"", ""..\\Results\\results_fs_uniform_positive_medium_highdim\\hiva_agnostic_task363677\\standard_ga"", ""--outer-folds"", ""4"", ""--inner-folds"", ""4"", ""--repeats"", ""3"", ""--seed"", ""1"", ""--shuffle"", ""true"", ""--popsize"", ""100"", ""--p-cross"", ""0.4"", ""--tournament-size"", ""3"", ""--tau-reset"", ""50"", ""--resetpop-rate"", ""0.99"", ""--local-search"", ""false"", ""--stop"", ""gen"", ""--max-gen"", ""100"", ""--edge-epsilon"", ""1e-06"", ""--save-generation-trace"", ""true"", ""--save-linkage-events"", ""false"", ""--save-graph-snapshots"", ""false"", ""--graph-snapshot-interval"", ""1"", ""--graph-snapshot-min-weight"", ""0.0"", ""--lr-gap-gen"", ""1"", ""--lr-min-samples"", ""10"", ""--lr-sparse-alpha"", ""0.001"", ""--lr-auto-alpha"", ""true"", ""--lr-alpha-c"", ""0.2"", ""--lr-delta"", ""0.05"", ""--lr-auto-min-samples"", ""true"", ""--lr-min-samples-c"", ""2.0"", ""--lr-stability-subsamples"", ""0"", ""--lr-stability-fraction"", ""0.75"", ""--lr-edge-min-weight"", ""0.0"", ""--lr-encoding"", ""binary"", ""--lr-solver"", ""auto"", ""--lr-matrix-free-threshold"", ""700"", ""--lr-matrix-free-max-iter"", ""8"", ""--lr-matrix-free-tol"", ""0.0001"", ""--lr-matrix-free-step-scale"", ""0.5"", ""--lr-matrix-free-dtype"", ""float32"", ""--build-building-blocks"", ""false"", ""--bb-weight-mode"", ""positive"", ""--bb-search-mode"", ""none"", ""--bb-min-block-size"", ""2"", ""--bb-max-blocks"", ""20"", ""--bb-snapshot-interval"", ""1"", ""--bb-external-penalty"", ""0.25"", ""--bb-size-penalty"", ""0.01"", ""--bb-pattern-top-fraction"", ""0.2"", ""--bb-pattern-min-support"", ""2"", ""--bb-refine-fraction"", ""0.2"", ""--bb-accept-equal-sparser"", ""true"", ""--bb-shuffle-blocks"", ""true"", ""--bb-signed-repair-probability"", ""0.75"", ""--pre-lr-explore"", ""false"", ""--pre-lr-mutation-multiplier"", ""3.0"", ""--pre-lr-immigrant-rate"", ""0.1"", ""--artifact-layout"", ""nested"", ""--write-aggregate-outputs"", ""false"", ""--lr-expected-edges"", ""60"", ""--lr-refit-expected-edges"", ""30"", ""--bb-gawll-update-interval"", ""10"", ""--bb-max-refine-trials"", ""10"", ""--repeat-id"", ""1"", ""--outer-fold-id"", ""2""]"
43,hiva_agnostic_task363677,2,0,1,3,..\Results\results_fs_uniform_positive_medium_highdim\hiva_agnostic_task363677\standard_ga,"[""hiva_agnostic_task363677"", ""2"", ""0"", ""--data-dir"", ""../Dataset/prepared_feature_selection"", ""--output-dir"", ""..\\Results\\results_fs_uniform_positive_medium_highdim\\hiva_agnostic_task363677\\standard_ga"", ""--outer-folds"", ""4"", ""--inner-folds"", ""4"", ""--repeats"", ""3"", ""--seed"", ""1"", ""--shuffle"", ""true"", ""--popsize"", ""100"", ""--p-cross"", ""0.4"", ""--tournament-size"", ""3"", ""--tau-reset"", ""50"", ""--resetpop-rate"", ""0.99"", ""--local-search"", ""false"", ""--stop"", ""gen"", ""--max-gen"", ""100"", ""--edge-epsilon"", ""1e-06"", ""--save-generation-trace"", ""true"", ""--save-linkage-events"", ""false"", ""--save-graph-snapshots"", ""false"", ""--graph-snapshot-interval"", ""1"", ""--graph-snapshot-min-weight"", ""0.0"", ""--lr-gap-gen"", ""1"", ""--lr-min-samples"", ""10"", ""--lr-sparse-alpha"", ""0.001"", ""--lr-auto-alpha"", ""true"", ""--lr-alpha-c"", ""0.2"", ""--lr-delta"", ""0.05"", ""--lr-auto-min-samples"", ""true"", ""--lr-min-samples-c"", ""2.0"", ""--lr-stability-subsamples"", ""0"", ""--lr-stability-fraction"", ""0.75"", ""--lr-edge-min-weight"", ""0.0"", ""--lr-encoding"", ""binary"", ""--lr-solver"", ""auto"", ""--lr-matrix-free-threshold"", ""700"", ""--lr-matrix-free-max-iter"", ""8"", ""--lr-matrix-free-tol"", ""0.0001"", ""--lr-matrix-free-step-scale"", ""0.5"", ""--lr-matrix-free-dtype"", ""float32"", ""--build-building-blocks"", ""false"", ""--bb-weight-mode"", ""positive"", ""--bb-search-mode"", ""none"", ""--bb-min-block-size"", ""2"", ""--bb-max-blocks"", ""20"", ""--bb-snapshot-interval"", ""1"", ""--bb-external-penalty"", ""0.25"", ""--bb-size-penalty"", ""0.01"", ""--bb-pattern-top-fraction"", ""0.2"", ""--bb-pattern-min-support"", ""2"", ""--bb-refine-fraction"", ""0.2"", ""--bb-accept-equal-sparser"", ""true"", ""--bb-shuffle-blocks"", ""true"", ""--bb-signed-repair-probability"", ""0.75"", ""--pre-lr-explore"", ""false"", ""--pre-lr-mutation-multiplier"", ""3.0"", ""--pre-lr-immigrant-rate"", ""0.1"", ""--artifact-layout"", ""nested"", ""--write-aggregate-outputs"", ""false"", ""--lr-expected-edges"", ""60"", ""--lr-refit-expected-edges"", ""30"", ""--bb-gawll-update-interval"", ""10"", ""--bb-max-refine-trials"", ""10"", ""--repeat-id"", ""1"", ""--outer-fold-id"", ""3""]"
44,hiva_agnostic_task363677,2,0,2,0,..\Results\results_fs_uniform_positive_medium_highdim\hiva_agnostic_task363677\standard_ga,"[""hiva_agnostic_task363677"", ""2"", ""0"", ""--data-dir"", ""../Dataset/prepared_feature_selection"", ""--output-dir"", ""..\\Results\\results_fs_uniform_positive_medium_highdim\\hiva_agnostic_task363677\\standard_ga"", ""--outer-folds"", ""4"", ""--inner-folds"", ""4"", ""--repeats"", ""3"", ""--seed"", ""1"", ""--shuffle"", ""true"", ""--popsize"", ""100"", ""--p-cross"", ""0.4"", ""--tournament-size"", ""3"", ""--tau-reset"", ""50"", ""--resetpop-rate"", ""0.99"", ""--local-search"", ""false"", ""--stop"", ""gen"", ""--max-gen"", ""100"", ""--edge-epsilon"", ""1e-06"", ""--save-generation-trace"", ""true"", ""--save-linkage-events"", ""false"", ""--save-graph-snapshots"", ""false"", ""--graph-snapshot-interval"", ""1"", ""--graph-snapshot-min-weight"", ""0.0"", ""--lr-gap-gen"", ""1"", ""--lr-min-samples"", ""10"", ""--lr-sparse-alpha"", ""0.001"", ""--lr-auto-alpha"", ""true"", ""--lr-alpha-c"", ""0.2"", ""--lr-delta"", ""0.05"", ""--lr-auto-min-samples"", ""true"", ""--lr-min-samples-c"", ""2.0"", ""--lr-stability-subsamples"", ""0"", ""--lr-stability-fraction"", ""0.75"", ""--lr-edge-min-weight"", ""0.0"", ""--lr-encoding"", ""binary"", ""--lr-solver"", ""auto"", ""--lr-matrix-free-threshold"", ""700"", ""--lr-matrix-free-max-iter"", ""8"", ""--lr-matrix-free-tol"", ""0.0001"", ""--lr-matrix-free-step-scale"", ""0.5"", ""--lr-matrix-free-dtype"", ""float32"", ""--build-building-blocks"", ""false"", ""--bb-weight-mode"", ""positive"", ""--bb-search-mode"", ""none"", ""--bb-min-block-size"", ""2"", ""--bb-max-blocks"", ""20"", ""--bb-snapshot-interval"", ""1"", ""--bb-external-penalty"", ""0.25"", ""--bb-size-penalty"", ""0.01"", ""--bb-pattern-top-fraction"", ""0.2"", ""--bb-pattern-min-support"", ""2"", ""--bb-refine-fraction"", ""0.2"", ""--bb-accept-equal-sparser"", ""true"", ""--bb-shuffle-blocks"", ""true"", ""--bb-signed-repair-probability"", ""0.75"", ""--pre-lr-explore"", ""false"", ""--pre-lr-mutation-multiplier"", ""3.0"", ""--pre-lr-immigrant-rate"", ""0.1"", ""--artifact-layout"", ""nested"", ""--write-aggregate-outputs"", ""false"", ""--lr-expected-edges"", ""60"", ""--lr-refit-expected-edges"", ""30"", ""--bb-gawll-update-interval"", ""10"", ""--bb-max-refine-trials"", ""10"", ""--repeat-id"", ""2"", ""--outer-fold-id"", ""0""]"
45,hiva_agnostic_task363677,2,0,2,1,..\Results\results_fs_uniform_positive_medium_highdim\hiva_agnostic_task363677\standard_ga,"[""hiva_agnostic_task363677"", ""2"", ""0"", ""--data-dir"", ""../Dataset/prepared_feature_selection"", ""--output-dir"", ""..\\Results\\results_fs_uniform_positive_medium_highdim\\hiva_agnostic_task363677\\standard_ga"", ""--outer-folds"", ""4"", ""--inner-folds"", ""4"", ""--repeats"", ""3"", ""--seed"", ""1"", ""--shuffle"", ""true"", ""--popsize"", ""100"", ""--p-cross"", ""0.4"", ""--tournament-size"", ""3"", ""--tau-reset"", ""50"", ""--resetpop-rate"", ""0.99"", ""--local-search"", ""false"", ""--stop"", ""gen"", ""--max-gen"", ""100"", ""--edge-epsilon"", ""1e-06"", ""--save-generation-trace"", ""true"", ""--save-linkage-events"", ""false"", ""--save-graph-snapshots"", ""false"", ""--graph-snapshot-interval"", ""1"", ""--graph-snapshot-min-weight"", ""0.0"", ""--lr-gap-gen"", ""1"", ""--lr-min-samples"", ""10"", ""--lr-sparse-alpha"", ""0.001"", ""--lr-auto-alpha"", ""true"", ""--lr-alpha-c"", ""0.2"", ""--lr-delta"", ""0.05"", ""--lr-auto-min-samples"", ""true"", ""--lr-min-samples-c"", ""2.0"", ""--lr-stability-subsamples"", ""0"", ""--lr-stability-fraction"", ""0.75"", ""--lr-edge-min-weight"", ""0.0"", ""--lr-encoding"", ""binary"", ""--lr-solver"", ""auto"", ""--lr-matrix-free-threshold"", ""700"", ""--lr-matrix-free-max-iter"", ""8"", ""--lr-matrix-free-tol"", ""0.0001"", ""--lr-matrix-free-step-scale"", ""0.5"", ""--lr-matrix-free-dtype"", ""float32"", ""--build-building-blocks"", ""false"", ""--bb-weight-mode"", ""positive"", ""--bb-search-mode"", ""none"", ""--bb-min-block-size"", ""2"", ""--bb-max-blocks"", ""20"", ""--bb-snapshot-interval"", ""1"", ""--bb-external-penalty"", ""0.25"", ""--bb-size-penalty"", ""0.01"", ""--bb-pattern-top-fraction"", ""0.2"", ""--bb-pattern-min-support"", ""2"", ""--bb-refine-fraction"", ""0.2"", ""--bb-accept-equal-sparser"", ""true"", ""--bb-shuffle-blocks"", ""true"", ""--bb-signed-repair-probability"", ""0.75"", ""--pre-lr-explore"", ""false"", ""--pre-lr-mutation-multiplier"", ""3.0"", ""--pre-lr-immigrant-rate"", ""0.1"", ""--artifact-layout"", ""nested"", ""--write-aggregate-outputs"", ""false"", ""--lr-expected-edges"", ""60"", ""--lr-refit-expected-edges"", ""30"", ""--bb-gawll-update-interval"", ""10"", ""--bb-max-refine-trials"", ""10"", ""--repeat-id"", ""2"", ""--outer-fold-id"", ""1""]"
46,hiva_agnostic_task363677,2,0,2,2,..\Results\results_fs_uniform_positive_medium_highdim\hiva_agnostic_task363677\standard_ga,"[""hiva_agnostic_task363677"", ""2"", ""0"", ""--data-dir"", ""../Dataset/prepared_feature_selection"", ""--output-dir"", ""..\\Results\\results_fs_uniform_positive_medium_highdim\\hiva_agnostic_task363677\\standard_ga"", ""--outer-folds"", ""4"", ""--inner-folds"", ""4"", ""--repeats"", ""3"", ""--seed"", ""1"", ""--shuffle"", ""true"", ""--popsize"", ""100"", ""--p-cross"", ""0.4"", ""--tournament-size"", ""3"", ""--tau-reset"", ""50"", ""--resetpop-rate"", ""0.99"", ""--local-search"", ""false"", ""--stop"", ""gen"", ""--max-gen"", ""100"", ""--edge-epsilon"", ""1e-06"", ""--save-generation-trace"", ""true"", ""--save-linkage-events"", ""false"", ""--save-graph-snapshots"", ""false"", ""--graph-snapshot-interval"", ""1"", ""--graph-snapshot-min-weight"", ""0.0"", ""--lr-gap-gen"", ""1"", ""--lr-min-samples"", ""10"", ""--lr-sparse-alpha"", ""0.001"", ""--lr-auto-alpha"", ""true"", ""--lr-alpha-c"", ""0.2"", ""--lr-delta"", ""0.05"", ""--lr-auto-min-samples"", ""true"", ""--lr-min-samples-c"", ""2.0"", ""--lr-stability-subsamples"", ""0"", ""--lr-stability-fraction"", ""0.75"", ""--lr-edge-min-weight"", ""0.0"", ""--lr-encoding"", ""binary"", ""--lr-solver"", ""auto"", ""--lr-matrix-free-threshold"", ""700"", ""--lr-matrix-free-max-iter"", ""8"", ""--lr-matrix-free-tol"", ""0.0001"", ""--lr-matrix-free-step-scale"", ""0.5"", ""--lr-matrix-free-dtype"", ""float32"", ""--build-building-blocks"", ""false"", ""--bb-weight-mode"", ""positive"", ""--bb-search-mode"", ""none"", ""--bb-min-block-size"", ""2"", ""--bb-max-blocks"", ""20"", ""--bb-snapshot-interval"", ""1"", ""--bb-external-penalty"", ""0.25"", ""--bb-size-penalty"", ""0.01"", ""--bb-pattern-top-fraction"", ""0.2"", ""--bb-pattern-min-support"", ""2"", ""--bb-refine-fraction"", ""0.2"", ""--bb-accept-equal-sparser"", ""true"", ""--bb-shuffle-blocks"", ""true"", ""--bb-signed-repair-probability"", ""0.75"", ""--pre-lr-explore"", ""false"", ""--pre-lr-mutation-multiplier"", ""3.0"", ""--pre-lr-immigrant-rate"", ""0.1"", ""--artifact-layout"", ""nested"", ""--write-aggregate-outputs"", ""false"", ""--lr-expected-edges"", ""60"", ""--lr-refit-expected-edges"", ""30"", ""--bb-gawll-update-interval"", ""10"", ""--bb-max-refine-trials"", ""10"", ""--repeat-id"", ""2"", ""--outer-fold-id"", ""2""]"
47,hiva_agnostic_task363677,2,0,2,3,..\Results\results_fs_uniform_positive_medium_highdim\hiva_agnostic_task363677\standard_ga,"[""hiva_agnostic_task363677"", ""2"", ""0"", ""--data-dir"", ""../Dataset/prepared_feature_selection"", ""--output-dir"", ""..\\Results\\results_fs_uniform_positive_medium_highdim\\hiva_agnostic_task363677\\standard_ga"", ""--outer-folds"", ""4"", ""--inner-folds"", ""4"", ""--repeats"", ""3"", ""--seed"", ""1"", ""--shuffle"", ""true"", ""--popsize"", ""100"", ""--p-cross"", ""0.4"", ""--tournament-size"", ""3"", ""--tau-reset"", ""50"", ""--resetpop-rate"", ""0.99"", ""--local-search"", ""false"", ""--stop"", ""gen"", ""--max-gen"", ""100"", ""--edge-epsilon"", ""1e-06"", ""--save-generation-trace"", ""true"", ""--save-linkage-events"", ""false"", ""--save-graph-snapshots"", ""false"", ""--graph-snapshot-interval"", ""1"", ""--graph-snapshot-min-weight"", ""0.0"", ""--lr-gap-gen"", ""1"", ""--lr-min-samples"", ""10"", ""--lr-sparse-alpha"", ""0.001"", ""--lr-auto-alpha"", ""true"", ""--lr-alpha-c"", ""0.2"", ""--lr-delta"", ""0.05"", ""--lr-auto-min-samples"", ""true"", ""--lr-min-samples-c"", ""2.0"", ""--lr-stability-subsamples"", ""0"", ""--lr-stability-fraction"", ""0.75"", ""--lr-edge-min-weight"", ""0.0"", ""--lr-encoding"", ""binary"", ""--lr-solver"", ""auto"", ""--lr-matrix-free-threshold"", ""700"", ""--lr-matrix-free-max-iter"", ""8"", ""--lr-matrix-free-tol"", ""0.0001"", ""--lr-matrix-free-step-scale"", ""0.5"", ""--lr-matrix-free-dtype"", ""float32"", ""--build-building-blocks"", ""false"", ""--bb-weight-mode"", ""positive"", ""--bb-search-mode"", ""none"", ""--bb-min-block-size"", ""2"", ""--bb-max-blocks"", ""20"", ""--bb-snapshot-interval"", ""1"", ""--bb-external-penalty"", ""0.25"", ""--bb-size-penalty"", ""0.01"", ""--bb-pattern-top-fraction"", ""0.2"", ""--bb-pattern-min-support"", ""2"", ""--bb-refine-fraction"", ""0.2"", ""--bb-accept-equal-sparser"", ""true"", ""--bb-shuffle-blocks"", ""true"", ""--bb-signed-repair-probability"", ""0.75"", ""--pre-lr-explore"", ""false"", ""--pre-lr-mutation-multiplier"", ""3.0"", ""--pre-lr-immigrant-rate"", ""0.1"", ""--artifact-layout"", ""nested"", ""--write-aggregate-outputs"", ""false"", ""--lr-expected-edges"", ""60"", ""--lr-refit-expected-edges"", ""30"", ""--bb-gawll-update-interval"", ""10"", ""--bb-max-refine-trials"", ""10"", ""--repeat-id"", ""2"", ""--outer-fold-id"", ""3""]"
48,Bioresponse_task363620,2,0,0,0,..\Results\results_fs_uniform_positive_medium_highdim\Bioresponse_task363620\standard_ga,"[""Bioresponse_task363620"", ""2"", ""0"", ""--data-dir"", ""../Dataset/prepared_feature_selection"", ""--output-dir"", ""..\\Results\\results_fs_uniform_positive_medium_highdim\\Bioresponse_task363620\\standard_ga"", ""--outer-folds"", ""4"", ""--inner-folds"", ""4"", ""--repeats"", ""3"", ""--seed"", ""1"", ""--shuffle"", ""true"", ""--popsize"", ""100"", ""--p-cross"", ""0.4"", ""--tournament-size"", ""3"", ""--tau-reset"", ""50"", ""--resetpop-rate"", ""0.99"", ""--local-search"", ""false"", ""--stop"", ""gen"", ""--max-gen"", ""100"", ""--edge-epsilon"", ""1e-06"", ""--save-generation-trace"", ""true"", ""--save-linkage-events"", ""false"", ""--save-graph-snapshots"", ""false"", ""--graph-snapshot-interval"", ""1"", ""--graph-snapshot-min-weight"", ""0.0"", ""--lr-gap-gen"", ""1"", ""--lr-min-samples"", ""10"", ""--lr-sparse-alpha"", ""0.001"", ""--lr-auto-alpha"", ""true"", ""--lr-alpha-c"", ""0.2"", ""--lr-delta"", ""0.05"", ""--lr-auto-min-samples"", ""true"", ""--lr-min-samples-c"", ""2.0"", ""--lr-stability-subsamples"", ""0"", ""--lr-stability-fraction"", ""0.75"", ""--lr-edge-min-weight"", ""0.0"", ""--lr-encoding"", ""binary"", ""--lr-solver"", ""auto"", ""--lr-matrix-free-threshold"", ""700"", ""--lr-matrix-free-max-iter"", ""8"", ""--lr-matrix-free-tol"", ""0.0001"", ""--lr-matrix-free-step-scale"", ""0.5"", ""--lr-matrix-free-dtype"", ""float32"", ""--build-building-blocks"", ""false"", ""--bb-weight-mode"", ""positive"", ""--bb-search-mode"", ""none"", ""--bb-min-block-size"", ""2"", ""--bb-max-blocks"", ""20"", ""--bb-snapshot-interval"", ""1"", ""--bb-external-penalty"", ""0.25"", ""--bb-size-penalty"", ""0.01"", ""--bb-pattern-top-fraction"", ""0.2"", ""--bb-pattern-min-support"", ""2"", ""--bb-refine-fraction"", ""0.2"", ""--bb-accept-equal-sparser"", ""true"", ""--bb-shuffle-blocks"", ""true"", ""--bb-signed-repair-probability"", ""0.75"", ""--pre-lr-explore"", ""false"", ""--pre-lr-mutation-multiplier"", ""3.0"", ""--pre-lr-immigrant-rate"", ""0.1"", ""--artifact-layout"", ""nested"", ""--write-aggregate-outputs"", ""false"", ""--lr-expected-edges"", ""60"", ""--lr-refit-expected-edges"", ""30"", ""--bb-gawll-update-interval"", ""10"", ""--bb-max-refine-trials"", ""10"", ""--repeat-id"", ""0"", ""--outer-fold-id"", ""0""]"
49,Bioresponse_task363620,2,0,0,1,..\Results\results_fs_uniform_positive_medium_highdim\Bioresponse_task363620\standard_ga,"[""Bioresponse_task363620"", ""2"", ""0"", ""--data-dir"", ""../Dataset/prepared_feature_selection"", ""--output-dir"", ""..\\Results\\results_fs_uniform_positive_medium_highdim\\Bioresponse_task363620\\standard_ga"", ""--outer-folds"", ""4"", ""--inner-folds"", ""4"", ""--repeats"", ""3"", ""--seed"", ""1"", ""--shuffle"", ""true"", ""--popsize"", ""100"", ""--p-cross"", ""0.4"", ""--tournament-size"", ""3"", ""--tau-reset"", ""50"", ""--resetpop-rate"", ""0.99"", ""--local-search"", ""false"", ""--stop"", ""gen"", ""--max-gen"", ""100"", ""--edge-epsilon"", ""1e-06"", ""--save-generation-trace"", ""true"", ""--save-linkage-events"", ""false"", ""--save-graph-snapshots"", ""false"", ""--graph-snapshot-interval"", ""1"", ""--graph-snapshot-min-weight"", ""0.0"", ""--lr-gap-gen"", ""1"", ""--lr-min-samples"", ""10"", ""--lr-sparse-alpha"", ""0.001"", ""--lr-auto-alpha"", ""true"", ""--lr-alpha-c"", ""0.2"", ""--lr-delta"", ""0.05"", ""--lr-auto-min-samples"", ""true"", ""--lr-min-samples-c"", ""2.0"", ""--lr-stability-subsamples"", ""0"", ""--lr-stability-fraction"", ""0.75"", ""--lr-edge-min-weight"", ""0.0"", ""--lr-encoding"", ""binary"", ""--lr-solver"", ""auto"", ""--lr-matrix-free-threshold"", ""700"", ""--lr-matrix-free-max-iter"", ""8"", ""--lr-matrix-free-tol"", ""0.0001"", ""--lr-matrix-free-step-scale"", ""0.5"", ""--lr-matrix-free-dtype"", ""float32"", ""--build-building-blocks"", ""false"", ""--bb-weight-mode"", ""positive"", ""--bb-search-mode"", ""none"", ""--bb-min-block-size"", ""2"", ""--bb-max-blocks"", ""20"", ""--bb-snapshot-interval"", ""1"", ""--bb-external-penalty"", ""0.25"", ""--bb-size-penalty"", ""0.01"", ""--bb-pattern-top-fraction"", ""0.2"", ""--bb-pattern-min-support"", ""2"", ""--bb-refine-fraction"", ""0.2"", ""--bb-accept-equal-sparser"", ""true"", ""--bb-shuffle-blocks"", ""true"", ""--bb-signed-repair-probability"", ""0.75"", ""--pre-lr-explore"", ""false"", ""--pre-lr-mutation-multiplier"", ""3.0"", ""--pre-lr-immigrant-rate"", ""0.1"", ""--artifact-layout"", ""nested"", ""--write-aggregate-outputs"", ""false"", ""--lr-expected-edges"", ""60"", ""--lr-refit-expected-edges"", ""30"", ""--bb-gawll-update-interval"", ""10"", ""--bb-max-refine-trials"", ""10"", ""--repeat-id"", ""0"", ""--outer-fold-id"", ""1""]"
50,Bioresponse_task363620,2,0,0,2,..\Results\results_fs_uniform_positive_medium_highdim\Bioresponse_task363620\standard_ga,"[""Bioresponse_task363620"", ""2"", ""0"", ""--data-dir"", ""../Dataset/prepared_feature_selection"", ""--output-dir"", ""..\\Results\\results_fs_uniform_positive_medium_highdim\\Bioresponse_task363620\\standard_ga"", ""--outer-folds"", ""4"", ""--inner-folds"", ""4"", ""--repeats"", ""3"", ""--seed"", ""1"", ""--shuffle"", ""true"", ""--popsize"", ""100"", ""--p-cross"", ""0.4"", ""--tournament-size"", ""3"", ""--tau-reset"", ""50"", ""--resetpop-rate"", ""0.99"", ""--local-search"", ""false"", ""--stop"", ""gen"", ""--max-gen"", ""100"", ""--edge-epsilon"", ""1e-06"", ""--save-generation-trace"", ""true"", ""--save-linkage-events"", ""false"", ""--save-graph-snapshots"", ""false"", ""--graph-snapshot-interval"", ""1"", ""--graph-snapshot-min-weight"", ""0.0"", ""--lr-gap-gen"", ""1"", ""--lr-min-samples"", ""10"", ""--lr-sparse-alpha"", ""0.001"", ""--lr-auto-alpha"", ""true"", ""--lr-alpha-c"", ""0.2"", ""--lr-delta"", ""0.05"", ""--lr-auto-min-samples"", ""true"", ""--lr-min-samples-c"", ""2.0"", ""--lr-stability-subsamples"", ""0"", ""--lr-stability-fraction"", ""0.75"", ""--lr-edge-min-weight"", ""0.0"", ""--lr-encoding"", ""binary"", ""--lr-solver"", ""auto"", ""--lr-matrix-free-threshold"", ""700"", ""--lr-matrix-free-max-iter"", ""8"", ""--lr-matrix-free-tol"", ""0.0001"", ""--lr-matrix-free-step-scale"", ""0.5"", ""--lr-matrix-free-dtype"", ""float32"", ""--build-building-blocks"", ""false"", ""--bb-weight-mode"", ""positive"", ""--bb-search-mode"", ""none"", ""--bb-min-block-size"", ""2"", ""--bb-max-blocks"", ""20"", ""--bb-snapshot-interval"", ""1"", ""--bb-external-penalty"", ""0.25"", ""--bb-size-penalty"", ""0.01"", ""--bb-pattern-top-fraction"", ""0.2"", ""--bb-pattern-min-support"", ""2"", ""--bb-refine-fraction"", ""0.2"", ""--bb-accept-equal-sparser"", ""true"", ""--bb-shuffle-blocks"", ""true"", ""--bb-signed-repair-probability"", ""0.75"", ""--pre-lr-explore"", ""false"", ""--pre-lr-mutation-multiplier"", ""3.0"", ""--pre-lr-immigrant-rate"", ""0.1"", ""--artifact-layout"", ""nested"", ""--write-aggregate-outputs"", ""false"", ""--lr-expected-edges"", ""60"", ""--lr-refit-expected-edges"", ""30"", ""--bb-gawll-update-interval"", ""10"", ""--bb-max-refine-trials"", ""10"", ""--repeat-id"", ""0"", ""--outer-fold-id"", ""2""]"
51,Bioresponse_task363620,2,0,0,3,..\Results\results_fs_uniform_positive_medium_highdim\Bioresponse_task363620\standard_ga,"[""Bioresponse_task363620"", ""2"", ""0"", ""--data-dir"", ""../Dataset/prepared_feature_selection"", ""--output-dir"", ""..\\Results\\results_fs_uniform_positive_medium_highdim\\Bioresponse_task363620\\standard_ga"", ""--outer-folds"", ""4"", ""--inner-folds"", ""4"", ""--repeats"", ""3"", ""--seed"", ""1"", ""--shuffle"", ""true"", ""--popsize"", ""100"", ""--p-cross"", ""0.4"", ""--tournament-size"", ""3"", ""--tau-reset"", ""50"", ""--resetpop-rate"", ""0.99"", ""--local-search"", ""false"", ""--stop"", ""gen"", ""--max-gen"", ""100"", ""--edge-epsilon"", ""1e-06"", ""--save-generation-trace"", ""true"", ""--save-linkage-events"", ""false"", ""--save-graph-snapshots"", ""false"", ""--graph-snapshot-interval"", ""1"", ""--graph-snapshot-min-weight"", ""0.0"", ""--lr-gap-gen"", ""1"", ""--lr-min-samples"", ""10"", ""--lr-sparse-alpha"", ""0.001"", ""--lr-auto-alpha"", ""true"", ""--lr-alpha-c"", ""0.2"", ""--lr-delta"", ""0.05"", ""--lr-auto-min-samples"", ""true"", ""--lr-min-samples-c"", ""2.0"", ""--lr-stability-subsamples"", ""0"", ""--lr-stability-fraction"", ""0.75"", ""--lr-edge-min-weight"", ""0.0"", ""--lr-encoding"", ""binary"", ""--lr-solver"", ""auto"", ""--lr-matrix-free-threshold"", ""700"", ""--lr-matrix-free-max-iter"", ""8"", ""--lr-matrix-free-tol"", ""0.0001"", ""--lr-matrix-free-step-scale"", ""0.5"", ""--lr-matrix-free-dtype"", ""float32"", ""--build-building-blocks"", ""false"", ""--bb-weight-mode"", ""positive"", ""--bb-search-mode"", ""none"", ""--bb-min-block-size"", ""2"", ""--bb-max-blocks"", ""20"", ""--bb-snapshot-interval"", ""1"", ""--bb-external-penalty"", ""0.25"", ""--bb-size-penalty"", ""0.01"", ""--bb-pattern-top-fraction"", ""0.2"", ""--bb-pattern-min-support"", ""2"", ""--bb-refine-fraction"", ""0.2"", ""--bb-accept-equal-sparser"", ""true"", ""--bb-shuffle-blocks"", ""true"", ""--bb-signed-repair-probability"", ""0.75"", ""--pre-lr-explore"", ""false"", ""--pre-lr-mutation-multiplier"", ""3.0"", ""--pre-lr-immigrant-rate"", ""0.1"", ""--artifact-layout"", ""nested"", ""--write-aggregate-outputs"", ""false"", ""--lr-expected-edges"", ""60"", ""--lr-refit-expected-edges"", ""30"", ""--bb-gawll-update-interval"", ""10"", ""--bb-max-refine-trials"", ""10"", ""--repeat-id"", ""0"", ""--outer-fold-id"", ""3""]"
52,Bioresponse_task363620,2,0,1,0,..\Results\results_fs_uniform_positive_medium_highdim\Bioresponse_task363620\standard_ga,"[""Bioresponse_task363620"", ""2"", ""0"", ""--data-dir"", ""../Dataset/prepared_feature_selection"", ""--output-dir"", ""..\\Results\\results_fs_uniform_positive_medium_highdim\\Bioresponse_task363620\\standard_ga"", ""--outer-folds"", ""4"", ""--inner-folds"", ""4"", ""--repeats"", ""3"", ""--seed"", ""1"", ""--shuffle"", ""true"", ""--popsize"", ""100"", ""--p-cross"", ""0.4"", ""--tournament-size"", ""3"", ""--tau-reset"", ""50"", ""--resetpop-rate"", ""0.99"", ""--local-search"", ""false"", ""--stop"", ""gen"", ""--max-gen"", ""100"", ""--edge-epsilon"", ""1e-06"", ""--save-generation-trace"", ""true"", ""--save-linkage-events"", ""false"", ""--save-graph-snapshots"", ""false"", ""--graph-snapshot-interval"", ""1"", ""--graph-snapshot-min-weight"", ""0.0"", ""--lr-gap-gen"", ""1"", ""--lr-min-samples"", ""10"", ""--lr-sparse-alpha"", ""0.001"", ""--lr-auto-alpha"", ""true"", ""--lr-alpha-c"", ""0.2"", ""--lr-delta"", ""0.05"", ""--lr-auto-min-samples"", ""true"", ""--lr-min-samples-c"", ""2.0"", ""--lr-stability-subsamples"", ""0"", ""--lr-stability-fraction"", ""0.75"", ""--lr-edge-min-weight"", ""0.0"", ""--lr-encoding"", ""binary"", ""--lr-solver"", ""auto"", ""--lr-matrix-free-threshold"", ""700"", ""--lr-matrix-free-max-iter"", ""8"", ""--lr-matrix-free-tol"", ""0.0001"", ""--lr-matrix-free-step-scale"", ""0.5"", ""--lr-matrix-free-dtype"", ""float32"", ""--build-building-blocks"", ""false"", ""--bb-weight-mode"", ""positive"", ""--bb-search-mode"", ""none"", ""--bb-min-block-size"", ""2"", ""--bb-max-blocks"", ""20"", ""--bb-snapshot-interval"", ""1"", ""--bb-external-penalty"", ""0.25"", ""--bb-size-penalty"", ""0.01"", ""--bb-pattern-top-fraction"", ""0.2"", ""--bb-pattern-min-support"", ""2"", ""--bb-refine-fraction"", ""0.2"", ""--bb-accept-equal-sparser"", ""true"", ""--bb-shuffle-blocks"", ""true"", ""--bb-signed-repair-probability"", ""0.75"", ""--pre-lr-explore"", ""false"", ""--pre-lr-mutation-multiplier"", ""3.0"", ""--pre-lr-immigrant-rate"", ""0.1"", ""--artifact-layout"", ""nested"", ""--write-aggregate-outputs"", ""false"", ""--lr-expected-edges"", ""60"", ""--lr-refit-expected-edges"", ""30"", ""--bb-gawll-update-interval"", ""10"", ""--bb-max-refine-trials"", ""10"", ""--repeat-id"", ""1"", ""--outer-fold-id"", ""0""]"
53,Bioresponse_task363620,2,0,1,1,..\Results\results_fs_uniform_positive_medium_highdim\Bioresponse_task363620\standard_ga,"[""Bioresponse_task363620"", ""2"", ""0"", ""--data-dir"", ""../Dataset/prepared_feature_selection"", ""--output-dir"", ""..\\Results\\results_fs_uniform_positive_medium_highdim\\Bioresponse_task363620\\standard_ga"", ""--outer-folds"", ""4"", ""--inner-folds"", ""4"", ""--repeats"", ""3"", ""--seed"", ""1"", ""--shuffle"", ""true"", ""--popsize"", ""100"", ""--p-cross"", ""0.4"", ""--tournament-size"", ""3"", ""--tau-reset"", ""50"", ""--resetpop-rate"", ""0.99"", ""--local-search"", ""false"", ""--stop"", ""gen"", ""--max-gen"", ""100"", ""--edge-epsilon"", ""1e-06"", ""--save-generation-trace"", ""true"", ""--save-linkage-events"", ""false"", ""--save-graph-snapshots"", ""false"", ""--graph-snapshot-interval"", ""1"", ""--graph-snapshot-min-weight"", ""0.0"", ""--lr-gap-gen"", ""1"", ""--lr-min-samples"", ""10"", ""--lr-sparse-alpha"", ""0.001"", ""--lr-auto-alpha"", ""true"", ""--lr-alpha-c"", ""0.2"", ""--lr-delta"", ""0.05"", ""--lr-auto-min-samples"", ""true"", ""--lr-min-samples-c"", ""2.0"", ""--lr-stability-subsamples"", ""0"", ""--lr-stability-fraction"", ""0.75"", ""--lr-edge-min-weight"", ""0.0"", ""--lr-encoding"", ""binary"", ""--lr-solver"", ""auto"", ""--lr-matrix-free-threshold"", ""700"", ""--lr-matrix-free-max-iter"", ""8"", ""--lr-matrix-free-tol"", ""0.0001"", ""--lr-matrix-free-step-scale"", ""0.5"", ""--lr-matrix-free-dtype"", ""float32"", ""--build-building-blocks"", ""false"", ""--bb-weight-mode"", ""positive"", ""--bb-search-mode"", ""none"", ""--bb-min-block-size"", ""2"", ""--bb-max-blocks"", ""20"", ""--bb-snapshot-interval"", ""1"", ""--bb-external-penalty"", ""0.25"", ""--bb-size-penalty"", ""0.01"", ""--bb-pattern-top-fraction"", ""0.2"", ""--bb-pattern-min-support"", ""2"", ""--bb-refine-fraction"", ""0.2"", ""--bb-accept-equal-sparser"", ""true"", ""--bb-shuffle-blocks"", ""true"", ""--bb-signed-repair-probability"", ""0.75"", ""--pre-lr-explore"", ""false"", ""--pre-lr-mutation-multiplier"", ""3.0"", ""--pre-lr-immigrant-rate"", ""0.1"", ""--artifact-layout"", ""nested"", ""--write-aggregate-outputs"", ""false"", ""--lr-expected-edges"", ""60"", ""--lr-refit-expected-edges"", ""30"", ""--bb-gawll-update-interval"", ""10"", ""--bb-max-refine-trials"", ""10"", ""--repeat-id"", ""1"", ""--outer-fold-id"", ""1""]"
54,Bioresponse_task363620,2,0,1,2,..\Results\results_fs_uniform_positive_medium_highdim\Bioresponse_task363620\standard_ga,"[""Bioresponse_task363620"", ""2"", ""0"", ""--data-dir"", ""../Dataset/prepared_feature_selection"", ""--output-dir"", ""..\\Results\\results_fs_uniform_positive_medium_highdim\\Bioresponse_task363620\\standard_ga"", ""--outer-folds"", ""4"", ""--inner-folds"", ""4"", ""--repeats"", ""3"", ""--seed"", ""1"", ""--shuffle"", ""true"", ""--popsize"", ""100"", ""--p-cross"", ""0.4"", ""--tournament-size"", ""3"", ""--tau-reset"", ""50"", ""--resetpop-rate"", ""0.99"", ""--local-search"", ""false"", ""--stop"", ""gen"", ""--max-gen"", ""100"", ""--edge-epsilon"", ""1e-06"", ""--save-generation-trace"", ""true"", ""--save-linkage-events"", ""false"", ""--save-graph-snapshots"", ""false"", ""--graph-snapshot-interval"", ""1"", ""--graph-snapshot-min-weight"", ""0.0"", ""--lr-gap-gen"", ""1"", ""--lr-min-samples"", ""10"", ""--lr-sparse-alpha"", ""0.001"", ""--lr-auto-alpha"", ""true"", ""--lr-alpha-c"", ""0.2"", ""--lr-delta"", ""0.05"", ""--lr-auto-min-samples"", ""true"", ""--lr-min-samples-c"", ""2.0"", ""--lr-stability-subsamples"", ""0"", ""--lr-stability-fraction"", ""0.75"", ""--lr-edge-min-weight"", ""0.0"", ""--lr-encoding"", ""binary"", ""--lr-solver"", ""auto"", ""--lr-matrix-free-threshold"", ""700"", ""--lr-matrix-free-max-iter"", ""8"", ""--lr-matrix-free-tol"", ""0.0001"", ""--lr-matrix-free-step-scale"", ""0.5"", ""--lr-matrix-free-dtype"", ""float32"", ""--build-building-blocks"", ""false"", ""--bb-weight-mode"", ""positive"", ""--bb-search-mode"", ""none"", ""--bb-min-block-size"", ""2"", ""--bb-max-blocks"", ""20"", ""--bb-snapshot-interval"", ""1"", ""--bb-external-penalty"", ""0.25"", ""--bb-size-penalty"", ""0.01"", ""--bb-pattern-top-fraction"", ""0.2"", ""--bb-pattern-min-support"", ""2"", ""--bb-refine-fraction"", ""0.2"", ""--bb-accept-equal-sparser"", ""true"", ""--bb-shuffle-blocks"", ""true"", ""--bb-signed-repair-probability"", ""0.75"", ""--pre-lr-explore"", ""false"", ""--pre-lr-mutation-multiplier"", ""3.0"", ""--pre-lr-immigrant-rate"", ""0.1"", ""--artifact-layout"", ""nested"", ""--write-aggregate-outputs"", ""false"", ""--lr-expected-edges"", ""60"", ""--lr-refit-expected-edges"", ""30"", ""--bb-gawll-update-interval"", ""10"", ""--bb-max-refine-trials"", ""10"", ""--repeat-id"", ""1"", ""--outer-fold-id"", ""2""]"
55,Bioresponse_task363620,2,0,1,3,..\Results\results_fs_uniform_positive_medium_highdim\Bioresponse_task363620\standard_ga,"[""Bioresponse_task363620"", ""2"", ""0"", ""--data-dir"", ""../Dataset/prepared_feature_selection"", ""--output-dir"", ""..\\Results\\results_fs_uniform_positive_medium_highdim\\Bioresponse_task363620\\standard_ga"", ""--outer-folds"", ""4"", ""--inner-folds"", ""4"", ""--repeats"", ""3"", ""--seed"", ""1"", ""--shuffle"", ""true"", ""--popsize"", ""100"", ""--p-cross"", ""0.4"", ""--tournament-size"", ""3"", ""--tau-reset"", ""50"", ""--resetpop-rate"", ""0.99"", ""--local-search"", ""false"", ""--stop"", ""gen"", ""--max-gen"", ""100"", ""--edge-epsilon"", ""1e-06"", ""--save-generation-trace"", ""true"", ""--save-linkage-events"", ""false"", ""--save-graph-snapshots"", ""false"", ""--graph-snapshot-interval"", ""1"", ""--graph-snapshot-min-weight"", ""0.0"", ""--lr-gap-gen"", ""1"", ""--lr-min-samples"", ""10"", ""--lr-sparse-alpha"", ""0.001"", ""--lr-auto-alpha"", ""true"", ""--lr-alpha-c"", ""0.2"", ""--lr-delta"", ""0.05"", ""--lr-auto-min-samples"", ""true"", ""--lr-min-samples-c"", ""2.0"", ""--lr-stability-subsamples"", ""0"", ""--lr-stability-fraction"", ""0.75"", ""--lr-edge-min-weight"", ""0.0"", ""--lr-encoding"", ""binary"", ""--lr-solver"", ""auto"", ""--lr-matrix-free-threshold"", ""700"", ""--lr-matrix-free-max-iter"", ""8"", ""--lr-matrix-free-tol"", ""0.0001"", ""--lr-matrix-free-step-scale"", ""0.5"", ""--lr-matrix-free-dtype"", ""float32"", ""--build-building-blocks"", ""false"", ""--bb-weight-mode"", ""positive"", ""--bb-search-mode"", ""none"", ""--bb-min-block-size"", ""2"", ""--bb-max-blocks"", ""20"", ""--bb-snapshot-interval"", ""1"", ""--bb-external-penalty"", ""0.25"", ""--bb-size-penalty"", ""0.01"", ""--bb-pattern-top-fraction"", ""0.2"", ""--bb-pattern-min-support"", ""2"", ""--bb-refine-fraction"", ""0.2"", ""--bb-accept-equal-sparser"", ""true"", ""--bb-shuffle-blocks"", ""true"", ""--bb-signed-repair-probability"", ""0.75"", ""--pre-lr-explore"", ""false"", ""--pre-lr-mutation-multiplier"", ""3.0"", ""--pre-lr-immigrant-rate"", ""0.1"", ""--artifact-layout"", ""nested"", ""--write-aggregate-outputs"", ""false"", ""--lr-expected-edges"", ""60"", ""--lr-refit-expected-edges"", ""30"", ""--bb-gawll-update-interval"", ""10"", ""--bb-max-refine-trials"", ""10"", ""--repeat-id"", ""1"", ""--outer-fold-id"", ""3""]"
56,Bioresponse_task363620,2,0,2,0,..\Results\results_fs_uniform_positive_medium_highdim\Bioresponse_task363620\standard_ga,"[""Bioresponse_task363620"", ""2"", ""0"", ""--data-dir"", ""../Dataset/prepared_feature_selection"", ""--output-dir"", ""..\\Results\\results_fs_uniform_positive_medium_highdim\\Bioresponse_task363620\\standard_ga"", ""--outer-folds"", ""4"", ""--inner-folds"", ""4"", ""--repeats"", ""3"", ""--seed"", ""1"", ""--shuffle"", ""true"", ""--popsize"", ""100"", ""--p-cross"", ""0.4"", ""--tournament-size"", ""3"", ""--tau-reset"", ""50"", ""--resetpop-rate"", ""0.99"", ""--local-search"", ""false"", ""--stop"", ""gen"", ""--max-gen"", ""100"", ""--edge-epsilon"", ""1e-06"", ""--save-generation-trace"", ""true"", ""--save-linkage-events"", ""false"", ""--save-graph-snapshots"", ""false"", ""--graph-snapshot-interval"", ""1"", ""--graph-snapshot-min-weight"", ""0.0"", ""--lr-gap-gen"", ""1"", ""--lr-min-samples"", ""10"", ""--lr-sparse-alpha"", ""0.001"", ""--lr-auto-alpha"", ""true"", ""--lr-alpha-c"", ""0.2"", ""--lr-delta"", ""0.05"", ""--lr-auto-min-samples"", ""true"", ""--lr-min-samples-c"", ""2.0"", ""--lr-stability-subsamples"", ""0"", ""--lr-stability-fraction"", ""0.75"", ""--lr-edge-min-weight"", ""0.0"", ""--lr-encoding"", ""binary"", ""--lr-solver"", ""auto"", ""--lr-matrix-free-threshold"", ""700"", ""--lr-matrix-free-max-iter"", ""8"", ""--lr-matrix-free-tol"", ""0.0001"", ""--lr-matrix-free-step-scale"", ""0.5"", ""--lr-matrix-free-dtype"", ""float32"", ""--build-building-blocks"", ""false"", ""--bb-weight-mode"", ""positive"", ""--bb-search-mode"", ""none"", ""--bb-min-block-size"", ""2"", ""--bb-max-blocks"", ""20"", ""--bb-snapshot-interval"", ""1"", ""--bb-external-penalty"", ""0.25"", ""--bb-size-penalty"", ""0.01"", ""--bb-pattern-top-fraction"", ""0.2"", ""--bb-pattern-min-support"", ""2"", ""--bb-refine-fraction"", ""0.2"", ""--bb-accept-equal-sparser"", ""true"", ""--bb-shuffle-blocks"", ""true"", ""--bb-signed-repair-probability"", ""0.75"", ""--pre-lr-explore"", ""false"", ""--pre-lr-mutation-multiplier"", ""3.0"", ""--pre-lr-immigrant-rate"", ""0.1"", ""--artifact-layout"", ""nested"", ""--write-aggregate-outputs"", ""false"", ""--lr-expected-edges"", ""60"", ""--lr-refit-expected-edges"", ""30"", ""--bb-gawll-update-interval"", ""10"", ""--bb-max-refine-trials"", ""10"", ""--repeat-id"", ""2"", ""--outer-fold-id"", ""0""]"
57,Bioresponse_task363620,2,0,2,1,..\Results\results_fs_uniform_positive_medium_highdim\Bioresponse_task363620\standard_ga,"[""Bioresponse_task363620"", ""2"", ""0"", ""--data-dir"", ""../Dataset/prepared_feature_selection"", ""--output-dir"", ""..\\Results\\results_fs_uniform_positive_medium_highdim\\Bioresponse_task363620\\standard_ga"", ""--outer-folds"", ""4"", ""--inner-folds"", ""4"", ""--repeats"", ""3"", ""--seed"", ""1"", ""--shuffle"", ""true"", ""--popsize"", ""100"", ""--p-cross"", ""0.4"", ""--tournament-size"", ""3"", ""--tau-reset"", ""50"", ""--resetpop-rate"", ""0.99"", ""--local-search"", ""false"", ""--stop"", ""gen"", ""--max-gen"", ""100"", ""--edge-epsilon"", ""1e-06"", ""--save-generation-trace"", ""true"", ""--save-linkage-events"", ""false"", ""--save-graph-snapshots"", ""false"", ""--graph-snapshot-interval"", ""1"", ""--graph-snapshot-min-weight"", ""0.0"", ""--lr-gap-gen"", ""1"", ""--lr-min-samples"", ""10"", ""--lr-sparse-alpha"", ""0.001"", ""--lr-auto-alpha"", ""true"", ""--lr-alpha-c"", ""0.2"", ""--lr-delta"", ""0.05"", ""--lr-auto-min-samples"", ""true"", ""--lr-min-samples-c"", ""2.0"", ""--lr-stability-subsamples"", ""0"", ""--lr-stability-fraction"", ""0.75"", ""--lr-edge-min-weight"", ""0.0"", ""--lr-encoding"", ""binary"", ""--lr-solver"", ""auto"", ""--lr-matrix-free-threshold"", ""700"", ""--lr-matrix-free-max-iter"", ""8"", ""--lr-matrix-free-tol"", ""0.0001"", ""--lr-matrix-free-step-scale"", ""0.5"", ""--lr-matrix-free-dtype"", ""float32"", ""--build-building-blocks"", ""false"", ""--bb-weight-mode"", ""positive"", ""--bb-search-mode"", ""none"", ""--bb-min-block-size"", ""2"", ""--bb-max-blocks"", ""20"", ""--bb-snapshot-interval"", ""1"", ""--bb-external-penalty"", ""0.25"", ""--bb-size-penalty"", ""0.01"", ""--bb-pattern-top-fraction"", ""0.2"", ""--bb-pattern-min-support"", ""2"", ""--bb-refine-fraction"", ""0.2"", ""--bb-accept-equal-sparser"", ""true"", ""--bb-shuffle-blocks"", ""true"", ""--bb-signed-repair-probability"", ""0.75"", ""--pre-lr-explore"", ""false"", ""--pre-lr-mutation-multiplier"", ""3.0"", ""--pre-lr-immigrant-rate"", ""0.1"", ""--artifact-layout"", ""nested"", ""--write-aggregate-outputs"", ""false"", ""--lr-expected-edges"", ""60"", ""--lr-refit-expected-edges"", ""30"", ""--bb-gawll-update-interval"", ""10"", ""--bb-max-refine-trials"", ""10"", ""--repeat-id"", ""2"", ""--outer-fold-id"", ""1""]"
58,Bioresponse_task363620,2,0,2,2,..\Results\results_fs_uniform_positive_medium_highdim\Bioresponse_task363620\standard_ga,"[""Bioresponse_task363620"", ""2"", ""0"", ""--data-dir"", ""../Dataset/prepared_feature_selection"", ""--output-dir"", ""..\\Results\\results_fs_uniform_positive_medium_highdim\\Bioresponse_task363620\\standard_ga"", ""--outer-folds"", ""4"", ""--inner-folds"", ""4"", ""--repeats"", ""3"", ""--seed"", ""1"", ""--shuffle"", ""true"", ""--popsize"", ""100"", ""--p-cross"", ""0.4"", ""--tournament-size"", ""3"", ""--tau-reset"", ""50"", ""--resetpop-rate"", ""0.99"", ""--local-search"", ""false"", ""--stop"", ""gen"", ""--max-gen"", ""100"", ""--edge-epsilon"", ""1e-06"", ""--save-generation-trace"", ""true"", ""--save-linkage-events"", ""false"", ""--save-graph-snapshots"", ""false"", ""--graph-snapshot-interval"", ""1"", ""--graph-snapshot-min-weight"", ""0.0"", ""--lr-gap-gen"", ""1"", ""--lr-min-samples"", ""10"", ""--lr-sparse-alpha"", ""0.001"", ""--lr-auto-alpha"", ""true"", ""--lr-alpha-c"", ""0.2"", ""--lr-delta"", ""0.05"", ""--lr-auto-min-samples"", ""true"", ""--lr-min-samples-c"", ""2.0"", ""--lr-stability-subsamples"", ""0"", ""--lr-stability-fraction"", ""0.75"", ""--lr-edge-min-weight"", ""0.0"", ""--lr-encoding"", ""binary"", ""--lr-solver"", ""auto"", ""--lr-matrix-free-threshold"", ""700"", ""--lr-matrix-free-max-iter"", ""8"", ""--lr-matrix-free-tol"", ""0.0001"", ""--lr-matrix-free-step-scale"", ""0.5"", ""--lr-matrix-free-dtype"", ""float32"", ""--build-building-blocks"", ""false"", ""--bb-weight-mode"", ""positive"", ""--bb-search-mode"", ""none"", ""--bb-min-block-size"", ""2"", ""--bb-max-blocks"", ""20"", ""--bb-snapshot-interval"", ""1"", ""--bb-external-penalty"", ""0.25"", ""--bb-size-penalty"", ""0.01"", ""--bb-pattern-top-fraction"", ""0.2"", ""--bb-pattern-min-support"", ""2"", ""--bb-refine-fraction"", ""0.2"", ""--bb-accept-equal-sparser"", ""true"", ""--bb-shuffle-blocks"", ""true"", ""--bb-signed-repair-probability"", ""0.75"", ""--pre-lr-explore"", ""false"", ""--pre-lr-mutation-multiplier"", ""3.0"", ""--pre-lr-immigrant-rate"", ""0.1"", ""--artifact-layout"", ""nested"", ""--write-aggregate-outputs"", ""false"", ""--lr-expected-edges"", ""60"", ""--lr-refit-expected-edges"", ""30"", ""--bb-gawll-update-interval"", ""10"", ""--bb-max-refine-trials"", ""10"", ""--repeat-id"", ""2"", ""--outer-fold-id"", ""2""]"
59,Bioresponse_task363620,2,0,2,3,..\Results\results_fs_uniform_positive_medium_highdim\Bioresponse_task363620\standard_ga,"[""Bioresponse_task363620"", ""2"", ""0"", ""--data-dir"", ""../Dataset/prepared_feature_selection"", ""--output-dir"", ""..\\Results\\results_fs_uniform_positive_medium_highdim\\Bioresponse_task363620\\standard_ga"", ""--outer-folds"", ""4"", ""--inner-folds"", ""4"", ""--repeats"", ""3"", ""--seed"", ""1"", ""--shuffle"", ""true"", ""--popsize"", ""100"", ""--p-cross"", ""0.4"", ""--tournament-size"", ""3"", ""--tau-reset"", ""50"", ""--resetpop-rate"", ""0.99"", ""--local-search"", ""false"", ""--stop"", ""gen"", ""--max-gen"", ""100"", ""--edge-epsilon"", ""1e-06"", ""--save-generation-trace"", ""true"", ""--save-linkage-events"", ""false"", ""--save-graph-snapshots"", ""false"", ""--graph-snapshot-interval"", ""1"", ""--graph-snapshot-min-weight"", ""0.0"", ""--lr-gap-gen"", ""1"", ""--lr-min-samples"", ""10"", ""--lr-sparse-alpha"", ""0.001"", ""--lr-auto-alpha"", ""true"", ""--lr-alpha-c"", ""0.2"", ""--lr-delta"", ""0.05"", ""--lr-auto-min-samples"", ""true"", ""--lr-min-samples-c"", ""2.0"", ""--lr-stability-subsamples"", ""0"", ""--lr-stability-fraction"", ""0.75"", ""--lr-edge-min-weight"", ""0.0"", ""--lr-encoding"", ""binary"", ""--lr-solver"", ""auto"", ""--lr-matrix-free-threshold"", ""700"", ""--lr-matrix-free-max-iter"", ""8"", ""--lr-matrix-free-tol"", ""0.0001"", ""--lr-matrix-free-step-scale"", ""0.5"", ""--lr-matrix-free-dtype"", ""float32"", ""--build-building-blocks"", ""false"", ""--bb-weight-mode"", ""positive"", ""--bb-search-mode"", ""none"", ""--bb-min-block-size"", ""2"", ""--bb-max-blocks"", ""20"", ""--bb-snapshot-interval"", ""1"", ""--bb-external-penalty"", ""0.25"", ""--bb-size-penalty"", ""0.01"", ""--bb-pattern-top-fraction"", ""0.2"", ""--bb-pattern-min-support"", ""2"", ""--bb-refine-fraction"", ""0.2"", ""--bb-accept-equal-sparser"", ""true"", ""--bb-shuffle-blocks"", ""true"", ""--bb-signed-repair-probability"", ""0.75"", ""--pre-lr-explore"", ""false"", ""--pre-lr-mutation-multiplier"", ""3.0"", ""--pre-lr-immigrant-rate"", ""0.1"", ""--artifact-layout"", ""nested"", ""--write-aggregate-outputs"", ""false"", ""--lr-expected-edges"", ""60"", ""--lr-refit-expected-edges"", ""30"", ""--bb-gawll-update-interval"", ""10"", ""--bb-max-refine-trials"", ""10"", ""--repeat-id"", ""2"", ""--outer-fold-id"", ""3""]"
60,colon_asu,2,0,0,0,..\Results\results_fs_uniform_positive_medium_highdim\colon_asu\standard_ga,"[""colon_asu"", ""2"", ""0"", ""--data-dir"", ""../Dataset/prepared_feature_selection"", ""--output-dir"", ""..\\Results\\results_fs_uniform_positive_medium_highdim\\colon_asu\\standard_ga"", ""--outer-folds"", ""4"", ""--inner-folds"", ""4"", ""--repeats"", ""3"", ""--seed"", ""1"", ""--shuffle"", ""true"", ""--popsize"", ""100"", ""--p-cross"", ""0.4"", ""--tournament-size"", ""3"", ""--tau-reset"", ""50"", ""--resetpop-rate"", ""0.99"", ""--local-search"", ""false"", ""--stop"", ""gen"", ""--max-gen"", ""100"", ""--edge-epsilon"", ""1e-06"", ""--save-generation-trace"", ""true"", ""--save-linkage-events"", ""false"", ""--save-graph-snapshots"", ""false"", ""--graph-snapshot-interval"", ""1"", ""--graph-snapshot-min-weight"", ""0.0"", ""--lr-gap-gen"", ""1"", ""--lr-min-samples"", ""10"", ""--lr-sparse-alpha"", ""0.001"", ""--lr-auto-alpha"", ""true"", ""--lr-alpha-c"", ""0.2"", ""--lr-delta"", ""0.05"", ""--lr-auto-min-samples"", ""true"", ""--lr-min-samples-c"", ""2.0"", ""--lr-stability-subsamples"", ""0"", ""--lr-stability-fraction"", ""0.75"", ""--lr-edge-min-weight"", ""0.0"", ""--lr-encoding"", ""binary"", ""--lr-solver"", ""auto"", ""--lr-matrix-free-threshold"", ""700"", ""--lr-matrix-free-max-iter"", ""8"", ""--lr-matrix-free-tol"", ""0.0001"", ""--lr-matrix-free-step-scale"", ""0.5"", ""--lr-matrix-free-dtype"", ""float32"", ""--build-building-blocks"", ""false"", ""--bb-weight-mode"", ""positive"", ""--bb-search-mode"", ""none"", ""--bb-min-block-size"", ""2"", ""--bb-max-blocks"", ""20"", ""--bb-snapshot-interval"", ""1"", ""--bb-external-penalty"", ""0.25"", ""--bb-size-penalty"", ""0.01"", ""--bb-pattern-top-fraction"", ""0.2"", ""--bb-pattern-min-support"", ""2"", ""--bb-refine-fraction"", ""0.2"", ""--bb-accept-equal-sparser"", ""true"", ""--bb-shuffle-blocks"", ""true"", ""--bb-signed-repair-probability"", ""0.75"", ""--pre-lr-explore"", ""false"", ""--pre-lr-mutation-multiplier"", ""3.0"", ""--pre-lr-immigrant-rate"", ""0.1"", ""--artifact-layout"", ""nested"", ""--write-aggregate-outputs"", ""false"", ""--lr-expected-edges"", ""60"", ""--lr-refit-expected-edges"", ""30"", ""--bb-gawll-update-interval"", ""10"", ""--bb-max-refine-trials"", ""10"", ""--repeat-id"", ""0"", ""--outer-fold-id"", ""0""]"
61,colon_asu,2,0,0,1,..\Results\results_fs_uniform_positive_medium_highdim\colon_asu\standard_ga,"[""colon_asu"", ""2"", ""0"", ""--data-dir"", ""../Dataset/prepared_feature_selection"", ""--output-dir"", ""..\\Results\\results_fs_uniform_positive_medium_highdim\\colon_asu\\standard_ga"", ""--outer-folds"", ""4"", ""--inner-folds"", ""4"", ""--repeats"", ""3"", ""--seed"", ""1"", ""--shuffle"", ""true"", ""--popsize"", ""100"", ""--p-cross"", ""0.4"", ""--tournament-size"", ""3"", ""--tau-reset"", ""50"", ""--resetpop-rate"", ""0.99"", ""--local-search"", ""false"", ""--stop"", ""gen"", ""--max-gen"", ""100"", ""--edge-epsilon"", ""1e-06"", ""--save-generation-trace"", ""true"", ""--save-linkage-events"", ""false"", ""--save-graph-snapshots"", ""false"", ""--graph-snapshot-interval"", ""1"", ""--graph-snapshot-min-weight"", ""0.0"", ""--lr-gap-gen"", ""1"", ""--lr-min-samples"", ""10"", ""--lr-sparse-alpha"", ""0.001"", ""--lr-auto-alpha"", ""true"", ""--lr-alpha-c"", ""0.2"", ""--lr-delta"", ""0.05"", ""--lr-auto-min-samples"", ""true"", ""--lr-min-samples-c"", ""2.0"", ""--lr-stability-subsamples"", ""0"", ""--lr-stability-fraction"", ""0.75"", ""--lr-edge-min-weight"", ""0.0"", ""--lr-encoding"", ""binary"", ""--lr-solver"", ""auto"", ""--lr-matrix-free-threshold"", ""700"", ""--lr-matrix-free-max-iter"", ""8"", ""--lr-matrix-free-tol"", ""0.0001"", ""--lr-matrix-free-step-scale"", ""0.5"", ""--lr-matrix-free-dtype"", ""float32"", ""--build-building-blocks"", ""false"", ""--bb-weight-mode"", ""positive"", ""--bb-search-mode"", ""none"", ""--bb-min-block-size"", ""2"", ""--bb-max-blocks"", ""20"", ""--bb-snapshot-interval"", ""1"", ""--bb-external-penalty"", ""0.25"", ""--bb-size-penalty"", ""0.01"", ""--bb-pattern-top-fraction"", ""0.2"", ""--bb-pattern-min-support"", ""2"", ""--bb-refine-fraction"", ""0.2"", ""--bb-accept-equal-sparser"", ""true"", ""--bb-shuffle-blocks"", ""true"", ""--bb-signed-repair-probability"", ""0.75"", ""--pre-lr-explore"", ""false"", ""--pre-lr-mutation-multiplier"", ""3.0"", ""--pre-lr-immigrant-rate"", ""0.1"", ""--artifact-layout"", ""nested"", ""--write-aggregate-outputs"", ""false"", ""--lr-expected-edges"", ""60"", ""--lr-refit-expected-edges"", ""30"", ""--bb-gawll-update-interval"", ""10"", ""--bb-max-refine-trials"", ""10"", ""--repeat-id"", ""0"", ""--outer-fold-id"", ""1""]"
62,colon_asu,2,0,0,2,..\Results\results_fs_uniform_positive_medium_highdim\colon_asu\standard_ga,"[""colon_asu"", ""2"", ""0"", ""--data-dir"", ""../Dataset/prepared_feature_selection"", ""--output-dir"", ""..\\Results\\results_fs_uniform_positive_medium_highdim\\colon_asu\\standard_ga"", ""--outer-folds"", ""4"", ""--inner-folds"", ""4"", ""--repeats"", ""3"", ""--seed"", ""1"", ""--shuffle"", ""true"", ""--popsize"", ""100"", ""--p-cross"", ""0.4"", ""--tournament-size"", ""3"", ""--tau-reset"", ""50"", ""--resetpop-rate"", ""0.99"", ""--local-search"", ""false"", ""--stop"", ""gen"", ""--max-gen"", ""100"", ""--edge-epsilon"", ""1e-06"", ""--save-generation-trace"", ""true"", ""--save-linkage-events"", ""false"", ""--save-graph-snapshots"", ""false"", ""--graph-snapshot-interval"", ""1"", ""--graph-snapshot-min-weight"", ""0.0"", ""--lr-gap-gen"", ""1"", ""--lr-min-samples"", ""10"", ""--lr-sparse-alpha"", ""0.001"", ""--lr-auto-alpha"", ""true"", ""--lr-alpha-c"", ""0.2"", ""--lr-delta"", ""0.05"", ""--lr-auto-min-samples"", ""true"", ""--lr-min-samples-c"", ""2.0"", ""--lr-stability-subsamples"", ""0"", ""--lr-stability-fraction"", ""0.75"", ""--lr-edge-min-weight"", ""0.0"", ""--lr-encoding"", ""binary"", ""--lr-solver"", ""auto"", ""--lr-matrix-free-threshold"", ""700"", ""--lr-matrix-free-max-iter"", ""8"", ""--lr-matrix-free-tol"", ""0.0001"", ""--lr-matrix-free-step-scale"", ""0.5"", ""--lr-matrix-free-dtype"", ""float32"", ""--build-building-blocks"", ""false"", ""--bb-weight-mode"", ""positive"", ""--bb-search-mode"", ""none"", ""--bb-min-block-size"", ""2"", ""--bb-max-blocks"", ""20"", ""--bb-snapshot-interval"", ""1"", ""--bb-external-penalty"", ""0.25"", ""--bb-size-penalty"", ""0.01"", ""--bb-pattern-top-fraction"", ""0.2"", ""--bb-pattern-min-support"", ""2"", ""--bb-refine-fraction"", ""0.2"", ""--bb-accept-equal-sparser"", ""true"", ""--bb-shuffle-blocks"", ""true"", ""--bb-signed-repair-probability"", ""0.75"", ""--pre-lr-explore"", ""false"", ""--pre-lr-mutation-multiplier"", ""3.0"", ""--pre-lr-immigrant-rate"", ""0.1"", ""--artifact-layout"", ""nested"", ""--write-aggregate-outputs"", ""false"", ""--lr-expected-edges"", ""60"", ""--lr-refit-expected-edges"", ""30"", ""--bb-gawll-update-interval"", ""10"", ""--bb-max-refine-trials"", ""10"", ""--repeat-id"", ""0"", ""--outer-fold-id"", ""2""]"
63,colon_asu,2,0,0,3,..\Results\results_fs_uniform_positive_medium_highdim\colon_asu\standard_ga,"[""colon_asu"", ""2"", ""0"", ""--data-dir"", ""../Dataset/prepared_feature_selection"", ""--output-dir"", ""..\\Results\\results_fs_uniform_positive_medium_highdim\\colon_asu\\standard_ga"", ""--outer-folds"", ""4"", ""--inner-folds"", ""4"", ""--repeats"", ""3"", ""--seed"", ""1"", ""--shuffle"", ""true"", ""--popsize"", ""100"", ""--p-cross"", ""0.4"", ""--tournament-size"", ""3"", ""--tau-reset"", ""50"", ""--resetpop-rate"", ""0.99"", ""--local-search"", ""false"", ""--stop"", ""gen"", ""--max-gen"", ""100"", ""--edge-epsilon"", ""1e-06"", ""--save-generation-trace"", ""true"", ""--save-linkage-events"", ""false"", ""--save-graph-snapshots"", ""false"", ""--graph-snapshot-interval"", ""1"", ""--graph-snapshot-min-weight"", ""0.0"", ""--lr-gap-gen"", ""1"", ""--lr-min-samples"", ""10"", ""--lr-sparse-alpha"", ""0.001"", ""--lr-auto-alpha"", ""true"", ""--lr-alpha-c"", ""0.2"", ""--lr-delta"", ""0.05"", ""--lr-auto-min-samples"", ""true"", ""--lr-min-samples-c"", ""2.0"", ""--lr-stability-subsamples"", ""0"", ""--lr-stability-fraction"", ""0.75"", ""--lr-edge-min-weight"", ""0.0"", ""--lr-encoding"", ""binary"", ""--lr-solver"", ""auto"", ""--lr-matrix-free-threshold"", ""700"", ""--lr-matrix-free-max-iter"", ""8"", ""--lr-matrix-free-tol"", ""0.0001"", ""--lr-matrix-free-step-scale"", ""0.5"", ""--lr-matrix-free-dtype"", ""float32"", ""--build-building-blocks"", ""false"", ""--bb-weight-mode"", ""positive"", ""--bb-search-mode"", ""none"", ""--bb-min-block-size"", ""2"", ""--bb-max-blocks"", ""20"", ""--bb-snapshot-interval"", ""1"", ""--bb-external-penalty"", ""0.25"", ""--bb-size-penalty"", ""0.01"", ""--bb-pattern-top-fraction"", ""0.2"", ""--bb-pattern-min-support"", ""2"", ""--bb-refine-fraction"", ""0.2"", ""--bb-accept-equal-sparser"", ""true"", ""--bb-shuffle-blocks"", ""true"", ""--bb-signed-repair-probability"", ""0.75"", ""--pre-lr-explore"", ""false"", ""--pre-lr-mutation-multiplier"", ""3.0"", ""--pre-lr-immigrant-rate"", ""0.1"", ""--artifact-layout"", ""nested"", ""--write-aggregate-outputs"", ""false"", ""--lr-expected-edges"", ""60"", ""--lr-refit-expected-edges"", ""30"", ""--bb-gawll-update-interval"", ""10"", ""--bb-max-refine-trials"", ""10"", ""--repeat-id"", ""0"", ""--outer-fold-id"", ""3""]"
64,colon_asu,2,0,1,0,..\Results\results_fs_uniform_positive_medium_highdim\colon_asu\standard_ga,"[""colon_asu"", ""2"", ""0"", ""--data-dir"", ""../Dataset/prepared_feature_selection"", ""--output-dir"", ""..\\Results\\results_fs_uniform_positive_medium_highdim\\colon_asu\\standard_ga"", ""--outer-folds"", ""4"", ""--inner-folds"", ""4"", ""--repeats"", ""3"", ""--seed"", ""1"", ""--shuffle"", ""true"", ""--popsize"", ""100"", ""--p-cross"", ""0.4"", ""--tournament-size"", ""3"", ""--tau-reset"", ""50"", ""--resetpop-rate"", ""0.99"", ""--local-search"", ""false"", ""--stop"", ""gen"", ""--max-gen"", ""100"", ""--edge-epsilon"", ""1e-06"", ""--save-generation-trace"", ""true"", ""--save-linkage-events"", ""false"", ""--save-graph-snapshots"", ""false"", ""--graph-snapshot-interval"", ""1"", ""--graph-snapshot-min-weight"", ""0.0"", ""--lr-gap-gen"", ""1"", ""--lr-min-samples"", ""10"", ""--lr-sparse-alpha"", ""0.001"", ""--lr-auto-alpha"", ""true"", ""--lr-alpha-c"", ""0.2"", ""--lr-delta"", ""0.05"", ""--lr-auto-min-samples"", ""true"", ""--lr-min-samples-c"", ""2.0"", ""--lr-stability-subsamples"", ""0"", ""--lr-stability-fraction"", ""0.75"", ""--lr-edge-min-weight"", ""0.0"", ""--lr-encoding"", ""binary"", ""--lr-solver"", ""auto"", ""--lr-matrix-free-threshold"", ""700"", ""--lr-matrix-free-max-iter"", ""8"", ""--lr-matrix-free-tol"", ""0.0001"", ""--lr-matrix-free-step-scale"", ""0.5"", ""--lr-matrix-free-dtype"", ""float32"", ""--build-building-blocks"", ""false"", ""--bb-weight-mode"", ""positive"", ""--bb-search-mode"", ""none"", ""--bb-min-block-size"", ""2"", ""--bb-max-blocks"", ""20"", ""--bb-snapshot-interval"", ""1"", ""--bb-external-penalty"", ""0.25"", ""--bb-size-penalty"", ""0.01"", ""--bb-pattern-top-fraction"", ""0.2"", ""--bb-pattern-min-support"", ""2"", ""--bb-refine-fraction"", ""0.2"", ""--bb-accept-equal-sparser"", ""true"", ""--bb-shuffle-blocks"", ""true"", ""--bb-signed-repair-probability"", ""0.75"", ""--pre-lr-explore"", ""false"", ""--pre-lr-mutation-multiplier"", ""3.0"", ""--pre-lr-immigrant-rate"", ""0.1"", ""--artifact-layout"", ""nested"", ""--write-aggregate-outputs"", ""false"", ""--lr-expected-edges"", ""60"", ""--lr-refit-expected-edges"", ""30"", ""--bb-gawll-update-interval"", ""10"", ""--bb-max-refine-trials"", ""10"", ""--repeat-id"", ""1"", ""--outer-fold-id"", ""0""]"
65,colon_asu,2,0,1,1,..\Results\results_fs_uniform_positive_medium_highdim\colon_asu\standard_ga,"[""colon_asu"", ""2"", ""0"", ""--data-dir"", ""../Dataset/prepared_feature_selection"", ""--output-dir"", ""..\\Results\\results_fs_uniform_positive_medium_highdim\\colon_asu\\standard_ga"", ""--outer-folds"", ""4"", ""--inner-folds"", ""4"", ""--repeats"", ""3"", ""--seed"", ""1"", ""--shuffle"", ""true"", ""--popsize"", ""100"", ""--p-cross"", ""0.4"", ""--tournament-size"", ""3"", ""--tau-reset"", ""50"", ""--resetpop-rate"", ""0.99"", ""--local-search"", ""false"", ""--stop"", ""gen"", ""--max-gen"", ""100"", ""--edge-epsilon"", ""1e-06"", ""--save-generation-trace"", ""true"", ""--save-linkage-events"", ""false"", ""--save-graph-snapshots"", ""false"", ""--graph-snapshot-interval"", ""1"", ""--graph-snapshot-min-weight"", ""0.0"", ""--lr-gap-gen"", ""1"", ""--lr-min-samples"", ""10"", ""--lr-sparse-alpha"", ""0.001"", ""--lr-auto-alpha"", ""true"", ""--lr-alpha-c"", ""0.2"", ""--lr-delta"", ""0.05"", ""--lr-auto-min-samples"", ""true"", ""--lr-min-samples-c"", ""2.0"", ""--lr-stability-subsamples"", ""0"", ""--lr-stability-fraction"", ""0.75"", ""--lr-edge-min-weight"", ""0.0"", ""--lr-encoding"", ""binary"", ""--lr-solver"", ""auto"", ""--lr-matrix-free-threshold"", ""700"", ""--lr-matrix-free-max-iter"", ""8"", ""--lr-matrix-free-tol"", ""0.0001"", ""--lr-matrix-free-step-scale"", ""0.5"", ""--lr-matrix-free-dtype"", ""float32"", ""--build-building-blocks"", ""false"", ""--bb-weight-mode"", ""positive"", ""--bb-search-mode"", ""none"", ""--bb-min-block-size"", ""2"", ""--bb-max-blocks"", ""20"", ""--bb-snapshot-interval"", ""1"", ""--bb-external-penalty"", ""0.25"", ""--bb-size-penalty"", ""0.01"", ""--bb-pattern-top-fraction"", ""0.2"", ""--bb-pattern-min-support"", ""2"", ""--bb-refine-fraction"", ""0.2"", ""--bb-accept-equal-sparser"", ""true"", ""--bb-shuffle-blocks"", ""true"", ""--bb-signed-repair-probability"", ""0.75"", ""--pre-lr-explore"", ""false"", ""--pre-lr-mutation-multiplier"", ""3.0"", ""--pre-lr-immigrant-rate"", ""0.1"", ""--artifact-layout"", ""nested"", ""--write-aggregate-outputs"", ""false"", ""--lr-expected-edges"", ""60"", ""--lr-refit-expected-edges"", ""30"", ""--bb-gawll-update-interval"", ""10"", ""--bb-max-refine-trials"", ""10"", ""--repeat-id"", ""1"", ""--outer-fold-id"", ""1""]"
66,colon_asu,2,0,1,2,..\Results\results_fs_uniform_positive_medium_highdim\colon_asu\standard_ga,"[""colon_asu"", ""2"", ""0"", ""--data-dir"", ""../Dataset/prepared_feature_selection"", ""--output-dir"", ""..\\Results\\results_fs_uniform_positive_medium_highdim\\colon_asu\\standard_ga"", ""--outer-folds"", ""4"", ""--inner-folds"", ""4"", ""--repeats"", ""3"", ""--seed"", ""1"", ""--shuffle"", ""true"", ""--popsize"", ""100"", ""--p-cross"", ""0.4"", ""--tournament-size"", ""3"", ""--tau-reset"", ""50"", ""--resetpop-rate"", ""0.99"", ""--local-search"", ""false"", ""--stop"", ""gen"", ""--max-gen"", ""100"", ""--edge-epsilon"", ""1e-06"", ""--save-generation-trace"", ""true"", ""--save-linkage-events"", ""false"", ""--save-graph-snapshots"", ""false"", ""--graph-snapshot-interval"", ""1"", ""--graph-snapshot-min-weight"", ""0.0"", ""--lr-gap-gen"", ""1"", ""--lr-min-samples"", ""10"", ""--lr-sparse-alpha"", ""0.001"", ""--lr-auto-alpha"", ""true"", ""--lr-alpha-c"", ""0.2"", ""--lr-delta"", ""0.05"", ""--lr-auto-min-samples"", ""true"", ""--lr-min-samples-c"", ""2.0"", ""--lr-stability-subsamples"", ""0"", ""--lr-stability-fraction"", ""0.75"", ""--lr-edge-min-weight"", ""0.0"", ""--lr-encoding"", ""binary"", ""--lr-solver"", ""auto"", ""--lr-matrix-free-threshold"", ""700"", ""--lr-matrix-free-max-iter"", ""8"", ""--lr-matrix-free-tol"", ""0.0001"", ""--lr-matrix-free-step-scale"", ""0.5"", ""--lr-matrix-free-dtype"", ""float32"", ""--build-building-blocks"", ""false"", ""--bb-weight-mode"", ""positive"", ""--bb-search-mode"", ""none"", ""--bb-min-block-size"", ""2"", ""--bb-max-blocks"", ""20"", ""--bb-snapshot-interval"", ""1"", ""--bb-external-penalty"", ""0.25"", ""--bb-size-penalty"", ""0.01"", ""--bb-pattern-top-fraction"", ""0.2"", ""--bb-pattern-min-support"", ""2"", ""--bb-refine-fraction"", ""0.2"", ""--bb-accept-equal-sparser"", ""true"", ""--bb-shuffle-blocks"", ""true"", ""--bb-signed-repair-probability"", ""0.75"", ""--pre-lr-explore"", ""false"", ""--pre-lr-mutation-multiplier"", ""3.0"", ""--pre-lr-immigrant-rate"", ""0.1"", ""--artifact-layout"", ""nested"", ""--write-aggregate-outputs"", ""false"", ""--lr-expected-edges"", ""60"", ""--lr-refit-expected-edges"", ""30"", ""--bb-gawll-update-interval"", ""10"", ""--bb-max-refine-trials"", ""10"", ""--repeat-id"", ""1"", ""--outer-fold-id"", ""2""]"
67,colon_asu,2,0,1,3,..\Results\results_fs_uniform_positive_medium_highdim\colon_asu\standard_ga,"[""colon_asu"", ""2"", ""0"", ""--data-dir"", ""../Dataset/prepared_feature_selection"", ""--output-dir"", ""..\\Results\\results_fs_uniform_positive_medium_highdim\\colon_asu\\standard_ga"", ""--outer-folds"", ""4"", ""--inner-folds"", ""4"", ""--repeats"", ""3"", ""--seed"", ""1"", ""--shuffle"", ""true"", ""--popsize"", ""100"", ""--p-cross"", ""0.4"", ""--tournament-size"", ""3"", ""--tau-reset"", ""50"", ""--resetpop-rate"", ""0.99"", ""--local-search"", ""false"", ""--stop"", ""gen"", ""--max-gen"", ""100"", ""--edge-epsilon"", ""1e-06"", ""--save-generation-trace"", ""true"", ""--save-linkage-events"", ""false"", ""--save-graph-snapshots"", ""false"", ""--graph-snapshot-interval"", ""1"", ""--graph-snapshot-min-weight"", ""0.0"", ""--lr-gap-gen"", ""1"", ""--lr-min-samples"", ""10"", ""--lr-sparse-alpha"", ""0.001"", ""--lr-auto-alpha"", ""true"", ""--lr-alpha-c"", ""0.2"", ""--lr-delta"", ""0.05"", ""--lr-auto-min-samples"", ""true"", ""--lr-min-samples-c"", ""2.0"", ""--lr-stability-subsamples"", ""0"", ""--lr-stability-fraction"", ""0.75"", ""--lr-edge-min-weight"", ""0.0"", ""--lr-encoding"", ""binary"", ""--lr-solver"", ""auto"", ""--lr-matrix-free-threshold"", ""700"", ""--lr-matrix-free-max-iter"", ""8"", ""--lr-matrix-free-tol"", ""0.0001"", ""--lr-matrix-free-step-scale"", ""0.5"", ""--lr-matrix-free-dtype"", ""float32"", ""--build-building-blocks"", ""false"", ""--bb-weight-mode"", ""positive"", ""--bb-search-mode"", ""none"", ""--bb-min-block-size"", ""2"", ""--bb-max-blocks"", ""20"", ""--bb-snapshot-interval"", ""1"", ""--bb-external-penalty"", ""0.25"", ""--bb-size-penalty"", ""0.01"", ""--bb-pattern-top-fraction"", ""0.2"", ""--bb-pattern-min-support"", ""2"", ""--bb-refine-fraction"", ""0.2"", ""--bb-accept-equal-sparser"", ""true"", ""--bb-shuffle-blocks"", ""true"", ""--bb-signed-repair-probability"", ""0.75"", ""--pre-lr-explore"", ""false"", ""--pre-lr-mutation-multiplier"", ""3.0"", ""--pre-lr-immigrant-rate"", ""0.1"", ""--artifact-layout"", ""nested"", ""--write-aggregate-outputs"", ""false"", ""--lr-expected-edges"", ""60"", ""--lr-refit-expected-edges"", ""30"", ""--bb-gawll-update-interval"", ""10"", ""--bb-max-refine-trials"", ""10"", ""--repeat-id"", ""1"", ""--outer-fold-id"", ""3""]"
68,colon_asu,2,0,2,0,..\Results\results_fs_uniform_positive_medium_highdim\colon_asu\standard_ga,"[""colon_asu"", ""2"", ""0"", ""--data-dir"", ""../Dataset/prepared_feature_selection"", ""--output-dir"", ""..\\Results\\results_fs_uniform_positive_medium_highdim\\colon_asu\\standard_ga"", ""--outer-folds"", ""4"", ""--inner-folds"", ""4"", ""--repeats"", ""3"", ""--seed"", ""1"", ""--shuffle"", ""true"", ""--popsize"", ""100"", ""--p-cross"", ""0.4"", ""--tournament-size"", ""3"", ""--tau-reset"", ""50"", ""--resetpop-rate"", ""0.99"", ""--local-search"", ""false"", ""--stop"", ""gen"", ""--max-gen"", ""100"", ""--edge-epsilon"", ""1e-06"", ""--save-generation-trace"", ""true"", ""--save-linkage-events"", ""false"", ""--save-graph-snapshots"", ""false"", ""--graph-snapshot-interval"", ""1"", ""--graph-snapshot-min-weight"", ""0.0"", ""--lr-gap-gen"", ""1"", ""--lr-min-samples"", ""10"", ""--lr-sparse-alpha"", ""0.001"", ""--lr-auto-alpha"", ""true"", ""--lr-alpha-c"", ""0.2"", ""--lr-delta"", ""0.05"", ""--lr-auto-min-samples"", ""true"", ""--lr-min-samples-c"", ""2.0"", ""--lr-stability-subsamples"", ""0"", ""--lr-stability-fraction"", ""0.75"", ""--lr-edge-min-weight"", ""0.0"", ""--lr-encoding"", ""binary"", ""--lr-solver"", ""auto"", ""--lr-matrix-free-threshold"", ""700"", ""--lr-matrix-free-max-iter"", ""8"", ""--lr-matrix-free-tol"", ""0.0001"", ""--lr-matrix-free-step-scale"", ""0.5"", ""--lr-matrix-free-dtype"", ""float32"", ""--build-building-blocks"", ""false"", ""--bb-weight-mode"", ""positive"", ""--bb-search-mode"", ""none"", ""--bb-min-block-size"", ""2"", ""--bb-max-blocks"", ""20"", ""--bb-snapshot-interval"", ""1"", ""--bb-external-penalty"", ""0.25"", ""--bb-size-penalty"", ""0.01"", ""--bb-pattern-top-fraction"", ""0.2"", ""--bb-pattern-min-support"", ""2"", ""--bb-refine-fraction"", ""0.2"", ""--bb-accept-equal-sparser"", ""true"", ""--bb-shuffle-blocks"", ""true"", ""--bb-signed-repair-probability"", ""0.75"", ""--pre-lr-explore"", ""false"", ""--pre-lr-mutation-multiplier"", ""3.0"", ""--pre-lr-immigrant-rate"", ""0.1"", ""--artifact-layout"", ""nested"", ""--write-aggregate-outputs"", ""false"", ""--lr-expected-edges"", ""60"", ""--lr-refit-expected-edges"", ""30"", ""--bb-gawll-update-interval"", ""10"", ""--bb-max-refine-trials"", ""10"", ""--repeat-id"", ""2"", ""--outer-fold-id"", ""0""]"
69,colon_asu,2,0,2,1,..\Results\results_fs_uniform_positive_medium_highdim\colon_asu\standard_ga,"[""colon_asu"", ""2"", ""0"", ""--data-dir"", ""../Dataset/prepared_feature_selection"", ""--output-dir"", ""..\\Results\\results_fs_uniform_positive_medium_highdim\\colon_asu\\standard_ga"", ""--outer-folds"", ""4"", ""--inner-folds"", ""4"", ""--repeats"", ""3"", ""--seed"", ""1"", ""--shuffle"", ""true"", ""--popsize"", ""100"", ""--p-cross"", ""0.4"", ""--tournament-size"", ""3"", ""--tau-reset"", ""50"", ""--resetpop-rate"", ""0.99"", ""--local-search"", ""false"", ""--stop"", ""gen"", ""--max-gen"", ""100"", ""--edge-epsilon"", ""1e-06"", ""--save-generation-trace"", ""true"", ""--save-linkage-events"", ""false"", ""--save-graph-snapshots"", ""false"", ""--graph-snapshot-interval"", ""1"", ""--graph-snapshot-min-weight"", ""0.0"", ""--lr-gap-gen"", ""1"", ""--lr-min-samples"", ""10"", ""--lr-sparse-alpha"", ""0.001"", ""--lr-auto-alpha"", ""true"", ""--lr-alpha-c"", ""0.2"", ""--lr-delta"", ""0.05"", ""--lr-auto-min-samples"", ""true"", ""--lr-min-samples-c"", ""2.0"", ""--lr-stability-subsamples"", ""0"", ""--lr-stability-fraction"", ""0.75"", ""--lr-edge-min-weight"", ""0.0"", ""--lr-encoding"", ""binary"", ""--lr-solver"", ""auto"", ""--lr-matrix-free-threshold"", ""700"", ""--lr-matrix-free-max-iter"", ""8"", ""--lr-matrix-free-tol"", ""0.0001"", ""--lr-matrix-free-step-scale"", ""0.5"", ""--lr-matrix-free-dtype"", ""float32"", ""--build-building-blocks"", ""false"", ""--bb-weight-mode"", ""positive"", ""--bb-search-mode"", ""none"", ""--bb-min-block-size"", ""2"", ""--bb-max-blocks"", ""20"", ""--bb-snapshot-interval"", ""1"", ""--bb-external-penalty"", ""0.25"", ""--bb-size-penalty"", ""0.01"", ""--bb-pattern-top-fraction"", ""0.2"", ""--bb-pattern-min-support"", ""2"", ""--bb-refine-fraction"", ""0.2"", ""--bb-accept-equal-sparser"", ""true"", ""--bb-shuffle-blocks"", ""true"", ""--bb-signed-repair-probability"", ""0.75"", ""--pre-lr-explore"", ""false"", ""--pre-lr-mutation-multiplier"", ""3.0"", ""--pre-lr-immigrant-rate"", ""0.1"", ""--artifact-layout"", ""nested"", ""--write-aggregate-outputs"", ""false"", ""--lr-expected-edges"", ""60"", ""--lr-refit-expected-edges"", ""30"", ""--bb-gawll-update-interval"", ""10"", ""--bb-max-refine-trials"", ""10"", ""--repeat-id"", ""2"", ""--outer-fold-id"", ""1""]"
70,colon_asu,2,0,2,2,..\Results\results_fs_uniform_positive_medium_highdim\colon_asu\standard_ga,"[""colon_asu"", ""2"", ""0"", ""--data-dir"", ""../Dataset/prepared_feature_selection"", ""--output-dir"", ""..\\Results\\results_fs_uniform_positive_medium_highdim\\colon_asu\\standard_ga"", ""--outer-folds"", ""4"", ""--inner-folds"", ""4"", ""--repeats"", ""3"", ""--seed"", ""1"", ""--shuffle"", ""true"", ""--popsize"", ""100"", ""--p-cross"", ""0.4"", ""--tournament-size"", ""3"", ""--tau-reset"", ""50"", ""--resetpop-rate"", ""0.99"", ""--local-search"", ""false"", ""--stop"", ""gen"", ""--max-gen"", ""100"", ""--edge-epsilon"", ""1e-06"", ""--save-generation-trace"", ""true"", ""--save-linkage-events"", ""false"", ""--save-graph-snapshots"", ""false"", ""--graph-snapshot-interval"", ""1"", ""--graph-snapshot-min-weight"", ""0.0"", ""--lr-gap-gen"", ""1"", ""--lr-min-samples"", ""10"", ""--lr-sparse-alpha"", ""0.001"", ""--lr-auto-alpha"", ""true"", ""--lr-alpha-c"", ""0.2"", ""--lr-delta"", ""0.05"", ""--lr-auto-min-samples"", ""true"", ""--lr-min-samples-c"", ""2.0"", ""--lr-stability-subsamples"", ""0"", ""--lr-stability-fraction"", ""0.75"", ""--lr-edge-min-weight"", ""0.0"", ""--lr-encoding"", ""binary"", ""--lr-solver"", ""auto"", ""--lr-matrix-free-threshold"", ""700"", ""--lr-matrix-free-max-iter"", ""8"", ""--lr-matrix-free-tol"", ""0.0001"", ""--lr-matrix-free-step-scale"", ""0.5"", ""--lr-matrix-free-dtype"", ""float32"", ""--build-building-blocks"", ""false"", ""--bb-weight-mode"", ""positive"", ""--bb-search-mode"", ""none"", ""--bb-min-block-size"", ""2"", ""--bb-max-blocks"", ""20"", ""--bb-snapshot-interval"", ""1"", ""--bb-external-penalty"", ""0.25"", ""--bb-size-penalty"", ""0.01"", ""--bb-pattern-top-fraction"", ""0.2"", ""--bb-pattern-min-support"", ""2"", ""--bb-refine-fraction"", ""0.2"", ""--bb-accept-equal-sparser"", ""true"", ""--bb-shuffle-blocks"", ""true"", ""--bb-signed-repair-probability"", ""0.75"", ""--pre-lr-explore"", ""false"", ""--pre-lr-mutation-multiplier"", ""3.0"", ""--pre-lr-immigrant-rate"", ""0.1"", ""--artifact-layout"", ""nested"", ""--write-aggregate-outputs"", ""false"", ""--lr-expected-edges"", ""60"", ""--lr-refit-expected-edges"", ""30"", ""--bb-gawll-update-interval"", ""10"", ""--bb-max-refine-trials"", ""10"", ""--repeat-id"", ""2"", ""--outer-fold-id"", ""2""]"
71,colon_asu,2,0,2,3,..\Results\results_fs_uniform_positive_medium_highdim\colon_asu\standard_ga,"[""colon_asu"", ""2"", ""0"", ""--data-dir"", ""../Dataset/prepared_feature_selection"", ""--output-dir"", ""..\\Results\\results_fs_uniform_positive_medium_highdim\\colon_asu\\standard_ga"", ""--outer-folds"", ""4"", ""--inner-folds"", ""4"", ""--repeats"", ""3"", ""--seed"", ""1"", ""--shuffle"", ""true"", ""--popsize"", ""100"", ""--p-cross"", ""0.4"", ""--tournament-size"", ""3"", ""--tau-reset"", ""50"", ""--resetpop-rate"", ""0.99"", ""--local-search"", ""false"", ""--stop"", ""gen"", ""--max-gen"", ""100"", ""--edge-epsilon"", ""1e-06"", ""--save-generation-trace"", ""true"", ""--save-linkage-events"", ""false"", ""--save-graph-snapshots"", ""false"", ""--graph-snapshot-interval"", ""1"", ""--graph-snapshot-min-weight"", ""0.0"", ""--lr-gap-gen"", ""1"", ""--lr-min-samples"", ""10"", ""--lr-sparse-alpha"", ""0.001"", ""--lr-auto-alpha"", ""true"", ""--lr-alpha-c"", ""0.2"", ""--lr-delta"", ""0.05"", ""--lr-auto-min-samples"", ""true"", ""--lr-min-samples-c"", ""2.0"", ""--lr-stability-subsamples"", ""0"", ""--lr-stability-fraction"", ""0.75"", ""--lr-edge-min-weight"", ""0.0"", ""--lr-encoding"", ""binary"", ""--lr-solver"", ""auto"", ""--lr-matrix-free-threshold"", ""700"", ""--lr-matrix-free-max-iter"", ""8"", ""--lr-matrix-free-tol"", ""0.0001"", ""--lr-matrix-free-step-scale"", ""0.5"", ""--lr-matrix-free-dtype"", ""float32"", ""--build-building-blocks"", ""false"", ""--bb-weight-mode"", ""positive"", ""--bb-search-mode"", ""none"", ""--bb-min-block-size"", ""2"", ""--bb-max-blocks"", ""20"", ""--bb-snapshot-interval"", ""1"", ""--bb-external-penalty"", ""0.25"", ""--bb-size-penalty"", ""0.01"", ""--bb-pattern-top-fraction"", ""0.2"", ""--bb-pattern-min-support"", ""2"", ""--bb-refine-fraction"", ""0.2"", ""--bb-accept-equal-sparser"", ""true"", ""--bb-shuffle-blocks"", ""true"", ""--bb-signed-repair-probability"", ""0.75"", ""--pre-lr-explore"", ""false"", ""--pre-lr-mutation-multiplier"", ""3.0"", ""--pre-lr-immigrant-rate"", ""0.1"", ""--artifact-layout"", ""nested"", ""--write-aggregate-outputs"", ""false"", ""--lr-expected-edges"", ""60"", ""--lr-refit-expected-edges"", ""30"", ""--bb-gawll-update-interval"", ""10"", ""--bb-max-refine-trials"", ""10"", ""--repeat-id"", ""2"", ""--outer-fold-id"", ""3""]"
72,warpPIE10P_asu,2,0,0,0,..\Results\results_fs_uniform_positive_medium_highdim\warpPIE10P_asu\standard_ga,"[""warpPIE10P_asu"", ""2"", ""0"", ""--data-dir"", ""../Dataset/prepared_feature_selection"", ""--output-dir"", ""..\\Results\\results_fs_uniform_positive_medium_highdim\\warpPIE10P_asu\\standard_ga"", ""--outer-folds"", ""4"", ""--inner-folds"", ""4"", ""--repeats"", ""3"", ""--seed"", ""1"", ""--shuffle"", ""true"", ""--popsize"", ""100"", ""--p-cross"", ""0.4"", ""--tournament-size"", ""3"", ""--tau-reset"", ""50"", ""--resetpop-rate"", ""0.99"", ""--local-search"", ""false"", ""--stop"", ""gen"", ""--max-gen"", ""100"", ""--edge-epsilon"", ""1e-06"", ""--save-generation-trace"", ""true"", ""--save-linkage-events"", ""false"", ""--save-graph-snapshots"", ""false"", ""--graph-snapshot-interval"", ""1"", ""--graph-snapshot-min-weight"", ""0.0"", ""--lr-gap-gen"", ""1"", ""--lr-min-samples"", ""10"", ""--lr-sparse-alpha"", ""0.001"", ""--lr-auto-alpha"", ""true"", ""--lr-alpha-c"", ""0.2"", ""--lr-delta"", ""0.05"", ""--lr-auto-min-samples"", ""true"", ""--lr-min-samples-c"", ""2.0"", ""--lr-stability-subsamples"", ""0"", ""--lr-stability-fraction"", ""0.75"", ""--lr-edge-min-weight"", ""0.0"", ""--lr-encoding"", ""binary"", ""--lr-solver"", ""auto"", ""--lr-matrix-free-threshold"", ""700"", ""--lr-matrix-free-max-iter"", ""8"", ""--lr-matrix-free-tol"", ""0.0001"", ""--lr-matrix-free-step-scale"", ""0.5"", ""--lr-matrix-free-dtype"", ""float32"", ""--build-building-blocks"", ""false"", ""--bb-weight-mode"", ""positive"", ""--bb-search-mode"", ""none"", ""--bb-min-block-size"", ""2"", ""--bb-max-blocks"", ""20"", ""--bb-snapshot-interval"", ""1"", ""--bb-external-penalty"", ""0.25"", ""--bb-size-penalty"", ""0.01"", ""--bb-pattern-top-fraction"", ""0.2"", ""--bb-pattern-min-support"", ""2"", ""--bb-refine-fraction"", ""0.2"", ""--bb-accept-equal-sparser"", ""true"", ""--bb-shuffle-blocks"", ""true"", ""--bb-signed-repair-probability"", ""0.75"", ""--pre-lr-explore"", ""false"", ""--pre-lr-mutation-multiplier"", ""3.0"", ""--pre-lr-immigrant-rate"", ""0.1"", ""--artifact-layout"", ""nested"", ""--write-aggregate-outputs"", ""false"", ""--lr-expected-edges"", ""60"", ""--lr-refit-expected-edges"", ""30"", ""--bb-gawll-update-interval"", ""10"", ""--bb-max-refine-trials"", ""10"", ""--repeat-id"", ""0"", ""--outer-fold-id"", ""0""]"
73,warpPIE10P_asu,2,0,0,1,..\Results\results_fs_uniform_positive_medium_highdim\warpPIE10P_asu\standard_ga,"[""warpPIE10P_asu"", ""2"", ""0"", ""--data-dir"", ""../Dataset/prepared_feature_selection"", ""--output-dir"", ""..\\Results\\results_fs_uniform_positive_medium_highdim\\warpPIE10P_asu\\standard_ga"", ""--outer-folds"", ""4"", ""--inner-folds"", ""4"", ""--repeats"", ""3"", ""--seed"", ""1"", ""--shuffle"", ""true"", ""--popsize"", ""100"", ""--p-cross"", ""0.4"", ""--tournament-size"", ""3"", ""--tau-reset"", ""50"", ""--resetpop-rate"", ""0.99"", ""--local-search"", ""false"", ""--stop"", ""gen"", ""--max-gen"", ""100"", ""--edge-epsilon"", ""1e-06"", ""--save-generation-trace"", ""true"", ""--save-linkage-events"", ""false"", ""--save-graph-snapshots"", ""false"", ""--graph-snapshot-interval"", ""1"", ""--graph-snapshot-min-weight"", ""0.0"", ""--lr-gap-gen"", ""1"", ""--lr-min-samples"", ""10"", ""--lr-sparse-alpha"", ""0.001"", ""--lr-auto-alpha"", ""true"", ""--lr-alpha-c"", ""0.2"", ""--lr-delta"", ""0.05"", ""--lr-auto-min-samples"", ""true"", ""--lr-min-samples-c"", ""2.0"", ""--lr-stability-subsamples"", ""0"", ""--lr-stability-fraction"", ""0.75"", ""--lr-edge-min-weight"", ""0.0"", ""--lr-encoding"", ""binary"", ""--lr-solver"", ""auto"", ""--lr-matrix-free-threshold"", ""700"", ""--lr-matrix-free-max-iter"", ""8"", ""--lr-matrix-free-tol"", ""0.0001"", ""--lr-matrix-free-step-scale"", ""0.5"", ""--lr-matrix-free-dtype"", ""float32"", ""--build-building-blocks"", ""false"", ""--bb-weight-mode"", ""positive"", ""--bb-search-mode"", ""none"", ""--bb-min-block-size"", ""2"", ""--bb-max-blocks"", ""20"", ""--bb-snapshot-interval"", ""1"", ""--bb-external-penalty"", ""0.25"", ""--bb-size-penalty"", ""0.01"", ""--bb-pattern-top-fraction"", ""0.2"", ""--bb-pattern-min-support"", ""2"", ""--bb-refine-fraction"", ""0.2"", ""--bb-accept-equal-sparser"", ""true"", ""--bb-shuffle-blocks"", ""true"", ""--bb-signed-repair-probability"", ""0.75"", ""--pre-lr-explore"", ""false"", ""--pre-lr-mutation-multiplier"", ""3.0"", ""--pre-lr-immigrant-rate"", ""0.1"", ""--artifact-layout"", ""nested"", ""--write-aggregate-outputs"", ""false"", ""--lr-expected-edges"", ""60"", ""--lr-refit-expected-edges"", ""30"", ""--bb-gawll-update-interval"", ""10"", ""--bb-max-refine-trials"", ""10"", ""--repeat-id"", ""0"", ""--outer-fold-id"", ""1""]"
74,warpPIE10P_asu,2,0,0,2,..\Results\results_fs_uniform_positive_medium_highdim\warpPIE10P_asu\standard_ga,"[""warpPIE10P_asu"", ""2"", ""0"", ""--data-dir"", ""../Dataset/prepared_feature_selection"", ""--output-dir"", ""..\\Results\\results_fs_uniform_positive_medium_highdim\\warpPIE10P_asu\\standard_ga"", ""--outer-folds"", ""4"", ""--inner-folds"", ""4"", ""--repeats"", ""3"", ""--seed"", ""1"", ""--shuffle"", ""true"", ""--popsize"", ""100"", ""--p-cross"", ""0.4"", ""--tournament-size"", ""3"", ""--tau-reset"", ""50"", ""--resetpop-rate"", ""0.99"", ""--local-search"", ""false"", ""--stop"", ""gen"", ""--max-gen"", ""100"", ""--edge-epsilon"", ""1e-06"", ""--save-generation-trace"", ""true"", ""--save-linkage-events"", ""false"", ""--save-graph-snapshots"", ""false"", ""--graph-snapshot-interval"", ""1"", ""--graph-snapshot-min-weight"", ""0.0"", ""--lr-gap-gen"", ""1"", ""--lr-min-samples"", ""10"", ""--lr-sparse-alpha"", ""0.001"", ""--lr-auto-alpha"", ""true"", ""--lr-alpha-c"", ""0.2"", ""--lr-delta"", ""0.05"", ""--lr-auto-min-samples"", ""true"", ""--lr-min-samples-c"", ""2.0"", ""--lr-stability-subsamples"", ""0"", ""--lr-stability-fraction"", ""0.75"", ""--lr-edge-min-weight"", ""0.0"", ""--lr-encoding"", ""binary"", ""--lr-solver"", ""auto"", ""--lr-matrix-free-threshold"", ""700"", ""--lr-matrix-free-max-iter"", ""8"", ""--lr-matrix-free-tol"", ""0.0001"", ""--lr-matrix-free-step-scale"", ""0.5"", ""--lr-matrix-free-dtype"", ""float32"", ""--build-building-blocks"", ""false"", ""--bb-weight-mode"", ""positive"", ""--bb-search-mode"", ""none"", ""--bb-min-block-size"", ""2"", ""--bb-max-blocks"", ""20"", ""--bb-snapshot-interval"", ""1"", ""--bb-external-penalty"", ""0.25"", ""--bb-size-penalty"", ""0.01"", ""--bb-pattern-top-fraction"", ""0.2"", ""--bb-pattern-min-support"", ""2"", ""--bb-refine-fraction"", ""0.2"", ""--bb-accept-equal-sparser"", ""true"", ""--bb-shuffle-blocks"", ""true"", ""--bb-signed-repair-probability"", ""0.75"", ""--pre-lr-explore"", ""false"", ""--pre-lr-mutation-multiplier"", ""3.0"", ""--pre-lr-immigrant-rate"", ""0.1"", ""--artifact-layout"", ""nested"", ""--write-aggregate-outputs"", ""false"", ""--lr-expected-edges"", ""60"", ""--lr-refit-expected-edges"", ""30"", ""--bb-gawll-update-interval"", ""10"", ""--bb-max-refine-trials"", ""10"", ""--repeat-id"", ""0"", ""--outer-fold-id"", ""2""]"
75,warpPIE10P_asu,2,0,0,3,..\Results\results_fs_uniform_positive_medium_highdim\warpPIE10P_asu\standard_ga,"[""warpPIE10P_asu"", ""2"", ""0"", ""--data-dir"", ""../Dataset/prepared_feature_selection"", ""--output-dir"", ""..\\Results\\results_fs_uniform_positive_medium_highdim\\warpPIE10P_asu\\standard_ga"", ""--outer-folds"", ""4"", ""--inner-folds"", ""4"", ""--repeats"", ""3"", ""--seed"", ""1"", ""--shuffle"", ""true"", ""--popsize"", ""100"", ""--p-cross"", ""0.4"", ""--tournament-size"", ""3"", ""--tau-reset"", ""50"", ""--resetpop-rate"", ""0.99"", ""--local-search"", ""false"", ""--stop"", ""gen"", ""--max-gen"", ""100"", ""--edge-epsilon"", ""1e-06"", ""--save-generation-trace"", ""true"", ""--save-linkage-events"", ""false"", ""--save-graph-snapshots"", ""false"", ""--graph-snapshot-interval"", ""1"", ""--graph-snapshot-min-weight"", ""0.0"", ""--lr-gap-gen"", ""1"", ""--lr-min-samples"", ""10"", ""--lr-sparse-alpha"", ""0.001"", ""--lr-auto-alpha"", ""true"", ""--lr-alpha-c"", ""0.2"", ""--lr-delta"", ""0.05"", ""--lr-auto-min-samples"", ""true"", ""--lr-min-samples-c"", ""2.0"", ""--lr-stability-subsamples"", ""0"", ""--lr-stability-fraction"", ""0.75"", ""--lr-edge-min-weight"", ""0.0"", ""--lr-encoding"", ""binary"", ""--lr-solver"", ""auto"", ""--lr-matrix-free-threshold"", ""700"", ""--lr-matrix-free-max-iter"", ""8"", ""--lr-matrix-free-tol"", ""0.0001"", ""--lr-matrix-free-step-scale"", ""0.5"", ""--lr-matrix-free-dtype"", ""float32"", ""--build-building-blocks"", ""false"", ""--bb-weight-mode"", ""positive"", ""--bb-search-mode"", ""none"", ""--bb-min-block-size"", ""2"", ""--bb-max-blocks"", ""20"", ""--bb-snapshot-interval"", ""1"", ""--bb-external-penalty"", ""0.25"", ""--bb-size-penalty"", ""0.01"", ""--bb-pattern-top-fraction"", ""0.2"", ""--bb-pattern-min-support"", ""2"", ""--bb-refine-fraction"", ""0.2"", ""--bb-accept-equal-sparser"", ""true"", ""--bb-shuffle-blocks"", ""true"", ""--bb-signed-repair-probability"", ""0.75"", ""--pre-lr-explore"", ""false"", ""--pre-lr-mutation-multiplier"", ""3.0"", ""--pre-lr-immigrant-rate"", ""0.1"", ""--artifact-layout"", ""nested"", ""--write-aggregate-outputs"", ""false"", ""--lr-expected-edges"", ""60"", ""--lr-refit-expected-edges"", ""30"", ""--bb-gawll-update-interval"", ""10"", ""--bb-max-refine-trials"", ""10"", ""--repeat-id"", ""0"", ""--outer-fold-id"", ""3""]"
76,warpPIE10P_asu,2,0,1,0,..\Results\results_fs_uniform_positive_medium_highdim\warpPIE10P_asu\standard_ga,"[""warpPIE10P_asu"", ""2"", ""0"", ""--data-dir"", ""../Dataset/prepared_feature_selection"", ""--output-dir"", ""..\\Results\\results_fs_uniform_positive_medium_highdim\\warpPIE10P_asu\\standard_ga"", ""--outer-folds"", ""4"", ""--inner-folds"", ""4"", ""--repeats"", ""3"", ""--seed"", ""1"", ""--shuffle"", ""true"", ""--popsize"", ""100"", ""--p-cross"", ""0.4"", ""--tournament-size"", ""3"", ""--tau-reset"", ""50"", ""--resetpop-rate"", ""0.99"", ""--local-search"", ""false"", ""--stop"", ""gen"", ""--max-gen"", ""100"", ""--edge-epsilon"", ""1e-06"", ""--save-generation-trace"", ""true"", ""--save-linkage-events"", ""false"", ""--save-graph-snapshots"", ""false"", ""--graph-snapshot-interval"", ""1"", ""--graph-snapshot-min-weight"", ""0.0"", ""--lr-gap-gen"", ""1"", ""--lr-min-samples"", ""10"", ""--lr-sparse-alpha"", ""0.001"", ""--lr-auto-alpha"", ""true"", ""--lr-alpha-c"", ""0.2"", ""--lr-delta"", ""0.05"", ""--lr-auto-min-samples"", ""true"", ""--lr-min-samples-c"", ""2.0"", ""--lr-stability-subsamples"", ""0"", ""--lr-stability-fraction"", ""0.75"", ""--lr-edge-min-weight"", ""0.0"", ""--lr-encoding"", ""binary"", ""--lr-solver"", ""auto"", ""--lr-matrix-free-threshold"", ""700"", ""--lr-matrix-free-max-iter"", ""8"", ""--lr-matrix-free-tol"", ""0.0001"", ""--lr-matrix-free-step-scale"", ""0.5"", ""--lr-matrix-free-dtype"", ""float32"", ""--build-building-blocks"", ""false"", ""--bb-weight-mode"", ""positive"", ""--bb-search-mode"", ""none"", ""--bb-min-block-size"", ""2"", ""--bb-max-blocks"", ""20"", ""--bb-snapshot-interval"", ""1"", ""--bb-external-penalty"", ""0.25"", ""--bb-size-penalty"", ""0.01"", ""--bb-pattern-top-fraction"", ""0.2"", ""--bb-pattern-min-support"", ""2"", ""--bb-refine-fraction"", ""0.2"", ""--bb-accept-equal-sparser"", ""true"", ""--bb-shuffle-blocks"", ""true"", ""--bb-signed-repair-probability"", ""0.75"", ""--pre-lr-explore"", ""false"", ""--pre-lr-mutation-multiplier"", ""3.0"", ""--pre-lr-immigrant-rate"", ""0.1"", ""--artifact-layout"", ""nested"", ""--write-aggregate-outputs"", ""false"", ""--lr-expected-edges"", ""60"", ""--lr-refit-expected-edges"", ""30"", ""--bb-gawll-update-interval"", ""10"", ""--bb-max-refine-trials"", ""10"", ""--repeat-id"", ""1"", ""--outer-fold-id"", ""0""]"
77,warpPIE10P_asu,2,0,1,1,..\Results\results_fs_uniform_positive_medium_highdim\warpPIE10P_asu\standard_ga,"[""warpPIE10P_asu"", ""2"", ""0"", ""--data-dir"", ""../Dataset/prepared_feature_selection"", ""--output-dir"", ""..\\Results\\results_fs_uniform_positive_medium_highdim\\warpPIE10P_asu\\standard_ga"", ""--outer-folds"", ""4"", ""--inner-folds"", ""4"", ""--repeats"", ""3"", ""--seed"", ""1"", ""--shuffle"", ""true"", ""--popsize"", ""100"", ""--p-cross"", ""0.4"", ""--tournament-size"", ""3"", ""--tau-reset"", ""50"", ""--resetpop-rate"", ""0.99"", ""--local-search"", ""false"", ""--stop"", ""gen"", ""--max-gen"", ""100"", ""--edge-epsilon"", ""1e-06"", ""--save-generation-trace"", ""true"", ""--save-linkage-events"", ""false"", ""--save-graph-snapshots"", ""false"", ""--graph-snapshot-interval"", ""1"", ""--graph-snapshot-min-weight"", ""0.0"", ""--lr-gap-gen"", ""1"", ""--lr-min-samples"", ""10"", ""--lr-sparse-alpha"", ""0.001"", ""--lr-auto-alpha"", ""true"", ""--lr-alpha-c"", ""0.2"", ""--lr-delta"", ""0.05"", ""--lr-auto-min-samples"", ""true"", ""--lr-min-samples-c"", ""2.0"", ""--lr-stability-subsamples"", ""0"", ""--lr-stability-fraction"", ""0.75"", ""--lr-edge-min-weight"", ""0.0"", ""--lr-encoding"", ""binary"", ""--lr-solver"", ""auto"", ""--lr-matrix-free-threshold"", ""700"", ""--lr-matrix-free-max-iter"", ""8"", ""--lr-matrix-free-tol"", ""0.0001"", ""--lr-matrix-free-step-scale"", ""0.5"", ""--lr-matrix-free-dtype"", ""float32"", ""--build-building-blocks"", ""false"", ""--bb-weight-mode"", ""positive"", ""--bb-search-mode"", ""none"", ""--bb-min-block-size"", ""2"", ""--bb-max-blocks"", ""20"", ""--bb-snapshot-interval"", ""1"", ""--bb-external-penalty"", ""0.25"", ""--bb-size-penalty"", ""0.01"", ""--bb-pattern-top-fraction"", ""0.2"", ""--bb-pattern-min-support"", ""2"", ""--bb-refine-fraction"", ""0.2"", ""--bb-accept-equal-sparser"", ""true"", ""--bb-shuffle-blocks"", ""true"", ""--bb-signed-repair-probability"", ""0.75"", ""--pre-lr-explore"", ""false"", ""--pre-lr-mutation-multiplier"", ""3.0"", ""--pre-lr-immigrant-rate"", ""0.1"", ""--artifact-layout"", ""nested"", ""--write-aggregate-outputs"", ""false"", ""--lr-expected-edges"", ""60"", ""--lr-refit-expected-edges"", ""30"", ""--bb-gawll-update-interval"", ""10"", ""--bb-max-refine-trials"", ""10"", ""--repeat-id"", ""1"", ""--outer-fold-id"", ""1""]"
78,warpPIE10P_asu,2,0,1,2,..\Results\results_fs_uniform_positive_medium_highdim\warpPIE10P_asu\standard_ga,"[""warpPIE10P_asu"", ""2"", ""0"", ""--data-dir"", ""../Dataset/prepared_feature_selection"", ""--output-dir"", ""..\\Results\\results_fs_uniform_positive_medium_highdim\\warpPIE10P_asu\\standard_ga"", ""--outer-folds"", ""4"", ""--inner-folds"", ""4"", ""--repeats"", ""3"", ""--seed"", ""1"", ""--shuffle"", ""true"", ""--popsize"", ""100"", ""--p-cross"", ""0.4"", ""--tournament-size"", ""3"", ""--tau-reset"", ""50"", ""--resetpop-rate"", ""0.99"", ""--local-search"", ""false"", ""--stop"", ""gen"", ""--max-gen"", ""100"", ""--edge-epsilon"", ""1e-06"", ""--save-generation-trace"", ""true"", ""--save-linkage-events"", ""false"", ""--save-graph-snapshots"", ""false"", ""--graph-snapshot-interval"", ""1"", ""--graph-snapshot-min-weight"", ""0.0"", ""--lr-gap-gen"", ""1"", ""--lr-min-samples"", ""10"", ""--lr-sparse-alpha"", ""0.001"", ""--lr-auto-alpha"", ""true"", ""--lr-alpha-c"", ""0.2"", ""--lr-delta"", ""0.05"", ""--lr-auto-min-samples"", ""true"", ""--lr-min-samples-c"", ""2.0"", ""--lr-stability-subsamples"", ""0"", ""--lr-stability-fraction"", ""0.75"", ""--lr-edge-min-weight"", ""0.0"", ""--lr-encoding"", ""binary"", ""--lr-solver"", ""auto"", ""--lr-matrix-free-threshold"", ""700"", ""--lr-matrix-free-max-iter"", ""8"", ""--lr-matrix-free-tol"", ""0.0001"", ""--lr-matrix-free-step-scale"", ""0.5"", ""--lr-matrix-free-dtype"", ""float32"", ""--build-building-blocks"", ""false"", ""--bb-weight-mode"", ""positive"", ""--bb-search-mode"", ""none"", ""--bb-min-block-size"", ""2"", ""--bb-max-blocks"", ""20"", ""--bb-snapshot-interval"", ""1"", ""--bb-external-penalty"", ""0.25"", ""--bb-size-penalty"", ""0.01"", ""--bb-pattern-top-fraction"", ""0.2"", ""--bb-pattern-min-support"", ""2"", ""--bb-refine-fraction"", ""0.2"", ""--bb-accept-equal-sparser"", ""true"", ""--bb-shuffle-blocks"", ""true"", ""--bb-signed-repair-probability"", ""0.75"", ""--pre-lr-explore"", ""false"", ""--pre-lr-mutation-multiplier"", ""3.0"", ""--pre-lr-immigrant-rate"", ""0.1"", ""--artifact-layout"", ""nested"", ""--write-aggregate-outputs"", ""false"", ""--lr-expected-edges"", ""60"", ""--lr-refit-expected-edges"", ""30"", ""--bb-gawll-update-interval"", ""10"", ""--bb-max-refine-trials"", ""10"", ""--repeat-id"", ""1"", ""--outer-fold-id"", ""2""]"
79,warpPIE10P_asu,2,0,1,3,..\Results\results_fs_uniform_positive_medium_highdim\warpPIE10P_asu\standard_ga,"[""warpPIE10P_asu"", ""2"", ""0"", ""--data-dir"", ""../Dataset/prepared_feature_selection"", ""--output-dir"", ""..\\Results\\results_fs_uniform_positive_medium_highdim\\warpPIE10P_asu\\standard_ga"", ""--outer-folds"", ""4"", ""--inner-folds"", ""4"", ""--repeats"", ""3"", ""--seed"", ""1"", ""--shuffle"", ""true"", ""--popsize"", ""100"", ""--p-cross"", ""0.4"", ""--tournament-size"", ""3"", ""--tau-reset"", ""50"", ""--resetpop-rate"", ""0.99"", ""--local-search"", ""false"", ""--stop"", ""gen"", ""--max-gen"", ""100"", ""--edge-epsilon"", ""1e-06"", ""--save-generation-trace"", ""true"", ""--save-linkage-events"", ""false"", ""--save-graph-snapshots"", ""false"", ""--graph-snapshot-interval"", ""1"", ""--graph-snapshot-min-weight"", ""0.0"", ""--lr-gap-gen"", ""1"", ""--lr-min-samples"", ""10"", ""--lr-sparse-alpha"", ""0.001"", ""--lr-auto-alpha"", ""true"", ""--lr-alpha-c"", ""0.2"", ""--lr-delta"", ""0.05"", ""--lr-auto-min-samples"", ""true"", ""--lr-min-samples-c"", ""2.0"", ""--lr-stability-subsamples"", ""0"", ""--lr-stability-fraction"", ""0.75"", ""--lr-edge-min-weight"", ""0.0"", ""--lr-encoding"", ""binary"", ""--lr-solver"", ""auto"", ""--lr-matrix-free-threshold"", ""700"", ""--lr-matrix-free-max-iter"", ""8"", ""--lr-matrix-free-tol"", ""0.0001"", ""--lr-matrix-free-step-scale"", ""0.5"", ""--lr-matrix-free-dtype"", ""float32"", ""--build-building-blocks"", ""false"", ""--bb-weight-mode"", ""positive"", ""--bb-search-mode"", ""none"", ""--bb-min-block-size"", ""2"", ""--bb-max-blocks"", ""20"", ""--bb-snapshot-interval"", ""1"", ""--bb-external-penalty"", ""0.25"", ""--bb-size-penalty"", ""0.01"", ""--bb-pattern-top-fraction"", ""0.2"", ""--bb-pattern-min-support"", ""2"", ""--bb-refine-fraction"", ""0.2"", ""--bb-accept-equal-sparser"", ""true"", ""--bb-shuffle-blocks"", ""true"", ""--bb-signed-repair-probability"", ""0.75"", ""--pre-lr-explore"", ""false"", ""--pre-lr-mutation-multiplier"", ""3.0"", ""--pre-lr-immigrant-rate"", ""0.1"", ""--artifact-layout"", ""nested"", ""--write-aggregate-outputs"", ""false"", ""--lr-expected-edges"", ""60"", ""--lr-refit-expected-edges"", ""30"", ""--bb-gawll-update-interval"", ""10"", ""--bb-max-refine-trials"", ""10"", ""--repeat-id"", ""1"", ""--outer-fold-id"", ""3""]"
80,warpPIE10P_asu,2,0,2,0,..\Results\results_fs_uniform_positive_medium_highdim\warpPIE10P_asu\standard_ga,"[""warpPIE10P_asu"", ""2"", ""0"", ""--data-dir"", ""../Dataset/prepared_feature_selection"", ""--output-dir"", ""..\\Results\\results_fs_uniform_positive_medium_highdim\\warpPIE10P_asu\\standard_ga"", ""--outer-folds"", ""4"", ""--inner-folds"", ""4"", ""--repeats"", ""3"", ""--seed"", ""1"", ""--shuffle"", ""true"", ""--popsize"", ""100"", ""--p-cross"", ""0.4"", ""--tournament-size"", ""3"", ""--tau-reset"", ""50"", ""--resetpop-rate"", ""0.99"", ""--local-search"", ""false"", ""--stop"", ""gen"", ""--max-gen"", ""100"", ""--edge-epsilon"", ""1e-06"", ""--save-generation-trace"", ""true"", ""--save-linkage-events"", ""false"", ""--save-graph-snapshots"", ""false"", ""--graph-snapshot-interval"", ""1"", ""--graph-snapshot-min-weight"", ""0.0"", ""--lr-gap-gen"", ""1"", ""--lr-min-samples"", ""10"", ""--lr-sparse-alpha"", ""0.001"", ""--lr-auto-alpha"", ""true"", ""--lr-alpha-c"", ""0.2"", ""--lr-delta"", ""0.05"", ""--lr-auto-min-samples"", ""true"", ""--lr-min-samples-c"", ""2.0"", ""--lr-stability-subsamples"", ""0"", ""--lr-stability-fraction"", ""0.75"", ""--lr-edge-min-weight"", ""0.0"", ""--lr-encoding"", ""binary"", ""--lr-solver"", ""auto"", ""--lr-matrix-free-threshold"", ""700"", ""--lr-matrix-free-max-iter"", ""8"", ""--lr-matrix-free-tol"", ""0.0001"", ""--lr-matrix-free-step-scale"", ""0.5"", ""--lr-matrix-free-dtype"", ""float32"", ""--build-building-blocks"", ""false"", ""--bb-weight-mode"", ""positive"", ""--bb-search-mode"", ""none"", ""--bb-min-block-size"", ""2"", ""--bb-max-blocks"", ""20"", ""--bb-snapshot-interval"", ""1"", ""--bb-external-penalty"", ""0.25"", ""--bb-size-penalty"", ""0.01"", ""--bb-pattern-top-fraction"", ""0.2"", ""--bb-pattern-min-support"", ""2"", ""--bb-refine-fraction"", ""0.2"", ""--bb-accept-equal-sparser"", ""true"", ""--bb-shuffle-blocks"", ""true"", ""--bb-signed-repair-probability"", ""0.75"", ""--pre-lr-explore"", ""false"", ""--pre-lr-mutation-multiplier"", ""3.0"", ""--pre-lr-immigrant-rate"", ""0.1"", ""--artifact-layout"", ""nested"", ""--write-aggregate-outputs"", ""false"", ""--lr-expected-edges"", ""60"", ""--lr-refit-expected-edges"", ""30"", ""--bb-gawll-update-interval"", ""10"", ""--bb-max-refine-trials"", ""10"", ""--repeat-id"", ""2"", ""--outer-fold-id"", ""0""]"
81,warpPIE10P_asu,2,0,2,1,..\Results\results_fs_uniform_positive_medium_highdim\warpPIE10P_asu\standard_ga,"[""warpPIE10P_asu"", ""2"", ""0"", ""--data-dir"", ""../Dataset/prepared_feature_selection"", ""--output-dir"", ""..\\Results\\results_fs_uniform_positive_medium_highdim\\warpPIE10P_asu\\standard_ga"", ""--outer-folds"", ""4"", ""--inner-folds"", ""4"", ""--repeats"", ""3"", ""--seed"", ""1"", ""--shuffle"", ""true"", ""--popsize"", ""100"", ""--p-cross"", ""0.4"", ""--tournament-size"", ""3"", ""--tau-reset"", ""50"", ""--resetpop-rate"", ""0.99"", ""--local-search"", ""false"", ""--stop"", ""gen"", ""--max-gen"", ""100"", ""--edge-epsilon"", ""1e-06"", ""--save-generation-trace"", ""true"", ""--save-linkage-events"", ""false"", ""--save-graph-snapshots"", ""false"", ""--graph-snapshot-interval"", ""1"", ""--graph-snapshot-min-weight"", ""0.0"", ""--lr-gap-gen"", ""1"", ""--lr-min-samples"", ""10"", ""--lr-sparse-alpha"", ""0.001"", ""--lr-auto-alpha"", ""true"", ""--lr-alpha-c"", ""0.2"", ""--lr-delta"", ""0.05"", ""--lr-auto-min-samples"", ""true"", ""--lr-min-samples-c"", ""2.0"", ""--lr-stability-subsamples"", ""0"", ""--lr-stability-fraction"", ""0.75"", ""--lr-edge-min-weight"", ""0.0"", ""--lr-encoding"", ""binary"", ""--lr-solver"", ""auto"", ""--lr-matrix-free-threshold"", ""700"", ""--lr-matrix-free-max-iter"", ""8"", ""--lr-matrix-free-tol"", ""0.0001"", ""--lr-matrix-free-step-scale"", ""0.5"", ""--lr-matrix-free-dtype"", ""float32"", ""--build-building-blocks"", ""false"", ""--bb-weight-mode"", ""positive"", ""--bb-search-mode"", ""none"", ""--bb-min-block-size"", ""2"", ""--bb-max-blocks"", ""20"", ""--bb-snapshot-interval"", ""1"", ""--bb-external-penalty"", ""0.25"", ""--bb-size-penalty"", ""0.01"", ""--bb-pattern-top-fraction"", ""0.2"", ""--bb-pattern-min-support"", ""2"", ""--bb-refine-fraction"", ""0.2"", ""--bb-accept-equal-sparser"", ""true"", ""--bb-shuffle-blocks"", ""true"", ""--bb-signed-repair-probability"", ""0.75"", ""--pre-lr-explore"", ""false"", ""--pre-lr-mutation-multiplier"", ""3.0"", ""--pre-lr-immigrant-rate"", ""0.1"", ""--artifact-layout"", ""nested"", ""--write-aggregate-outputs"", ""false"", ""--lr-expected-edges"", ""60"", ""--lr-refit-expected-edges"", ""30"", ""--bb-gawll-update-interval"", ""10"", ""--bb-max-refine-trials"", ""10"", ""--repeat-id"", ""2"", ""--outer-fold-id"", ""1""]"
82,warpPIE10P_asu,2,0,2,2,..\Results\results_fs_uniform_positive_medium_highdim\warpPIE10P_asu\standard_ga,"[""warpPIE10P_asu"", ""2"", ""0"", ""--data-dir"", ""../Dataset/prepared_feature_selection"", ""--output-dir"", ""..\\Results\\results_fs_uniform_positive_medium_highdim\\warpPIE10P_asu\\standard_ga"", ""--outer-folds"", ""4"", ""--inner-folds"", ""4"", ""--repeats"", ""3"", ""--seed"", ""1"", ""--shuffle"", ""true"", ""--popsize"", ""100"", ""--p-cross"", ""0.4"", ""--tournament-size"", ""3"", ""--tau-reset"", ""50"", ""--resetpop-rate"", ""0.99"", ""--local-search"", ""false"", ""--stop"", ""gen"", ""--max-gen"", ""100"", ""--edge-epsilon"", ""1e-06"", ""--save-generation-trace"", ""true"", ""--save-linkage-events"", ""false"", ""--save-graph-snapshots"", ""false"", ""--graph-snapshot-interval"", ""1"", ""--graph-snapshot-min-weight"", ""0.0"", ""--lr-gap-gen"", ""1"", ""--lr-min-samples"", ""10"", ""--lr-sparse-alpha"", ""0.001"", ""--lr-auto-alpha"", ""true"", ""--lr-alpha-c"", ""0.2"", ""--lr-delta"", ""0.05"", ""--lr-auto-min-samples"", ""true"", ""--lr-min-samples-c"", ""2.0"", ""--lr-stability-subsamples"", ""0"", ""--lr-stability-fraction"", ""0.75"", ""--lr-edge-min-weight"", ""0.0"", ""--lr-encoding"", ""binary"", ""--lr-solver"", ""auto"", ""--lr-matrix-free-threshold"", ""700"", ""--lr-matrix-free-max-iter"", ""8"", ""--lr-matrix-free-tol"", ""0.0001"", ""--lr-matrix-free-step-scale"", ""0.5"", ""--lr-matrix-free-dtype"", ""float32"", ""--build-building-blocks"", ""false"", ""--bb-weight-mode"", ""positive"", ""--bb-search-mode"", ""none"", ""--bb-min-block-size"", ""2"", ""--bb-max-blocks"", ""20"", ""--bb-snapshot-interval"", ""1"", ""--bb-external-penalty"", ""0.25"", ""--bb-size-penalty"", ""0.01"", ""--bb-pattern-top-fraction"", ""0.2"", ""--bb-pattern-min-support"", ""2"", ""--bb-refine-fraction"", ""0.2"", ""--bb-accept-equal-sparser"", ""true"", ""--bb-shuffle-blocks"", ""true"", ""--bb-signed-repair-probability"", ""0.75"", ""--pre-lr-explore"", ""false"", ""--pre-lr-mutation-multiplier"", ""3.0"", ""--pre-lr-immigrant-rate"", ""0.1"", ""--artifact-layout"", ""nested"", ""--write-aggregate-outputs"", ""false"", ""--lr-expected-edges"", ""60"", ""--lr-refit-expected-edges"", ""30"", ""--bb-gawll-update-interval"", ""10"", ""--bb-max-refine-trials"", ""10"", ""--repeat-id"", ""2"", ""--outer-fold-id"", ""2""]"
83,warpPIE10P_asu,2,0,2,3,..\Results\results_fs_uniform_positive_medium_highdim\warpPIE10P_asu\standard_ga,"[""warpPIE10P_asu"", ""2"", ""0"", ""--data-dir"", ""../Dataset/prepared_feature_selection"", ""--output-dir"", ""..\\Results\\results_fs_uniform_positive_medium_highdim\\warpPIE10P_asu\\standard_ga"", ""--outer-folds"", ""4"", ""--inner-folds"", ""4"", ""--repeats"", ""3"", ""--seed"", ""1"", ""--shuffle"", ""true"", ""--popsize"", ""100"", ""--p-cross"", ""0.4"", ""--tournament-size"", ""3"", ""--tau-reset"", ""50"", ""--resetpop-rate"", ""0.99"", ""--local-search"", ""false"", ""--stop"", ""gen"", ""--max-gen"", ""100"", ""--edge-epsilon"", ""1e-06"", ""--save-generation-trace"", ""true"", ""--save-linkage-events"", ""false"", ""--save-graph-snapshots"", ""false"", ""--graph-snapshot-interval"", ""1"", ""--graph-snapshot-min-weight"", ""0.0"", ""--lr-gap-gen"", ""1"", ""--lr-min-samples"", ""10"", ""--lr-sparse-alpha"", ""0.001"", ""--lr-auto-alpha"", ""true"", ""--lr-alpha-c"", ""0.2"", ""--lr-delta"", ""0.05"", ""--lr-auto-min-samples"", ""true"", ""--lr-min-samples-c"", ""2.0"", ""--lr-stability-subsamples"", ""0"", ""--lr-stability-fraction"", ""0.75"", ""--lr-edge-min-weight"", ""0.0"", ""--lr-encoding"", ""binary"", ""--lr-solver"", ""auto"", ""--lr-matrix-free-threshold"", ""700"", ""--lr-matrix-free-max-iter"", ""8"", ""--lr-matrix-free-tol"", ""0.0001"", ""--lr-matrix-free-step-scale"", ""0.5"", ""--lr-matrix-free-dtype"", ""float32"", ""--build-building-blocks"", ""false"", ""--bb-weight-mode"", ""positive"", ""--bb-search-mode"", ""none"", ""--bb-min-block-size"", ""2"", ""--bb-max-blocks"", ""20"", ""--bb-snapshot-interval"", ""1"", ""--bb-external-penalty"", ""0.25"", ""--bb-size-penalty"", ""0.01"", ""--bb-pattern-top-fraction"", ""0.2"", ""--bb-pattern-min-support"", ""2"", ""--bb-refine-fraction"", ""0.2"", ""--bb-accept-equal-sparser"", ""true"", ""--bb-shuffle-blocks"", ""true"", ""--bb-signed-repair-probability"", ""0.75"", ""--pre-lr-explore"", ""false"", ""--pre-lr-mutation-multiplier"", ""3.0"", ""--pre-lr-immigrant-rate"", ""0.1"", ""--artifact-layout"", ""nested"", ""--write-aggregate-outputs"", ""false"", ""--lr-expected-edges"", ""60"", ""--lr-refit-expected-edges"", ""30"", ""--bb-gawll-update-interval"", ""10"", ""--bb-max-refine-trials"", ""10"", ""--repeat-id"", ""2"", ""--outer-fold-id"", ""3""]"
